mapNUm 	 mapName 	 width 	 height 	 StartX 	 StartY  	 GoalX 	 GoalY 	 optimalCost 	 ForwardverticesNum 	 BackwardverticesNum 	 times
1	00d.ma	412	395	354	322	356	325	3.82842712474	 5	 0 9e-06
2	00d.ma	412	395	324	54	322	53	2.41421356237	 3	 0 6e-06
3	00d.ma	412	395	39	214	38	217	3.41421356237	 5	 0 6e-06
4	00d.ma	412	395	321	99	322	97	2.41421356237	 3	 0 8e-06
5	00d.ma	412	395	165	44	164	44	1	 1	 0 6e-06
6	00d.ma	412	395	187	380	189	382	2.82842712474	 2	 0 7e-06
7	00d.ma	412	395	52	91	54	90	2.41421356237	 3	 0 7e-06
8	00d.ma	412	395	168	191	165	191	3	 3	 0 5e-06
9	00d.ma	412	395	205	215	206	218	3.41421356237	 5	 0 7e-06
10	00d.ma	412	395	216	339	214	341	2.82842712474	 2	 0 5e-06
11	00d.ma	412	395	181	372	179	366	6.82842712474	 14	 0 9e-06
12	00d.ma	412	395	266	375	269	369	7.24264068711	 15	 0 1e-05
13	00d.ma	412	395	308	299	315	298	7.41421356237	 13	 0 1e-05
14	00d.ma	412	395	171	173	173	169	4.82842712474	 8	 0 7e-06
15	00d.ma	412	395	344	7	337	8	7.41421356237	 13	 0 1.1e-05
16	00d.ma	412	395	132	98	127	102	6.65685424948	 9	 0 9e-06
17	00d.ma	412	395	350	383	351	378	5.41421356237	 9	 0 7e-06
18	00d.ma	412	395	245	326	248	322	5.24264068711	 7	 0 9e-06
19	00d.ma	412	395	214	17	215	12	5.41421356237	 9	 0 7e-06
20	00d.ma	412	395	226	320	231	320	5	 5	 0 7e-06
21	00d.ma	412	395	230	343	227	351	9.24264068711	 23	 0 1.4e-05
22	00d.ma	412	395	70	157	71	168	11.41421356237	 21	 0 1.2e-05
23	00d.ma	412	395	90	165	81	169	10.65685424948	 29	 0 1.4e-05
24	00d.ma	412	395	287	291	294	285	9.48528137422	 13	 0 1.1e-05
25	00d.ma	412	395	288	365	279	361	10.65685424948	 29	 0 1.5e-05
26	00d.ma	412	395	201	60	193	52	11.31370849896	 8	 0 9e-06
27	00d.ma	412	395	273	123	280	118	9.07106781185	 17	 0 1e-05
28	00d.ma	412	395	166	37	160	30	9.48528137422	 13	 0 1.1e-05
29	00d.ma	412	395	284	49	295	47	11.82842712474	 29	 0 1.3e-05
30	00d.ma	412	395	121	308	111	304	11.65685424948	 34	 0 1.5e-05
31	00d.ma	412	395	340	270	339	285	15.41421356237	 29	 0 1.2e-05
32	00d.ma	412	395	230	51	239	63	15.72792206133	 39	 0 1.7e-05
33	00d.ma	412	395	48	87	37	96	14.72792206133	 29	 0 1.6e-05
34	00d.ma	412	395	314	74	318	63	12.65685424948	 39	 0 2.8e-05
35	00d.ma	412	395	92	265	94	260	11.24264068711	 65	 0 2.5e-05
36	00d.ma	412	395	50	161	64	159	14.82842712474	 38	 0 1.8e-05
37	00d.ma	412	395	228	265	239	274	14.72792206133	 29	 0 1.6e-05
38	00d.ma	412	395	307	82	304	94	13.24264068711	 39	 0 1.5e-05
39	00d.ma	412	395	34	185	45	194	14.72792206133	 29	 0 1.6e-05
40	00d.ma	412	395	193	360	203	369	13.72792206133	 19	 0 1.5e-05
41	00d.ma	412	395	187	370	203	365	18.07106781185	 71	 0 2.2e-05
42	00d.ma	412	395	284	361	273	373	16.55634918607	 23	 0 1.6e-05
43	00d.ma	412	395	287	347	297	360	17.1421356237	 43	 0 1.9e-05
44	00d.ma	412	395	102	78	102	62	16	 16	 0 9e-06
45	00d.ma	412	395	291	366	274	368	17.82842712474	 47	 0 2.2e-05
46	00d.ma	412	395	224	17	209	11	17.48528137422	 69	 0 2.2e-05
47	00d.ma	412	395	47	215	40	202	17.55634918607	 83	 0 2.8e-05
48	00d.ma	412	395	26	180	41	176	16.65685424948	 59	 0 2.1e-05
49	00d.ma	412	395	310	30	294	34	17.65685424948	 64	 0 2.3e-05
50	00d.ma	412	395	271	163	289	167	19.65685424948	 65	 0 3.4e-05
51	00d.ma	412	395	250	355	257	334	23.89949493659	 119	 0 2.9e-05
52	00d.ma	412	395	91	236	74	230	21.1421356237	 77	 0 2.7e-05
53	00d.ma	412	395	106	150	126	154	22.48528137422	 82	 0 2.4e-05
54	00d.ma	412	395	340	70	342	90	22.24264068711	 55	 0 2.1e-05
55	00d.ma	412	395	263	255	276	239	21.38477631081	 55	 0 2.1e-05
56	00d.ma	412	395	249	386	260	369	21.55634918607	 83	 0 2.4e-05
57	00d.ma	412	395	353	386	348	365	23.07106781185	 101	 0 2.6e-05
58	00d.ma	412	395	136	264	151	248	22.21320343555	 29	 0 1.9e-05
59	00d.ma	412	395	128	135	123	117	20.07106781185	 72	 0 2.2e-05
60	00d.ma	412	395	175	355	197	357	22.82842712474	 62	 0 2.2e-05
61	00d.ma	412	395	93	258	83	238	24.1421356237	 100	 0 2.6e-05
62	00d.ma	412	395	171	22	193	23	24.07106781185	 85	 0 3.1e-05
63	00d.ma	412	395	316	329	300	348	25.62741699792	 67	 0 2.5e-05
64	00d.ma	412	395	42	205	37	182	25.07106781185	 113	 0 2.6e-05
65	00d.ma	412	395	309	352	331	359	24.89949493659	 127	 0 3.8e-05
66	00d.ma	412	395	228	294	252	286	27.31370849896	 152	 0 3.5e-05
67	00d.ma	412	395	320	133	341	131	24.07106781185	 102	 0 3.1e-05
68	00d.ma	412	395	257	372	243	353	24.79898987318	 89	 0 2.9e-05
69	00d.ma	412	395	226	234	243	253	26.04163056029	 53	 0 2.3e-05
70	00d.ma	412	395	282	201	274	180	24.31370849896	 125	 0 3e-05
71	00d.ma	412	395	290	210	281	185	28.72792206133	 169	 0 3.6e-05
72	00d.ma	412	395	157	333	184	330	28.24264068711	 99	 0 3.2e-05
73	00d.ma	412	395	219	364	248	357	31.89949493659	 183	 0 6.6e-05
74	00d.ma	412	395	324	370	295	370	29	 29	 0 2.3e-05
75	00d.ma	412	395	339	144	354	121	29.21320343555	 142	 0 3.7e-05
76	00d.ma	412	395	25	79	47	85	26.97056274844	 100	 0 3.2e-05
77	00d.ma	412	395	91	67	67	82	30.21320343555	 159	 0 4.8e-05
78	00d.ma	412	395	322	317	350	316	28.41421356237	 55	 0 2.2e-05
79	00d.ma	412	395	65	53	40	66	30.38477631081	 181	 0 4.7e-05
80	00d.ma	412	395	221	83	237	60	29.62741699792	 132	 0 3.4e-05
81	00d.ma	412	395	104	122	112	154	35.89949493659	 161	 0 3.8e-05
82	00d.ma	412	395	47	199	53	168	33.48528137422	 163	 0 3.9e-05
83	00d.ma	412	395	198	169	177	193	32.69848480977	 87	 0 3.3e-05
84	00d.ma	412	395	270	392	277	359	35.89949493659	 215	 0 4.5e-05
85	00d.ma	412	395	74	67	42	61	34.48528137422	 188	 0 4.9e-05
86	00d.ma	412	395	314	359	283	366	33.89949493659	 199	 0 6.5e-05
87	00d.ma	412	395	288	325	257	330	33.07106781185	 161	 0 4.8e-05
88	00d.ma	412	395	218	374	246	360	33.79898987318	 224	 0 5.1e-05
89	00d.ma	412	395	55	134	41	107	32.79898987318	 209	 0 4.5e-05
90	00d.ma	412	395	65	177	48	192	33.07106781185	 195	 0 5e-05
91	00d.ma	412	395	36	124	22	93	39.1421356237	 223	 0 5.2e-05
92	00d.ma	412	395	281	75	318	77	37.82842712474	 107	 0 3.7e-05
93	00d.ma	412	395	315	380	311	344	37.65685424948	 164	 0 3.8e-05
94	00d.ma	412	395	87	93	118	112	38.87005768503	 241	 0 6.3e-05
95	00d.ma	412	395	94	97	68	69	38.76955262162	 80	 0 3.1e-05
96	00d.ma	412	395	292	298	254	302	39.65685424948	 174	 0 4.9e-05
97	00d.ma	412	395	275	274	289	297	34.07106781185	 157	 0 4.3e-05
98	00d.ma	412	395	342	298	309	308	37.1421356237	 263	 0 6e-05
99	00d.ma	412	395	312	163	315	200	38.24264068711	 97	 0 3e-05
100	00d.ma	412	395	260	230	283	206	35.87005768503	 193	 0 5.7e-05
101	00d.ma	412	395	15	126	11	85	42.65685424948	 148	 0 3.7e-05
102	00d.ma	412	395	337	266	304	285	40.87005768503	 282	 0 6.1e-05
103	00d.ma	412	395	267	6	299	33	43.18376618399	 167	 0 4.9e-05
104	00d.ma	412	395	211	334	253	333	42.41421356237	 83	 0 3.5e-05
105	00d.ma	412	395	212	74	218	35	41.48528137422	 237	 0 4.9e-05
106	00d.ma	412	395	46	137	11	121	41.62741699792	 295	 0 5.9e-05
107	00d.ma	412	395	110	235	82	257	41.79898987318	 406	 0 0.0001
108	00d.ma	412	395	44	33	22	64	40.11269837214	 210	 0 5.5e-05
109	00d.ma	412	395	191	283	199	322	42.31370849896	 287	 0 5.5e-05
110	00d.ma	412	395	228	67	197	41	41.76955262162	 158	 0 4.5e-05
111	00d.ma	412	395	277	147	309	122	44.11269837214	 329	 0 7.8e-05
112	00d.ma	412	395	98	49	141	46	44.24264068711	 162	 0 4.9e-05
113	00d.ma	412	395	328	243	288	230	45.38477631081	 391	 0 8.8e-05
114	00d.ma	412	395	262	239	293	234	47.01219330873	 577	 0 0.000135
115	00d.ma	412	395	345	383	325	345	46.2842712474	 398	 0 7.6e-05
116	00d.ma	412	395	267	198	254	213	44.97056274844	 605	 0 0.000127
117	00d.ma	412	395	143	186	156	156	39.04163056029	 198	 0 5.7e-05
118	00d.ma	412	395	350	358	338	318	44.97056274844	 376	 0 7e-05
119	00d.ma	412	395	327	315	339	358	47.97056274844	 415	 0 7.8e-05
120	00d.ma	412	395	64	30	73	73	46.72792206133	 324	 0 6.4e-05
121	00d.ma	412	395	51	56	34	84	46.55634918607	 688	 0 0.000167
122	00d.ma	412	395	300	320	254	325	48.07106781185	 231	 0 7e-05
123	00d.ma	412	395	253	341	215	372	50.84062043347	 255	 0 7.4e-05
124	00d.ma	412	395	104	236	129	196	50.35533905925	 362	 0 7.5e-05
125	00d.ma	412	395	270	154	280	199	49.1421356237	 391	 0 7.3e-05
126	00d.ma	412	395	160	58	153	10	50.89949493659	 287	 0 5.9e-05
127	00d.ma	412	395	341	356	356	311	51.21320343555	 495	 0 8.5e-05
128	00d.ma	412	395	187	19	142	32	50.38477631081	 357	 0 9e-05
129	00d.ma	412	395	116	12	69	21	50.72792206133	 381	 0 0.000101
130	00d.ma	412	395	307	69	259	63	50.48528137422	 141	 0 4e-05
131	00d.ma	412	395	305	222	328	267	54.52691193451	 551	 0 9.8e-05
132	00d.ma	412	395	309	24	264	49	55.35533905925	 545	 0 0.000116
133	00d.ma	412	395	256	176	250	227	53.48528137422	 321	 0 5.9e-05
134	00d.ma	412	395	221	211	230	170	48.04163056029	 311	 0 6.8e-05
135	00d.ma	412	395	120	134	87	173	52.66904755821	 237	 0 6.2e-05
136	00d.ma	412	395	304	295	342	272	52.21320343555	 321	 0 7.5e-05
137	00d.ma	412	395	221	199	218	252	54.24264068711	 159	 0 3.7e-05
138	00d.ma	412	395	325	286	280	264	54.11269837214	 372	 0 8.4e-05
139	00d.ma	412	395	314	191	269	208	52.04163056029	 426	 0 9.6e-05
140	00d.ma	412	395	22	207	60	246	54.74011537006	 77	 0 3.9e-05
141	00d.ma	412	395	104	101	125	53	56.69848480977	 508	 0 0.000105
142	00d.ma	412	395	366	325	324	362	57.32590180769	 227	 0 6.9e-05
143	00d.ma	412	395	275	242	224	224	58.45584412266	 645	 0 0.000119
144	00d.ma	412	395	206	277	181	323	56.35533905925	 571	 0 0.000111
145	00d.ma	412	395	352	373	312	334	56.15432893243	 79	 0 3.6e-05
146	00d.ma	412	395	226	328	190	371	57.91168824532	 295	 0 7e-05
147	00d.ma	412	395	235	259	270	287	56.01219330873	 844	 0 0.000224
148	00d.ma	412	395	158	51	121	83	54.59797974636	 307	 0 8.5e-05
149	00d.ma	412	395	311	311	312	367	56.41421356237	 111	 0 3e-05
150	00d.ma	412	395	84	70	112	25	56.59797974636	 438	 0 8.3e-05
151	00d.ma	412	395	251	342	289	388	61.74011537006	 350	 0 8e-05
152	00d.ma	412	395	248	89	189	94	61.07106781185	 239	 0 8.6e-05
153	00d.ma	412	395	355	40	341	76	45.31370849896	 228	 0 5.8e-05
154	00d.ma	412	395	349	364	296	343	61.69848480977	 725	 0 0.000132
155	00d.ma	412	395	223	146	270	169	61.11269837214	 286	 0 7.7e-05
156	00d.ma	412	395	316	377	270	341	60.91168824532	 406	 0 8.3e-05
157	00d.ma	412	395	174	303	220	337	60.08326112058	 454	 0 0.000106
158	00d.ma	412	395	306	314	264	359	62.39696961954	 171	 0 5.8e-05
159	00d.ma	412	395	233	141	270	97	62.84062043347	 401	 0 8.9e-05
160	00d.ma	412	395	223	169	249	216	57.76955262162	 428	 0 8.9e-05
161	00d.ma	412	395	260	373	196	373	64	 64	 0 4.6e-05
162	00d.ma	412	395	67	16	130	10	65.48528137422	 405	 0 8.8e-05
163	00d.ma	412	395	288	249	251	217	65.52691193451	 819	 0 0.000203
164	00d.ma	412	395	89	193	118	138	67.01219330873	 565	 0 0.000103
165	00d.ma	412	395	352	230	346	167	65.48528137422	 370	 0 7.3e-05
166	00d.ma	412	395	117	124	91	179	65.76955262162	 783	 0 0.000139
167	00d.ma	412	395	292	360	314	302	67.11269837214	 850	 0 0.000146
168	00d.ma	412	395	89	75	146	69	66.11269837214	 773	 0 0.000165
169	00d.ma	412	395	245	288	235	228	64.1421356237	 560	 0 9.8e-05
170	00d.ma	412	395	54	93	17	140	64.08326112058	 470	 0 0.000107
171	00d.ma	412	395	201	54	250	99	68.22539674428	 295	 0 8.2e-05
172	00d.ma	412	395	303	317	237	322	68.07106781185	 209	 0 7.2e-05
173	00d.ma	412	395	133	43	71	58	68.21320343555	 732	 0 0.000144
174	00d.ma	412	395	58	95	65	159	68.55634918607	 467	 0 9.2e-05
175	00d.ma	412	395	106	159	97	95	68.55634918607	 547	 0 0.000111
176	00d.ma	412	395	268	353	326	321	71.25483399584	 890	 0 0.000154
177	00d.ma	412	395	159	21	225	16	68.07106781185	 329	 0 8.4e-05
178	00d.ma	412	395	365	192	315	146	69.05382386902	 190	 0 5.6e-05
179	00d.ma	412	395	38	111	76	167	71.74011537006	 740	 0 0.00014
180	00d.ma	412	395	91	110	74	156	68.25483399584	 800	 0 0.000181
181	00d.ma	412	395	41	226	63	164	73.35533905925	 730	 0 0.000147
182	00d.ma	412	395	340	154	390	194	74.76955262162	 704	 0 0.000182
183	00d.ma	412	395	153	344	218	327	72.04163056029	 881	 0 0.000157
184	00d.ma	412	395	260	29	195	54	75.35533905925	 941	 0 0.000184
185	00d.ma	412	395	62	179	124	149	75.25483399584	 1080	 0 0.000194
186	00d.ma	412	395	199	276	230	337	73.84062043347	 788	 0 0.000145
187	00d.ma	412	395	270	252	270	177	75	 75	 0 2.8e-05
188	00d.ma	412	395	249	352	214	292	74.49747468295	 743	 0 0.000135
189	00d.ma	412	395	274	213	296	150	72.11269837214	 662	 0 0.00012
190	00d.ma	412	395	181	379	253	371	75.31370849896	 584	 0 0.000118
191	00d.ma	412	395	164	48	108	49	62.21320343555	 308	 0 8.2e-05
192	00d.ma	412	395	51	195	97	245	77.49747468295	 927	 0 0.000254
193	00d.ma	412	395	263	47	192	54	73.89949493659	 367	 0 0.000109
194	00d.ma	412	395	35	135	64	69	78.01219330873	 1119	 0 0.000198
195	00d.ma	412	395	254	358	178	360	76.82842712474	 224	 0 7.9e-05
196	00d.ma	412	395	82	80	135	25	76.95331880561	 161	 0 5.3e-05
197	00d.ma	412	395	260	228	210	273	75.08326112058	 986	 0 0.000274
198	00d.ma	412	395	167	78	145	32	65.69848480977	 1322	 0 0.000322
199	00d.ma	412	395	273	33	337	61	75.59797974636	 960	 0 0.000182
200	00d.ma	412	395	72	132	84	73	77.22539674428	 932	 0 0.000198
201	00d.ma	412	395	160	155	120	199	76.76955262162	 788	 0 0.00019
202	00d.ma	412	395	69	205	8	161	79.22539674428	 685	 0 0.000125
203	00d.ma	412	395	83	133	20	91	80.39696961954	 667	 0 0.000126
204	00d.ma	412	395	332	147	381	203	79.81118318191	 694	 0 0.000173
205	00d.ma	412	395	291	198	232	248	82.63961030665	 798	 0 0.00019
206	00d.ma	412	395	12	115	78	147	79.25483399584	 721	 0 0.000145
207	00d.ma	412	395	81	31	105	81	62.2842712474	 543	 0 0.000108
208	00d.ma	412	395	390	96	316	76	82.2842712473999	 725	 0 0.00014
209	00d.ma	412	395	236	59	307	78	78.8700576850299	 580	 0 0.000127
210	00d.ma	412	395	326	275	265	317	78.39696961954	 500	 0 0.00013
211	00d.ma	412	395	94	154	19	167	86.18376618399	 1445	 0 0.000292
212	00d.ma	412	395	321	191	255	236	84.63961030665	 848	 0 0.000171
213	00d.ma	412	395	228	308	288	266	86.76955262162	 1997	 0 0.000677
214	00d.ma	412	395	12	56	46	128	86.08326112058	 1017	 0 0.000184
215	00d.ma	412	395	287	360	209	341	85.8700576850299	 1199	 0 0.000199
216	00d.ma	412	395	280	79	217	98	86.1837661839899	 638	 0 0.000147
217	00d.ma	412	395	60	229	125	197	81.5685424948	 1065	 0 0.000235
218	00d.ma	412	395	13	161	88	170	84.38477631081	 507	 0 0.000144
219	00d.ma	412	395	132	84	63	51	83.25483399584	 1082	 0 0.000193
220	00d.ma	412	395	103	197	75	271	85.5979797463599	 1314	 0 0.000225
221	00d.ma	412	395	6	132	90	148	90.6274169979199	 858	 0 0.00018
222	00d.ma	412	395	228	44	178	103	87.02438661746	 343	 0 9.5e-05
223	00d.ma	412	395	109	160	78	81	91.8406204334699	 665	 0 0.000136
224	00d.ma	412	395	278	122	200	153	90.8406204334699	 1171	 0 0.000224
225	00d.ma	412	395	191	74	143	57	55.04163056029	 482	 0 0.000131
226	00d.ma	412	395	256	69	196	14	86.2964645561299	 630	 0 0.000169
227	00d.ma	412	395	231	75	172	10	90.61017305509	 540	 0 0.000139
228	00d.ma	412	395	344	182	280	156	85.35533905925	 1680	 0 0.000418
229	00d.ma	412	395	113	45	138	123	88.3553390592499	 871	 0 0.000155
230	00d.ma	412	395	315	18	241	50	87.2548339958399	 1286	 0 0.000236
231	00d.ma	412	395	223	130	280	193	94.2253967442799	 879	 0 0.000203
232	00d.ma	412	395	298	271	249	220	92.4264068711	 1741	 0 0.000436
233	00d.ma	412	395	305	205	228	250	95.6396103066499	 1077	 0 0.00022
234	00d.ma	412	395	275	75	297	24	70.31370849896	 391	 0 9.9e-05
235	00d.ma	412	395	171	11	174	84	75.89949493659	 247	 0 5.9e-05
236	00d.ma	412	395	346	308	303	383	92.8111831819099	 1451	 0 0.000247
237	00d.ma	412	395	64	87	49	175	94.21320343555	 742	 0 0.000128
238	00d.ma	412	395	68	253	57	177	93.5269119345099	 2150	 0 0.000439
239	00d.ma	412	395	179	13	89	26	95.3847763108099	 1024	 0 0.000203
240	00d.ma	412	395	286	304	232	241	91.8111831819099	 1058	 0 0.00026
241	00d.ma	412	395	143	33	63	81	99.8822509937599	 1575	 0 0.00027
242	00d.ma	412	395	177	361	217	279	98.5685424947999	 1762	 0 0.000284
243	00d.ma	412	395	269	100	198	157	98.7106781184999	 563	 0 0.000139
244	00d.ma	412	395	248	22	327	55	92.66904755821	 1515	 0 0.000267
245	00d.ma	412	395	375	369	286	349	97.2842712473999	 1469	 0 0.000242
246	00d.ma	412	395	348	297	280	312	88.0538238690199	 2298	 0 0.000465
247	00d.ma	412	395	236	194	295	247	94.4680374313899	 1861	 0 0.0005
248	00d.ma	412	395	127	114	201	94	97.1543289324299	 1283	 0 0.000308
249	00d.ma	412	395	90	228	27	173	93.8822509937599	 731	 0 0.000182
250	00d.ma	412	395	199	333	286	361	98.5979797463599	 1739	 0 0.000288
251	00d.ma	412	395	149	74	107	160	103.39696961954	 1313	 0 0.000231
252	00d.ma	412	395	287	204	252	165	100.18376618399	 3590	 0 0.000834
253	00d.ma	412	395	316	240	321	340	102.07106781185	 575	 0 0.000101
254	00d.ma	412	395	268	13	199	74	96.6101730550899	 924	 0 0.000234
255	00d.ma	412	395	264	378	345	328	101.7106781185	 1631	 0 0.000269
256	00d.ma	412	395	263	146	356	166	102.94112549688	 1022	 0 0.000229
257	00d.ma	412	395	45	159	57	256	101.97056274844	 824	 0 0.000177
258	00d.ma	412	395	297	263	353	338	98.1959594927199	 960	 0 0.000283
259	00d.ma	412	395	129	117	87	203	103.39696961954	 1456	 0 0.000271
260	00d.ma	412	395	329	294	369	378	100.5685424948	 1817	 0 0.000313
261	00d.ma	412	395	306	373	204	365	105.31370849896	 854	 0 0.000166
262	00d.ma	412	395	272	337	171	350	106.38477631081	 1245	 0 0.000234
263	00d.ma	412	395	98	99	51	163	104.39696961954	 1341	 0 0.000288
264	00d.ma	412	395	73	115	65	204	105.5685424948	 2250	 0 0.000436
265	00d.ma	412	395	246	315	284	229	107.01219330873	 2715	 0 0.000524
266	00d.ma	412	395	336	151	303	228	99.45584412266	 1550	 0 0.000313
267	00d.ma	412	395	130	86	80	23	84.88225099376	 513	 0 0.00011
268	00d.ma	412	395	111	160	64	205	103.25483399584	 3694	 0 0.001007
269	00d.ma	412	395	141	92	207	14	105.33809511642	 830	 0 0.000161
270	00d.ma	412	395	147	88	95	12	98.1248916808699	 481	 0 0.00016
271	00d.ma	412	395	243	351	343	323	111.59797974636	 2116	 0 0.000371
272	00d.ma	412	395	232	175	266	268	107.08326112058	 1599	 0 0.000254
273	00d.ma	412	395	267	364	161	373	109.72792206133	 979	 0 0.000196
274	00d.ma	412	395	104	170	22	147	105.5685424948	 3114	 0 0.00063
275	00d.ma	412	395	43	193	124	141	108.39696961954	 1858	 0 0.000328
276	00d.ma	412	395	113	159	62	210	109.84062043347	 3914	 0 0.001049
277	00d.ma	412	395	111	37	24	94	110.61017305509	 1352	 0 0.00025
278	00d.ma	412	395	326	66	218	57	111.72792206133	 669	 0 0.000157
279	00d.ma	412	395	238	36	343	22	110.79898987318	 1342	 0 0.000239
280	00d.ma	412	395	268	268	337	298	100.49747468295	 1608	 0 0.000386
281	00d.ma	412	395	61	256	142	211	110.26702730457	 3182	 0 0.000773
282	00d.ma	412	395	113	31	26	95	115.26702730457	 1278	 0 0.000241
283	00d.ma	412	395	277	45	260	62	67.21320343555	 1811	 0 0.000414
284	00d.ma	412	395	29	129	53	230	113.2842712474	 661	 0 0.000124
285	00d.ma	412	395	321	136	352	237	113.84062043347	 1218	 0 0.000199
286	00d.ma	412	395	290	183	248	280	114.39696961954	 2152	 0 0.000371
287	00d.ma	412	395	59	149	50	37	115.72792206133	 828	 0 0.000146
288	00d.ma	412	395	265	288	249	180	114.62741699792	 1168	 0 0.000206
289	00d.ma	412	395	293	238	361	324	114.16652224116	 1275	 0 0.000239
290	00d.ma	412	395	286	388	318	288	113.25483399584	 2273	 0 0.000414
291	00d.ma	412	395	326	246	230	249	118.78174593035	 3096	 0 0.000641
292	00d.ma	412	395	166	368	222	274	117.19595949272	 2187	 0 0.000355
293	00d.ma	412	395	335	88	260	36	96.5391052432399	 1083	 0 0.000198
294	00d.ma	412	395	13	132	124	145	116.38477631081	 744	 0 0.000163
295	00d.ma	412	395	254	120	173	195	115.58073580353	 646	 0 0.000169
296	00d.ma	412	395	319	310	216	345	117.49747468295	 2045	 0 0.000357
297	00d.ma	412	395	253	146	319	237	118.33809511642	 1306	 0 0.000239
298	00d.ma	412	395	217	205	172	302	119.29646455613	 369	 0 9.6e-05
299	00d.ma	412	395	167	22	54	7	119.21320343555	 1512	 0 0.000278
300	00d.ma	412	395	321	37	208	50	118.38477631081	 1293	 0 0.000243
301	00d.ma	412	395	275	357	214	269	122.05382386902	 1964	 0 0.000438
302	00d.ma	412	395	14	60	30	172	121.79898987318	 1650	 0 0.000334
303	00d.ma	412	395	302	219	324	333	123.11269837214	 1963	 0 0.000306
304	00d.ma	412	395	330	139	210	135	121.65685424948	 552	 0 0.000125
305	00d.ma	412	395	310	148	247	229	118.46803743139	 1554	 0 0.000397
306	00d.ma	412	395	291	85	178	72	121.45584412266	 584	 0 0.000145
307	00d.ma	412	395	84	57	188	70	112.69848480977	 1251	 0 0.000265
308	00d.ma	412	395	99	264	43	168	122.7106781185	 1627	 0 0.000302
309	00d.ma	412	395	327	278	247	249	114.74011537006	 3964	 0 0.000927
310	00d.ma	412	395	261	290	315	332	108.04163056029	 2742	 0 0.00063
311	00d.ma	412	395	243	43	138	86	122.81118318191	 2108	 0 0.000383
312	00d.ma	412	395	139	32	215	89	110.78174593035	 1581	 0 0.000419
313	00d.ma	412	395	332	349	206	353	127.65685424948	 614	 0 0.000184
314	00d.ma	412	395	256	380	333	287	124.89444430249	 1325	 0 0.000238
315	00d.ma	412	395	56	239	121	167	124.05382386902	 4448	 0 0.001169
316	00d.ma	412	395	113	157	158	197	97.2842712474	 1173	 0 0.00025
317	00d.ma	412	395	98	136	30	227	123.8528137422	 2086	 0 0.00065
318	00d.ma	412	395	187	175	279	184	127.8528137422	 4592	 0 0.001016
319	00d.ma	412	395	124	115	42	197	123.58073580353	 1831	 0 0.000537
320	00d.ma	412	395	279	381	184	302	127.72287142723	 1359	 0 0.000245
321	00d.ma	412	395	325	152	298	264	126.11269837214	 1346	 0 0.000238
322	00d.ma	412	395	314	83	202	40	129.81118318191	 1399	 0 0.000266
323	00d.ma	412	395	126	91	45	9	126.09545442931	 2039	 0 0.00056
324	00d.ma	412	395	139	21	95	124	130.49747468295	 3633	 0 0.000905
325	00d.ma	412	395	297	301	259	199	127.01219330873	 4217	 0 0.000847
326	00d.ma	412	395	182	9	75	62	128.95331880561	 2452	 0 0.000456
327	00d.ma	412	395	319	345	275	285	114.87005768503	 5099	 0 0.001236
328	00d.ma	412	395	46	230	81	129	127.69848480977	 3432	 0 0.000764
329	00d.ma	412	395	270	204	340	197	91.4264068711	 2456	 0 0.000556
330	00d.ma	412	395	29	118	108	25	128.20815280145	 1605	 0 0.000344
331	00d.ma	412	395	164	366	297	367	133.41421356237	 265	 0 0.000101
332	00d.ma	412	395	145	199	205	138	126.88225099376	 2937	 0 0.000672
333	00d.ma	412	395	197	274	302	224	130.19595949272	 2920	 0 0.000593
334	00d.ma	412	395	367	196	287	204	95.7401153700599	 1037	 0 0.000236
335	00d.ma	412	395	299	254	324	134	130.35533905925	 1739	 0 0.000287
336	00d.ma	412	395	222	335	233	293	90.45584412266	 3491	 0 0.000849
337	00d.ma	412	395	296	192	373	194	92.0121933087299	 1034	 0 0.000215
338	00d.ma	412	395	218	284	281	274	93.4264068711	 3056	 0 0.000778
339	00d.ma	412	395	319	308	233	306	118.66904755821	 4073	 0 0.000866
340	00d.ma	412	395	259	120	357	196	132.40916292827	 1134	 0 0.000251
341	00d.ma	412	395	74	78	184	7	139.40916292827	 2625	 0 0.000443
342	00d.ma	412	395	231	217	163	325	136.16652224116	 1266	 0 0.00025
343	00d.ma	412	395	53	25	57	163	139.65685424948	 673	 0 0.000123
344	00d.ma	412	395	233	198	316	284	137.9949493659	 3561	 0 0.000891
345	00d.ma	412	395	316	227	269	346	138.46803743139	 2969	 0 0.000482
346	00d.ma	412	395	236	58	312	7	100.63961030665	 1482	 0 0.000273
347	00d.ma	412	395	149	69	24	95	136.59797974636	 1402	 0 0.0003
348	00d.ma	412	395	254	279	297	323	119.4264068711	 4685	 0 0.001094
349	00d.ma	412	395	176	85	51	105	137.4264068711	 1702	 0 0.000343
350	00d.ma	412	395	62	41	170	69	126.22539674428	 2335	 0 0.000483
351	00d.ma	412	395	94	68	80	195	143.5685424948	 2302	 0 0.000425
352	00d.ma	412	395	293	277	337	381	130.4264068711	 2840	 0 0.000474
353	00d.ma	412	395	157	362	226	251	139.58073580353	 2919	 0 0.000476
354	00d.ma	412	395	294	285	353	373	128.05382386902	 3028	 0 0.000517
355	00d.ma	412	395	105	251	44	134	142.26702730457	 2340	 0 0.000408
356	00d.ma	412	395	139	264	149	170	141.33809511642	 2887	 0 0.00068
357	00d.ma	412	395	180	304	286	392	142.45079348856	 1690	 0 0.00031
358	00d.ma	412	395	223	354	360	345	140.72792206133	 1289	 0 0.000238
359	00d.ma	412	395	194	101	287	50	118.22539674428	 2422	 0 0.000506
360	00d.ma	412	395	129	144	51	222	138.7106781185	 3919	 0 0.001076
361	00d.ma	412	395	369	327	227	334	144.89949493659	 1087	 0 0.000237
362	00d.ma	412	395	175	361	310	337	144.94112549688	 2799	 0 0.00047
363	00d.ma	412	395	150	173	84	153	117.39696961954	 1933	 0 0.000414
364	00d.ma	412	395	259	295	261	152	145.48528137422	 885	 0 0.000182
365	00d.ma	412	395	216	304	336	295	143.08326112058	 1382	 0 0.000299
366	00d.ma	412	395	201	37	305	115	146.26702730457	 2873	 0 0.000758
367	00d.ma	412	395	200	167	329	164	147.39696961954	 1371	 0 0.000338
368	00d.ma	412	395	305	227	297	361	142.2842712474	 2338	 0 0.000393
369	00d.ma	412	395	310	133	242	214	141.36753236798	 5049	 0 0.001286
370	00d.ma	412	395	361	87	238	49	138.74011537006	 2277	 0 0.000397
371	00d.ma	412	395	279	154	321	284	149.88225099376	 3031	 0 0.000494
372	00d.ma	412	395	244	343	263	242	133.92388155405	 2396	 0 0.000535
373	00d.ma	412	395	351	364	220	322	148.39696961954	 3869	 0 0.000638
374	00d.ma	412	395	173	86	297	101	150.74011537006	 4345	 0 0.000865
375	00d.ma	412	395	294	251	227	321	146.98275605717	 5718	 0 0.001365
376	00d.ma	412	395	210	311	355	325	150.79898987318	 896	 0 0.000214
377	00d.ma	412	395	311	80	186	18	150.68124086694	 1264	 0 0.000247
378	00d.ma	412	395	111	42	45	165	150.33809511642	 2399	 0 0.000427
379	00d.ma	412	395	292	111	259	28	109.25483399584	 1704	 0 0.000366
380	00d.ma	412	395	312	271	290	146	148.05382386902	 5336	 0 0.001131
381	00d.ma	412	395	103	106	93	252	154.2842712474	 1617	 0 0.000282
382	00d.ma	412	395	304	230	216	300	136.40916292827	 3101	 0 0.000676
383	00d.ma	412	395	293	45	252	87	117.62741699792	 6023	 0 0.001445
384	00d.ma	412	395	305	350	173	296	154.36753236798	 3211	 0 0.000501
385	00d.ma	412	395	97	185	92	41	154.35533905925	 2339	 0 0.000421
386	00d.ma	412	395	89	202	122	64	151.66904755821	 2269	 0 0.000392
387	00d.ma	412	395	290	200	358	325	153.16652224116	 3305	 0 0.000518
388	00d.ma	412	395	139	124	225	28	152.20815280145	 1950	 0 0.000449
389	00d.ma	412	395	111	71	88	217	155.52691193451	 2109	 0 0.000351
390	00d.ma	412	395	232	65	94	60	145.87005768503	 1966	 0 0.000438
391	00d.ma	412	395	225	341	272	226	140.26702730457	 1015	 0 0.000226
392	00d.ma	412	395	177	75	319	39	156.91168824532	 3047	 0 0.000519
393	00d.ma	412	395	198	301	334	286	158.78174593035	 3231	 0 0.000711
394	00d.ma	412	395	269	277	254	125	158.21320343555	 1866	 0 0.000331
395	00d.ma	412	395	81	166	79	27	158.88225099376	 3282	 0 0.00066
396	00d.ma	412	395	230	145	154	271	158.65180361538	 1624	 0 0.000309
397	00d.ma	412	395	316	256	233	380	158.37972567671	 2060	 0 0.000382
398	00d.ma	412	395	320	312	243	203	157.92388155405	 4159	 0 0.001061
399	00d.ma	412	395	244	231	328	317	156.26702730457	 7225	 0 0.001711
400	00d.ma	412	395	210	94	301	6	139.16652224116	 2666	 0 0.000658
401	00d.ma	412	395	100	166	197	59	160.06601717775	 2701	 0 0.000678
402	00d.ma	412	395	342	289	214	296	159.7106781185	 7724	 0 0.001823
403	00d.ma	412	395	197	73	346	91	159.76955262162	 2006	 0 0.000434
404	00d.ma	412	395	19	198	117	89	161.30865786486	 3625	 0 0.001133
405	00d.ma	412	395	221	188	268	142	128.63961030665	 3507	 0 0.000807
406	00d.ma	412	395	343	156	298	278	155.18376618399	 3713	 0 0.000689
407	00d.ma	412	395	250	56	105	18	162.49747468295	 2847	 0 0.000484
408	00d.ma	412	395	211	188	263	137	118.05382386902	 3214	 0 0.00077
409	00d.ma	412	395	251	340	249	290	118.7106781185	 5224	 0 0.001179
410	00d.ma	412	395	168	308	286	213	158.52186130041	 1551	 0 0.000329
411	00d.ma	412	395	218	90	334	10	159.68124086694	 2335	 0 0.000527
412	00d.ma	412	395	91	161	168	174	134.12489168087	 5622	 0 0.001369
413	00d.ma	412	395	147	163	48	259	159.65180361538	 1889	 0 0.000403
414	00d.ma	412	395	324	297	221	263	131.46803743139	 3272	 0 0.000776
415	00d.ma	412	395	321	35	159	29	166.1421356237	 1614	 0 0.000398
416	00d.ma	412	395	222	321	286	196	154.82337649064	 1392	 0 0.000279
417	00d.ma	412	395	353	169	203	127	167.39696961954	 2604	 0 0.000473
418	00d.ma	412	395	49	10	53	175	166.65685424948	 809	 0 0.000149
419	00d.ma	412	395	296	15	222	115	144.12489168087	 3219	 0 0.000732
420	00d.ma	412	395	248	265	221	381	137.87005768503	 2423	 0 0.000467
421	00d.ma	412	395	245	175	319	295	167.68124086694	 4734	 0 0.001004
422	00d.ma	412	395	51	256	130	119	169.72287142723	 2774	 0 0.000492
423	00d.ma	412	395	276	202	197	330	160.72287142723	 3053	 0 0.000515
424	00d.ma	412	395	172	49	321	91	167.22539674428	 2368	 0 0.000473
425	00d.ma	412	395	159	164	41	230	162.7106781185	 1679	 0 0.00036
426	00d.ma	412	395	115	312	177	171	169.9949493659	 2361	 0 0.000442
427	00d.ma	412	395	388	128	271	51	162.16652224116	 2405	 0 0.000415
428	00d.ma	412	395	88	6	255	16	171.1421356237	 1710	 0 0.000365
429	00d.ma	412	395	252	11	115	77	169.30865786486	 5632	 0 0.001154
430	00d.ma	412	395	228	388	384	361	167.76955262162	 3643	 0 0.000579
431	00d.ma	412	395	319	225	227	328	172.15432893243	 6938	 0 0.001832
432	00d.ma	412	395	197	63	65	18	150.63961030665	 1166	 0 0.000261
433	00d.ma	412	395	130	46	288	10	172.91168824532	 1746	 0 0.000324
434	00d.ma	412	395	35	182	71	22	174.91168824532	 3013	 0 0.000545
435	00d.ma	412	395	203	381	353	319	175.68124086694	 5586	 0 0.00093
436	00d.ma	412	395	194	194	109	251	166.06601717775	 5969	 0 0.001445
437	00d.ma	412	395	57	217	166	150	164.40916292827	 4263	 0 0.001143
438	00d.ma	412	395	146	16	75	160	174.58073580353	 2830	 0 0.000505
439	00d.ma	412	395	342	339	195	286	172.46803743139	 3305	 0 0.000605
440	00d.ma	412	395	223	248	333	316	159.58073580353	 5787	 0 0.001378
441	00d.ma	412	395	382	193	322	241	137.69848480977	 3661	 0 0.000817
442	00d.ma	412	395	229	314	297	339	159.46803743139	 4869	 0 0.00107
443	00d.ma	412	395	293	299	243	383	156.20815280145	 4202	 0 0.000959
444	00d.ma	412	395	259	197	355	217	165.82337649064	 7152	 0 0.001678
445	00d.ma	412	395	305	191	317	364	177.97056274844	 1732	 0 0.000287
446	00d.ma	412	395	190	183	79	244	169.37972567671	 3720	 0 0.000923
447	00d.ma	412	395	179	346	353	333	179.38477631081	 2267	 0 0.000399
448	00d.ma	412	395	212	329	294	241	164.55129855197	 7349	 0 0.001841
449	00d.ma	412	395	156	167	293	151	176.68124086694	 7258	 0 0.001699
450	00d.ma	412	395	377	154	324	17	171.37972567671	 2250	 0 0.00043
451	00d.ma	412	395	329	25	151	25	182.97056274844	 1839	 0 0.000396
452	00d.ma	412	395	300	212	317	386	181.04163056029	 1996	 0 0.000329
453	00d.ma	412	395	357	360	245	291	169.02438661746	 8675	 0 0.00217
454	00d.ma	412	395	34	216	23	49	179.84062043347	 2581	 0 0.000488
455	00d.ma	412	395	257	369	263	297	162.40916292827	 11239	 0 0.002508
456	00d.ma	412	395	299	242	189	318	166.14927829833	 4753	 0 0.001066
457	00d.ma	412	395	233	214	358	317	181.76450198752	 3863	 0 0.000864
458	00d.ma	412	395	272	209	175	341	172.17871554989	 2398	 0 0.00043
459	00d.ma	412	395	205	165	94	242	173.1370849896	 3691	 0 0.000918
460	00d.ma	412	395	182	170	327	190	179.40916292827	 5073	 0 0.001177
461	00d.ma	412	395	308	262	175	324	174.421356237	 4264	 0 0.000965
462	00d.ma	412	395	206	73	60	119	182.66904755821	 6504	 0 0.001474
463	00d.ma	412	395	340	279	350	129	180.61017305509	 2584	 0 0.000491
464	00d.ma	412	395	197	159	226	232	88.52691193451	 833	 0 0.000167
465	00d.ma	412	395	33	222	36	49	185.01219330873	 3124	 0 0.000568
466	00d.ma	412	395	224	230	357	316	186.86500705093	 6314	 0 0.001417
467	00d.ma	412	395	96	218	125	45	185.01219330873	 2699	 0 0.000457
468	00d.ma	412	395	155	24	310	96	184.82337649064	 3300	 0 0.000611
469	00d.ma	412	395	335	151	232	185	172.48023074012	 9688	 0 0.002384
470	00d.ma	412	395	92	100	159	203	160.91168824532	 3965	 0 0.000937
471	00d.ma	412	395	94	209	191	80	190.8528137422	 4465	 0 0.001127
472	00d.ma	412	395	28	217	106	67	189.58073580353	 4663	 0 0.001054
473	00d.ma	412	395	61	20	84	194	187.66904755821	 3415	 0 0.000598
474	00d.ma	412	395	103	78	57	241	188.29646455613	 3603	 0 0.000678
475	00d.ma	412	395	266	376	244	284	148.75230867879	 7844	 0 0.001828
476	00d.ma	412	395	333	338	152	362	190.94112549688	 3949	 0 0.000738
477	00d.ma	412	395	297	109	142	85	189.32590180769	 2251	 0 0.000483
478	00d.ma	412	395	307	210	185	204	141.88225099376	 3463	 0 0.000728
479	00d.ma	412	395	210	183	233	360	188.18376618399	 2576	 0 0.000442
480	00d.ma	412	395	212	59	90	177	190.20815280145	 4131	 0 0.000998
481	00d.ma	412	395	191	329	269	178	183.30865786486	 4094	 0 0.000683
482	00d.ma	412	395	48	197	113	28	195.92388155405	 2831	 0 0.000499
483	00d.ma	412	395	206	276	345	371	194.16652224116	 7489	 0 0.001587
484	00d.ma	412	395	275	261	145	356	171.35028842515	 1050	 0 0.00028
485	00d.ma	412	395	199	77	378	45	192.25483399584	 2856	 0 0.000566
486	00d.ma	412	395	313	258	389	202	161.69848480977	 5513	 0 0.001133
487	00d.ma	412	395	270	197	344	358	191.65180361538	 5309	 0 0.000868
488	00d.ma	412	395	227	309	291	353	171.05382386902	 6229	 0 0.001275
489	00d.ma	412	395	260	114	217	184	134.58073580353	 4695	 0 0.001075
490	00d.ma	412	395	287	215	229	355	176.06601717775	 7358	 0 0.001399
491	00d.ma	412	395	240	304	358	366	184.9949493659	 5299	 0 0.001073
492	00d.ma	412	395	119	220	95	37	197.91168824532	 2934	 0 0.000523
493	00d.ma	412	395	79	160	189	187	166.48023074012	 7135	 0 0.001754
494	00d.ma	412	395	80	186	209	99	198.69343417567	 7352	 0 0.001868
495	00d.ma	412	395	324	179	278	348	193.32590180769	 4691	 0 0.000733
496	00d.ma	412	395	230	156	224	144	118.95331880561	 2630	 0 0.000464
497	00d.ma	412	395	33	52	209	64	185.11269837214	 2131	 0 0.000433
498	00d.ma	412	395	192	18	25	89	196.40916292827	 4055	 0 0.000754
499	00d.ma	412	395	262	358	221	191	189.53910524324	 2352	 0 0.000475
500	00d.ma	412	395	288	231	182	345	180.49242404885	 4044	 0 0.000766
501	00d.ma	412	395	55	137	166	159	168.96551211434	 8198	 0 0.002016
502	00d.ma	412	395	264	192	140	159	196.23759005301	 8596	 0 0.002
503	00d.ma	412	395	356	123	258	275	196.69343417567	 3919	 0 0.000709
504	00d.ma	412	395	85	147	244	108	199.2792206133	 5033	 0 0.001063
505	00d.ma	412	395	166	348	266	313	157.00714267463	 9850	 0 0.002428
506	00d.ma	412	395	140	40	316	72	201.78174593035	 4224	 0 0.000936
507	00d.ma	412	395	201	49	382	98	201.29646455613	 4307	 0 0.000781
508	00d.ma	412	395	226	113	81	12	189.17871554989	 3032	 0 0.000595
509	00d.ma	412	395	206	340	286	182	191.1370849896	 3214	 0 0.000552
510	00d.ma	412	395	255	203	233	381	199.53910524324	 6389	 0 0.001211
511	00d.ma	412	395	101	82	41	256	207.33809511642	 3813	 0 0.000735
512	00d.ma	412	395	262	120	335	297	207.23759005301	 5097	 0 0.000784
513	00d.ma	412	395	98	51	129	192	171.35533905925	 5623	 0 0.001085
514	00d.ma	412	395	41	240	156	132	197.9949493659	 10349	 0 0.002652
515	00d.ma	412	395	200	75	44	184	204.07821048648	 2358	 0 0.000567
516	00d.ma	412	395	275	387	272	267	187.7106781185	 12392	 0 0.002947
517	00d.ma	412	395	196	223	111	253	194.72287142723	 6594	 0 0.001447
518	00d.ma	412	395	392	371	187	370	205.41421356237	 409	 0 0.000145
519	00d.ma	412	395	316	157	267	328	199.49747468295	 8114	 0 0.001452
520	00d.ma	412	395	49	107	151	177	177.23759005301	 9714	 0 0.002489
521	00d.ma	412	395	267	216	183	380	198.79393923908	 5581	 0 0.000905
522	00d.ma	412	395	175	164	251	229	118.09545442931	 863	 0 0.000197
523	00d.ma	412	395	387	114	222	16	207.35028842515	 4524	 0 0.000752
524	00d.ma	412	395	72	145	172	190	176.1370849896	 9677	 0 0.002352
525	00d.ma	412	395	41	95	233	53	210.22539674428	 4364	 0 0.000753
526	00d.ma	412	395	232	72	35	65	209.01219330873	 4082	 0 0.000831
527	00d.ma	412	395	86	166	230	38	207.5634918607	 3776	 0 0.000846
528	00d.ma	412	395	345	224	250	157	204.89444430249	 11585	 0 0.002801
529	00d.ma	412	395	58	89	164	207	186.9949493659	 5308	 0 0.001184
530	00d.ma	412	395	120	121	302	66	211.36753236798	 2954	 0 0.000648
531	00d.ma	412	395	254	129	179	291	213.40916292827	 6654	 0 0.001519
532	00d.ma	412	395	153	221	83	74	192.09545442931	 4220	 0 0.000887
533	00d.ma	412	395	46	208	189	173	201.37972567671	 10426	 0 0.002459
534	00d.ma	412	395	130	85	329	47	214.74011537006	 4348	 0 0.000838
535	00d.ma	412	395	289	275	383	206	184.29646455613	 7918	 0 0.001881
536	00d.ma	412	395	110	134	175	191	179.43860017983	 8392	 0 0.001825
537	00d.ma	412	395	129	260	265	127	211.59292911226	 4157	 0 0.001071
538	00d.ma	412	395	117	193	176	83	168.09545442931	 5228	 0 0.001339
539	00d.ma	412	395	208	98	41	174	214.32085117359	 3413	 0 0.00073
540	00d.ma	412	395	55	93	255	81	214.08326112058	 3906	 0 0.000831
541	00d.ma	412	395	310	70	116	113	217.61017305509	 3702	 0 0.000755
542	00d.ma	412	395	67	6	230	107	207.17871554989	 4451	 0 0.000855
543	00d.ma	412	395	227	73	100	198	216.26702730457	 5420	 0 0.001354
544	00d.ma	412	395	226	100	48	154	217.86500705093	 4197	 0 0.001108
545	00d.ma	412	395	252	392	212	192	218.22539674428	 3449	 0 0.000598
546	00d.ma	412	395	235	132	99	231	204.90663761122	 4087	 0 0.001001
547	00d.ma	412	395	126	290	241	128	216.07821048648	 3880	 0 0.000881
548	00d.ma	412	395	238	165	349	131	209.35028842515	 4923	 0 0.001149
549	00d.ma	412	395	166	385	226	310	175.26702730457	 11094	 0 0.003064
550	00d.ma	412	395	114	214	72	24	215.68124086694	 5907	 0 0.001152
551	00d.ma	412	395	82	194	215	40	221.39191898544	 4086	 0 0.001009
552	00d.ma	412	395	274	156	152	282	219.86500705093	 7933	 0 0.001766
553	00d.ma	412	395	270	171	355	358	222.20815280145	 7760	 0 0.001281
554	00d.ma	412	395	282	256	179	352	195.9949493659	 6364	 0 0.001334
555	00d.ma	412	395	269	237	366	384	221.76450198752	 9616	 0 0.001799
556	00d.ma	412	395	385	104	191	46	218.02438661746	 4662	 0 0.000849
557	00d.ma	412	395	280	147	115	194	216.16652224116	 6315	 0 0.001533
558	00d.ma	412	395	211	65	43	185	220.63455967255	 2984	 0 0.000723
559	00d.ma	412	395	177	211	73	156	189.45079348856	 4444	 0 0.001122
560	00d.ma	412	395	394	370	300	195	220.96551211434	 4860	 0 0.000793
561	00d.ma	412	395	347	58	133	84	224.76955262162	 3804	 0 0.000634
562	00d.ma	412	395	375	371	323	179	226.50966799168	 6565	 0 0.001268
563	00d.ma	412	395	225	248	343	384	224.308657864861	 10316	 0 0.002266
564	00d.ma	412	395	347	163	307	336	204.11269837214	 3424	 0 0.000637
565	00d.ma	412	395	213	87	117	213	222.65180361538	 7017	 0 0.001628
566	00d.ma	412	395	283	364	254	190	225.20815280145	 12531	 0 0.002949
567	00d.ma	412	395	309	140	358	345	225.29646455613	 5209	 0 0.000895
568	00d.ma	412	395	380	188	188	175	226.37972567671	 6253	 0 0.001482
569	00d.ma	412	395	371	51	165	7	224.22539674428	 5910	 0 0.000947
570	00d.ma	412	395	138	206	134	299	220.52186130041	 9301	 0 0.001998
571	00d.ma	412	395	122	31	341	11	227.2842712474	 2421	 0 0.000432
572	00d.ma	412	395	294	17	73	30	226.38477631081	 2001	 0 0.000479
573	00d.ma	412	395	287	338	238	171	224.20815280145	 9104	 0 0.002254
574	00d.ma	412	395	177	210	247	202	76.62741699792	 409	 0 9.7e-05
575	00d.ma	412	395	272	149	133	287	227.83556979937	 3468	 0 0.000732
576	00d.ma	412	395	140	271	282	174	229.29141392203	 8254	 0 0.001958
577	00d.ma	412	395	202	187	299	275	162.78174593035	 5876	 0 0.00153
578	00d.ma	412	395	310	59	134	129	226.95331880561	 9246	 0 0.002145
579	00d.ma	412	395	103	12	66	213	230.40916292827	 10451	 0 0.002128
580	00d.ma	412	395	179	231	92	265	218.86500705093	 7400	 0 0.001638
581	00d.ma	412	395	281	176	344	384	234.09545442931	 7538	 0 0.001197
582	00d.ma	412	395	311	367	277	152	229.91168824532	 4726	 0 0.000815
583	00d.ma	412	395	178	352	322	217	219.24978336174	 5138	 0 0.001308
584	00d.ma	412	395	254	81	98	182	233.06601717775	 5377	 0 0.001174
585	00d.ma	412	395	159	31	374	75	233.22539674428	 5204	 0 0.000963
586	00d.ma	412	395	335	387	227	234	231.55129855197	 12027	 0 0.003215
587	00d.ma	412	395	167	329	324	181	221.23253941891	 2451	 0 0.000603
588	00d.ma	412	395	322	318	224	134	233.96551211434	 6595	 0 0.001407
589	00d.ma	412	395	307	373	260	189	226.29646455613	 11109	 0 0.002587
590	00d.ma	412	395	75	81	282	22	233.09545442931	 8034	 0 0.00142
591	00d.ma	412	395	28	176	212	50	237.94826817151	 4048	 0 0.000736
592	00d.ma	412	395	68	263	223	154	228.63455967255	 6900	 0 0.00163
593	00d.ma	412	395	348	331	210	184	230.5634918607	 7716	 0 0.002083
594	00d.ma	412	395	311	321	261	109	232.7106781185	 4549	 0 0.000777
595	00d.ma	412	395	237	248	341	390	228.936074862781	 10272	 0 0.002042
596	00d.ma	412	395	48	249	173	84	236.24978336174	 7959	 0 0.002001
597	00d.ma	412	395	76	182	235	144	213.89444430249	 8559	 0 0.002089
598	00d.ma	412	395	255	343	313	140	232.88225099376	 1269	 0 0.000284
599	00d.ma	412	395	150	364	316	252	235.82337649064	 12022	 0 0.003134
600	00d.ma	412	395	247	231	389	375	237.7056274844	 8962	 0 0.001907
601	00d.ma	412	395	323	86	110	122	241.9949493659	 3963	 0 0.000786
602	00d.ma	412	395	188	186	44	131	210.90663761122	 3930	 0 0.000874
603	00d.ma	412	395	45	53	156	205	217.89444430249	 8562	 0 0.002084
604	00d.ma	412	395	163	174	222	253	116.91168824532	 1894	 0 0.00048
605	00d.ma	412	395	244	321	314	139	236.18376618399	 1359	 0 0.000309
606	00d.ma	412	395	135	212	129	25	221.46803743139	 5157	 0 0.001013
607	00d.ma	412	395	275	181	379	380	242.07821048648	 7802	 0 0.001261
608	00d.ma	412	395	115	70	321	22	229.78174593035	 4015	 0 0.00075
609	00d.ma	412	395	250	308	369	167	216.55129855197	 9152	 0 0.002326
610	00d.ma	412	395	187	213	249	267	117.88225099376	 2342	 0 0.00045
611	00d.ma	412	395	221	101	388	144	244.50966799168	 7103	 0 0.001723
612	00d.ma	412	395	282	144	105	212	233.30865786486	 6692	 0 0.001578
613	00d.ma	412	395	250	131	326	345	245.48023074012	 7815	 0 0.00131
614	00d.ma	412	395	54	207	182	232	235.69343417567	 13243	 0 0.003223
615	00d.ma	412	395	309	185	155	352	230.78888860498	 1812	 0 0.000374
616	00d.ma	412	395	349	337	222	163	243.63455967255	 8661	 0 0.002112
617	00d.ma	412	395	77	261	158	51	244.96551211434	 5683	 0 0.001001
618	00d.ma	412	395	114	300	126	203	239.97770542307	 5305	 0 0.001276
619	00d.ma	412	395	284	26	117	155	245.17871554989	 9325	 0 0.002359
620	00d.ma	412	395	183	322	241	130	234.83556979937	 8597	 0 0.001968
621	00d.ma	412	395	151	341	320	177	239.85995641683	 1883	 0 0.000516
622	00d.ma	412	395	76	253	143	35	245.75230867879	 5170	 0 0.000903
623	00d.ma	412	395	196	190	48	129	218.5634918607	 4411	 0 0.001028
624	00d.ma	412	395	174	152	262	265	163.79393923908	 1893	 0 0.000479
625	00d.ma	412	395	141	208	139	25	226.43860017983	 6076	 0 0.001247
626	00d.ma	412	395	351	234	272	334	245.75230867879	 7430	 0 0.001293
627	00d.ma	412	395	91	231	217	104	249.20815280145	 14084	 0 0.003522
628	00d.ma	412	395	37	226	185	46	247.747258044691	 2597	 0 0.00062
629	00d.ma	412	395	9	91	237	113	249.15432893243	 6561	 0 0.001489
630	00d.ma	412	395	318	174	144	144	239.62236636382	 13028	 0 0.003316
631	00d.ma	412	395	59	187	237	64	251.87720035966	 4978	 0 0.000919
632	00d.ma	412	395	155	257	102	170	219.37972567671	 7073	 0 0.001639
633	00d.ma	412	395	366	79	141	11	253.16652224116	 9345	 0 0.001728
634	00d.ma	412	395	21	201	201	183	238.20815280145	 13592	 0 0.003164
635	00d.ma	412	395	15	43	252	35	251.91168824532	 3572	 0 0.000794
636	00d.ma	412	395	344	335	227	144	252.93607486278	 8539	 0 0.001957
637	00d.ma	412	395	194	200	268	298	140.8528137422	 2655	 0 0.000488
638	00d.ma	412	395	174	14	19	185	254.19090885862	 7819	 0 0.002121
639	00d.ma	412	395	351	139	263	333	248.02438661746	 11796	 0 0.002329
640	00d.ma	412	395	196	173	99	109	218.43860017983	 7445	 0 0.00159
641	00d.ma	412	395	226	120	91	221	256.59292911226	 5506	 0 0.001089
642	00d.ma	412	395	68	11	84	252	257.5685424948	 5057	 0 0.000931
643	00d.ma	412	395	234	3	77	122	257.07821048648	 18835	 0 0.00501
644	00d.ma	412	395	261	136	78	205	241.62236636382	 5824	 0 0.001312
645	00d.ma	412	395	153	374	313	220	241.36248173388	 6110	 0 0.001691
646	00d.ma	412	395	270	37	26	39	258.08326112058	 5287	 0 0.001101
647	00d.ma	412	395	293	139	341	369	255.74011537006	 4419	 0 0.000724
648	00d.ma	412	395	149	176	226	217	110.36753236798	 1114	 0 0.000238
649	00d.ma	412	395	167	264	333	164	257.96551211434	 9391	 0 0.002288
650	00d.ma	412	395	313	330	212	156	255.06601717775	 16096	 0 0.004158
651	00d.ma	412	395	121	116	350	45	260.16652224116	 4339	 0 0.00076
652	00d.ma	412	395	292	306	197	190	160.62236636382	 2142	 0 0.000505
653	00d.ma	412	395	199	317	210	162	179.63961030665	 4316	 0 0.000813
654	00d.ma	412	395	248	336	262	123	249.75230867879	 5986	 0 0.001136
655	00d.ma	412	395	327	182	170	356	248.64675298128	 4644	 0 0.000815
656	00d.ma	412	395	191	286	191	179	134.53910524324	 1411	 0 0.000326
657	00d.ma	412	395	205	179	9	218	250.23759005301	 6395	 0 0.001517
658	00d.ma	412	395	362	387	225	215	261.00714267463	 12874	 0 0.003541
659	00d.ma	412	395	166	158	78	74	227.82337649064	 5906	 0 0.001184
660	00d.ma	412	395	235	347	332	211	256.11984104677	 25341	 0 0.006883
661	00d.ma	412	395	72	129	271	67	259.79393923908	 3892	 0 0.000757
662	00d.ma	412	395	23	216	191	28	264.03152929209	 3795	 0 0.00087
663	00d.ma	412	395	362	366	256	161	265.93607486278	 12031	 0 0.002641
664	00d.ma	412	395	249	347	341	176	231.26702730457	 7147	 0 0.001697
665	00d.ma	412	395	387	164	207	46	264.06601717775	 5007	 0 0.000897
666	00d.ma	412	395	290	365	259	132	263.23759005301	 7382	 0 0.001389
667	00d.ma	412	395	354	319	202	143	266.49242404885	 11152	 0 0.002989
668	00d.ma	412	395	271	82	146	290	263.87720035966	 4217	 0 0.000756
669	00d.ma	412	395	249	128	367	345	265.87720035966	 7467	 0 0.001203
670	00d.ma	412	395	159	137	244	261	167.40916292827	 2678	 0 0.000578
671	00d.ma	412	395	216	146	91	123	236.79393923908	 7662	 0 0.001714
672	00d.ma	412	395	156	163	302	277	216.69343417567	 8248	 0 0.002105
673	00d.ma	412	395	164	150	90	65	235.50966799168	 5917	 0 0.001152
674	00d.ma	412	395	98	228	225	15	270.29141392203	 4104	 0 0.000863
675	00d.ma	412	395	165	24	55	246	268.73506473596	 5597	 0 0.000974
676	00d.ma	412	395	295	138	283	383	268.98275605717	 9767	 0 0.001731
677	00d.ma	412	395	314	6	76	74	266.16652224116	 7556	 0 0.001338
678	00d.ma	412	395	87	227	242	60	271.03657992619	 9924	 0 0.002378
679	00d.ma	412	395	351	360	284	121	269.68124086694	 8271	 0 0.001495
680	00d.ma	412	395	229	225	145	162	130.68124086694	 2966	 0 0.000735
681	00d.ma	412	395	359	202	365	343	238.23759005301	 6489	 0 0.001194
682	00d.ma	412	395	253	161	363	370	271.59292911226	 10281	 0 0.001844
683	00d.ma	412	395	11	159	219	22	273.19090885862	 6396	 0 0.001241
684	00d.ma	412	395	109	58	355	72	255.94112549688	 2399	 0 0.000485
685	00d.ma	412	395	203	178	206	313	153.84062043347	 2109	 0 0.000413
686	00d.ma	412	395	298	205	138	278	225.49242404885	 11804	 0 0.002981
687	00d.ma	412	395	275	125	320	380	273.63961030665	 6177	 0 0.001031
688	00d.ma	412	395	238	31	43	195	271.71782079313	 5468	 0 0.001459
689	00d.ma	412	395	387	87	144	16	273.58073580353	 9237	 0 0.001617
690	00d.ma	412	395	208	222	55	144	242.90663761122	 5900	 0 0.001352
691	00d.ma	412	395	258	168	194	218	108.5685424948	 3411	 0 0.000923
692	00d.ma	412	395	204	226	255	281	158.02438661746	 3240	 0 0.000568
693	00d.ma	412	395	163	156	231	164	109.43860017983	 2694	 0 0.000618
694	00d.ma	412	395	248	132	365	361	277.46298679729	 9072	 0 0.001468
695	00d.ma	412	395	290	136	211	372	268.72287142723	 6045	 0 0.000982
696	00d.ma	412	395	271	31	55	176	277.81832585654	 5215	 0 0.001071
697	00d.ma	412	395	305	114	67	74	275.53910524324	 4086	 0 0.000888
698	00d.ma	412	395	291	38	29	41	277.32590180769	 7065	 0 0.001484
699	00d.ma	412	395	183	223	231	168	80.15432893243	 543	 0 0.000137
700	00d.ma	412	395	202	190	188	293	127.22539674428	 2234	 0 0.000479
701	00d.ma	412	395	129	267	276	221	196.62236636382	 4333	 0 0.00088
702	00d.ma	412	395	365	370	239	159	280.22034611018	 12480	 0 0.002776
703	00d.ma	412	395	144	150	234	243	163.9949493659	 3006	 0 0.000766
704	00d.ma	412	395	257	323	368	195	242.39696961954	 11619	 0 0.002802
705	00d.ma	412	395	249	129	73	269	269.50461735758	 7510	 0 0.001823
706	00d.ma	412	395	112	252	224	106	278.45079348856	 15626	 0 0.003716
707	00d.ma	412	395	153	270	255	213	155.02438661746	 2838	 0 0.000651
708	00d.ma	412	395	377	366	352	223	279.03657992619	 16457	 0 0.003755
709	00d.ma	412	395	260	157	65	177	259.10764773804	 6833	 0 0.001567
710	00d.ma	412	395	112	142	345	68	279.50966799168	 4466	 0 0.001003
711	00d.ma	412	395	350	213	262	369	268.16652224116	 9242	 0 0.00164
712	00d.ma	412	395	52	50	315	44	277.08326112058	 4635	 0 0.000943
713	00d.ma	412	395	265	34	25	136	285.421356237	 8814	 0 0.001718
714	00d.ma	412	395	354	227	369	369	282.37972567671	 7715	 0 0.001313
715	00d.ma	412	395	278	49	17	47	274.25483399584	 5284	 0 0.001096
716	00d.ma	412	395	171	350	224	140	252.03657992619	 9225	 0 0.001845
717	00d.ma	412	395	152	367	314	162	272.102597103941	 4926	 0 0.000846
718	00d.ma	412	395	31	44	285	70	274.7106781185	 7516	 0 0.001546
719	00d.ma	412	395	267	77	92	111	281.46803743139	 22758	 0 0.005521
720	00d.ma	412	395	348	221	207	216	258.14927829833	 18415	 0 0.005357
721	00d.ma	412	395	249	19	103	225	288.04877323492	 9468	 0 0.002594
722	00d.ma	412	395	344	57	70	72	287.66904755821	 7197	 0 0.001485
723	00d.ma	412	395	300	64	53	130	287.69343417567	 9747	 0 0.002222
724	00d.ma	412	395	144	205	288	251	236.10764773804	 8591	 0 0.002017
725	00d.ma	412	395	160	252	321	247	218.35028842515	 5326	 0 0.001184
726	00d.ma	412	395	69	124	290	84	283.83556979937	 9199	 0 0.002192
727	00d.ma	412	395	325	368	277	101	287.7106781185	 7206	 0 0.001307
728	00d.ma	412	395	141	264	346	179	272.433549545731	 8301	 0 0.001869
729	00d.ma	412	395	350	64	106	147	290.33809511642	 8822	 0 0.002054
730	00d.ma	412	395	172	165	121	41	258.53910524324	 7677	 0 0.001491
731	00d.ma	412	395	179	225	372	224	267.46298679729	 13979	 0 0.003632
732	00d.ma	412	395	210	130	179	340	242.92388155405	 6114	 0 0.001111
733	00d.ma	412	395	339	198	357	369	245.7106781185	 7425	 0 0.001379
734	00d.ma	412	395	264	219	103	216	230.00714267463	 11607	 0 0.003233
735	00d.ma	412	395	250	138	43	167	270.59292911226	 6831	 0 0.001462
736	00d.ma	412	395	61	139	237	126	259.67619023284	 18485	 0 0.004898
737	00d.ma	412	395	59	106	323	51	292.29646455613	 5217	 0 0.000944
738	00d.ma	412	395	276	244	148	274	194.93607486278	 10519	 0 0.002623
739	00d.ma	412	395	185	350	342	219	277.88939366839	 27107	 0 0.007776
740	00d.ma	412	395	326	144	221	387	286.49242404885	 8324	 0 0.001578
741	00d.ma	412	395	277	97	202	354	288.06601717775	 6897	 0 0.0012
742	00d.ma	412	395	156	252	57	187	269.421356237	 10582	 0 0.002242
743	00d.ma	412	395	144	262	316	238	227.421356237	 5510	 0 0.001129
744	00d.ma	412	395	158	204	218	114	271.421356237	 18905	 0 0.004467
745	00d.ma	412	395	383	194	301	357	256.35533905925	 5015	 0 0.000989
746	00d.ma	412	395	16	176	205	227	272.79393923908	 16317	 0 0.003995
747	00d.ma	412	395	359	34	98	128	299.93607486278	 8668	 0 0.001558
748	00d.ma	412	395	201	181	232	332	169.84062043347	 2038	 0 0.000374
749	00d.ma	412	395	179	220	289	308	185.76450198752	 3606	 0 0.000723
750	00d.ma	412	395	377	379	349	134	292.86500705093	 8876	 0 0.001799
751	00d.ma	412	395	228	207	159	201	144.23759005301	 6893	 0 0.001553
752	00d.ma	412	395	296	209	114	232	266.46298679729	 20192	 0 0.005442
753	00d.ma	412	395	152	331	206	161	212.45079348856	 4336	 0 0.001052
754	00d.ma	412	395	303	359	386	210	267.74011537006	 17716	 0 0.004104
755	00d.ma	412	395	29	221	248	60	301.50461735758	 8705	 0 0.001827
756	00d.ma	412	395	208	142	296	367	288.48023074012	 15877	 0 0.003206
757	00d.ma	412	395	360	45	115	142	298.65180361538	 12190	 0 0.002833
758	00d.ma	412	395	197	362	216	129	260.95331880561	 8522	 0 0.001607
759	00d.ma	412	395	242	17	123	195	266.60512242099	 14238	 0 0.003517
760	00d.ma	412	395	120	133	371	98	300.65180361538	 7143	 0 0.001594
761	00d.ma	412	395	224	377	275	108	295.09545442931	 7947	 0 0.001513
762	00d.ma	412	395	270	143	53	159	281.83556979937	 8255	 0 0.001869
763	00d.ma	412	395	161	150	339	291	254.019335983361	 6001	 0 0.001358
764	00d.ma	412	395	254	193	156	272	152.29646455613	 4050	 0 0.000956
765	00d.ma	412	395	173	248	234	282	167.46803743139	 4197	 0 0.000793
766	00d.ma	412	395	300	41	15	64	297.01219330873	 4762	 0 0.000989
767	00d.ma	412	395	218	365	205	134	245.69848480977	 4962	 0 0.000935
768	00d.ma	412	395	221	364	207	129	251.76955262162	 5460	 0 0.001165
769	00d.ma	412	395	306	27	14	44	304.84062043347	 7130	 0 0.002096
770	00d.ma	412	395	118	131	366	101	295.72287142723	 7295	 0 0.001612
771	00d.ma	412	395	199	201	298	329	220.01219330873	 13579	 0 0.003207
772	00d.ma	412	395	45	177	153	276	285.35028842515	 18604	 0 0.004499
773	00d.ma	412	395	178	206	189	301	155.29646455613	 4188	 0 0.000822
774	00d.ma	412	395	274	39	20	150	308.421356237	 12188	 0 0.002734
775	00d.ma	412	395	316	169	112	304	302.20310216735	 17440	 0 0.00474
776	00d.ma	412	395	71	247	297	131	301.36248173388	 8194	 0 0.001962
777	00d.ma	412	395	46	25	334	61	303.74011537006	 2267	 0 0.000789
778	00d.ma	412	395	29	68	317	89	309.124891680869	 9072	 0 0.0019
779	00d.ma	412	395	344	72	61	31	299.98275605717	 5975	 0 0.001068
780	00d.ma	412	395	151	214	231	205	155.50966799168	 2657	 0 0.000672
781	00d.ma	412	395	115	249	291	210	277.63455967255	 9295	 0 0.002061
782	00d.ma	412	395	205	148	36	94	278.60512242099	 6962	 0 0.001508
783	00d.ma	412	395	273	165	44	218	303.94826817151	 12258	 0 0.002967
784	00d.ma	412	395	333	341	184	183	257.24978336174	 9524	 0 0.002481
785	00d.ma	412	395	19	137	213	128	287.29141392203	 25807	 0 0.006945
786	00d.ma	412	395	255	48	133	206	284.24978336174	 15662	 0 0.00423
787	00d.ma	412	395	374	379	369	162	288.79393923908	 11047	 0 0.002514
788	00d.ma	412	395	156	131	18	63	281.36248173388	 5109	 0 0.000968
789	00d.ma	412	395	227	135	151	110	278.50461735758	 15786	 0 0.003185
790	00d.ma	412	395	228	377	348	125	306.391918985439	 5752	 0 0.00116
791	00d.ma	412	395	209	373	349	164	281.53405460914	 7926	 0 0.001934
792	00d.ma	412	395	48	184	134	267	291.73506473596	 19353	 0 0.004632
793	00d.ma	412	395	366	89	73	64	312.46803743139	 7230	 0 0.001759
794	00d.ma	412	395	351	56	51	67	312.01219330873	 6751	 0 0.001378
795	00d.ma	412	395	304	3	49	121	313.83556979937	 14178	 0 0.003157
796	00d.ma	412	395	107	113	257	145	283.96551211434	 23573	 0 0.00581
797	00d.ma	412	395	172	374	265	104	308.52186130041	 7976	 0 0.001358
798	00d.ma	412	395	332	19	92	168	316.94826817151	 12502	 0 0.002824
799	00d.ma	412	395	84	110	287	11	313.76450198752	 4757	 0 0.000865
800	00d.ma	412	395	167	147	81	35	278.16652224116	 8971	 0 0.001846
801	00d.ma	412	395	174	179	193	64	286.63455967255	 17438	 0 0.004007
802	00d.ma	412	395	201	159	287	371	261.23759005301	 8866	 0 0.001767
803	00d.ma	412	395	308	178	113	249	309.22034611018	 27766	 0 0.00772
804	00d.ma	412	395	162	214	240	110	296.97770542307	 20466	 0 0.004745
805	00d.ma	412	395	320	55	18	71	316.08326112058	 7304	 0 0.001486
806	00d.ma	412	395	222	236	145	278	158.09545442931	 6374	 0 0.001465
807	00d.ma	412	395	193	183	267	343	208.12489168087	 9289	 0 0.00189
808	00d.ma	412	395	264	311	139	188	236.83556979937	 11209	 0 0.002957
809	00d.ma	412	395	168	75	196	199	287.36248173388	 23424	 0 0.005792
810	00d.ma	412	395	234	235	143	288	172.89444430249	 8646	 0 0.002228
811	00d.ma	412	395	124	193	219	252	190.75230867879	 6156	 0 0.001347
812	00d.ma	412	395	16	92	214	158	293.74725804469	 24712	 0 0.006472
813	00d.ma	412	395	91	109	308	63	321.46803743139	 4245	 0 0.000819
814	00d.ma	412	395	247	223	97	206	211.93607486278	 8715	 0 0.002276
815	00d.ma	412	395	54	192	305	77	322.87720035966	 7286	 0 0.001575
816	00d.ma	412	395	46	143	266	126	298.50461735758	 21515	 0 0.005478
817	00d.ma	412	395	43	156	309	18	324.918830919949	 7742	 0 0.00133
818	00d.ma	412	395	171	179	218	342	195.84062043347	 2659	 0 0.000584
819	00d.ma	412	395	320	209	94	215	296.39191898544	 18209	 0 0.004813
820	00d.ma	412	395	290	222	122	308	248.73506473596	 16193	 0 0.004105
821	00d.ma	412	395	303	269	144	272	250.14927829833	 20070	 0 0.005309
822	00d.ma	412	395	177	241	346	294	248.291413922031	 5770	 0 0.001261
823	00d.ma	412	395	247	313	177	251	205.19595949272	 11865	 0 0.002677
824	00d.ma	412	395	140	293	325	234	267.07821048648	 6037	 0 0.00142
825	00d.ma	412	395	224	172	159	259	119.19595949272	 1248	 0 0.000257
826	00d.ma	412	395	138	252	39	135	299.8477631081	 7555	 0 0.001483
827	00d.ma	412	395	70	82	377	74	317.76955262162	 4451	 0 0.000935
828	00d.ma	412	395	294	79	17	183	330.11984104677	 6325	 0 0.001265
829	00d.ma	412	395	50	159	330	90	327.73506473596	 10002	 0 0.002266
830	00d.ma	412	395	240	333	392	192	286.29646455613	 18889	 0 0.004614
831	00d.ma	412	395	260	197	130	294	189.40916292827	 5093	 0 0.00121
832	00d.ma	412	395	64	142	288	137	301.29141392203	 18215	 0 0.004712
833	00d.ma	412	395	185	185	161	337	197.96551211434	 5990	 0 0.001222
834	00d.ma	412	395	71	79	385	99	333.88225099376	 7855	 0 0.001588
835	00d.ma	412	395	51	188	278	125	307.32085117359	 18369	 0 0.00432
836	00d.ma	412	395	209	71	172	145	299.97770542307	 28137	 0 0.006183
837	00d.ma	412	395	260	200	129	296	190.58073580353	 5436	 0 0.001307
838	00d.ma	412	395	111	196	284	243	253.76450198752	 10276	 0 0.002382
839	00d.ma	412	395	76	180	275	212	267.14927829833	 11644	 0 0.002914
840	00d.ma	412	395	228	313	183	250	193.84062043347	 10223	 0 0.002044
841	00d.ma	412	395	106	213	320	49	335.86500705093	 15355	 0 0.003786
842	00d.ma	412	395	82	203	344	152	319.79393923908	 9092	 0 0.002284
843	00d.ma	412	395	246	68	149	168	305.10764773804	 26118	 0 0.006277
844	00d.ma	412	395	231	388	207	166	242.91168824532	 6519	 0 0.001193
845	00d.ma	412	395	374	92	60	96	335.53910524324	 6300	 0 0.001289
846	00d.ma	412	395	107	148	127	305	303.04877323492	 20096	 0 0.004397
847	00d.ma	412	395	53	239	119	304	327.475180106019	 16684	 0 0.003796
848	00d.ma	412	395	245	213	92	203	209.55129855197	 7482	 0 0.001922
849	00d.ma	412	395	327	54	113	206	336.693434175669	 17687	 0 0.004405
850	00d.ma	412	395	64	240	322	154	329.22034611018	 10848	 0 0.002661
851	00d.ma	412	395	50	57	199	149	307.14927829833	 32835	 0 0.00848
852	00d.ma	412	395	244	137	59	97	306.8477631081	 10736	 0 0.002279
853	00d.ma	412	395	161	262	89	119	309.19090885862	 15046	 0 0.003349
854	00d.ma	412	395	325	131	69	182	316.2792206133	 10742	 0 0.002479
855	00d.ma	412	395	143	49	382	150	337.48023074012	 19822	 0 0.004572
856	00d.ma	412	395	89	165	327	153	307.76450198752	 10279	 0 0.002602
857	00d.ma	412	395	14	122	298	11	337.04877323492	 11434	 0 0.002153
858	00d.ma	412	395	345	31	17	40	340.84062043347	 8316	 0 0.001718
859	00d.ma	412	395	201	187	199	365	198.08326112058	 3546	 0 0.000671
860	00d.ma	412	395	271	77	139	184	313.10764773804	 23030	 0 0.005647
861	00d.ma	412	395	258	247	91	239	250.9898987318	 15376	 0 0.004098
862	00d.ma	412	395	276	341	161	171	250.92388155405	 6672	 0 0.001653
863	00d.ma	412	395	124	149	284	185	309.36248173388	 21809	 0 0.005377
864	00d.ma	412	395	190	202	190	57	314.40411229417	 20774	 0 0.005063
865	00d.ma	412	395	96	135	282	188	311.39191898544	 24791	 0 0.007167
866	00d.ma	412	395	340	50	40	135	343.59292911226	 13361	 0 0.002876
867	00d.ma	412	395	184	219	124	39	311.96551211434	 13773	 0 0.002768
868	00d.ma	412	395	157	168	188	331	215.82337649064	 7394	 0 0.001627
869	00d.ma	412	395	110	150	314	153	310.2792206133	 17605	 0 0.004755
870	00d.ma	412	395	175	182	151	338	214.35028842515	 6569	 0 0.001359
871	00d.ma	412	395	215	157	181	82	315.63455967255	 22330	 0 0.004933
872	00d.ma	412	395	111	146	319	143	314.62236636382	 18545	 0 0.004477
873	00d.ma	412	395	99	88	256	129	317.07821048648	 34143	 0 0.008081
874	00d.ma	412	395	193	194	125	16	318.20815280145	 14376	 0 0.002977
875	00d.ma	412	395	181	232	220	328	190.01219330873	 3894	 0 0.000736
876	00d.ma	412	395	276	117	135	122	316.333044482319	 19659	 0 0.004518
877	00d.ma	412	395	115	235	258	186	219.03657992619	 5906	 0 0.001277
878	00d.ma	412	395	248	163	132	270	168.52186130041	 1848	 0 0.000472
879	00d.ma	412	395	392	140	95	87	347.92388155405	 5761	 0 0.00127
880	00d.ma	412	395	384	81	63	50	339.15432893243	 8802	 0 0.001874
881	00d.ma	412	395	93	206	368	166	339.83556979937	 10777	 0 0.002544
882	00d.ma	412	395	108	252	241	240	239.97770542307	 7330	 0 0.001647
883	00d.ma	412	395	394	210	205	351	307.74725804469	 9476	 0 0.00179
884	00d.ma	412	395	229	294	125	190	236.30865786486	 11753	 0 0.0027
885	00d.ma	412	395	63	203	311	131	340.77669529625	 14937	 0 0.003463
886	00d.ma	412	395	98	240	235	213	209.07821048648	 6077	 0 0.001374
887	00d.ma	412	395	126	302	115	132	319.77669529625	 10098	 0 0.00209
888	00d.ma	412	395	107	248	255	253	255.19090885862	 7485	 0 0.001701
889	00d.ma	412	395	265	255	87	196	250.22034611018	 11601	 0 0.003097
890	00d.ma	412	395	143	249	37	103	318.818325856539	 8525	 0 0.001763
891	00d.ma	412	395	262	87	24	215	345.50461735758	 9476	 0 0.002171
892	00d.ma	412	395	44	176	312	131	331.59292911226	 16532	 0 0.003777
893	00d.ma	412	395	176	233	131	50	318.693434175669	 14613	 0 0.002987
894	00d.ma	412	395	158	200	276	72	328.10764773804	 23729	 0 0.005958
895	00d.ma	412	395	42	230	297	79	356.19090885862	 19992	 0 0.005187
896	00d.ma	412	395	354	366	172	173	307.09040379521	 13167	 0 0.003625
897	00d.ma	412	395	338	6	15	77	352.409162928269	 11437	 0 0.003224
898	00d.ma	412	395	214	6	162	171	324.54624791787	 28691	 0 0.007237
899	00d.ma	412	395	112	60	165	251	323.37972567671	 30060	 0 0.007615
900	00d.ma	412	395	253	352	170	193	215.53910524324	 6493	 0 0.001551
901	00d.ma	412	395	54	44	378	102	352.166522241159	 9477	 0 0.001797
902	00d.ma	412	395	266	246	86	177	252.7056274844	 11578	 0 0.002942
903	00d.ma	412	395	318	195	88	159	320.91883091995	 21384	 0 0.005716
904	00d.ma	412	395	320	31	15	150	359.806132547809	 14413	 0 0.002889
905	00d.ma	412	395	121	305	226	249	209.69343417567	 4116	 0 0.00102
906	00d.ma	412	395	103	186	317	247	287.53405460914	 9199	 0 0.00215
907	00d.ma	412	395	114	25	190	222	327.30865786486	 30017	 0 0.007694
908	00d.ma	412	395	58	170	306	200	325.26197667047	 17447	 0 0.00424
909	00d.ma	412	395	337	293	159	272	282.01933598336	 29543	 0 0.008015
910	00d.ma	412	395	271	81	160	385	349.977705423069	 6745	 0 0.001103
911	00d.ma	412	395	299	153	44	189	339.87720035966	 16527	 0 0.004194
912	00d.ma	412	395	300	149	54	148	335.575685169429	 13100	 0 0.003198
913	00d.ma	412	395	66	116	281	118	330.64675298128	 29083	 0 0.007102
914	00d.ma	412	395	271	105	108	96	331.7056274844	 13797	 0 0.003061
915	00d.ma	412	395	381	377	184	174	319.20310216735	 12658	 0 0.003622
916	00d.ma	412	395	300	26	78	245	364.8477631081	 15852	 0 0.003826
917	00d.ma	412	395	214	208	121	238	179.89444430249	 8524	 0 0.002007
918	00d.ma	412	395	199	366	179	203	213.91168824532	 9273	 0 0.001993
919	00d.ma	412	395	268	279	115	241	276.26197667047	 21424	 0 0.005653
920	00d.ma	412	395	14	70	357	40	357.91168824532	 4692	 0 0.000877
921	00d.ma	412	395	252	263	109	253	268.11984104677	 21890	 0 0.005489
922	00d.ma	412	395	43	104	375	106	362.65180361538	 10305	 0 0.002172
923	00d.ma	412	395	331	34	47	201	367.81832585654	 14303	 0 0.003513
924	00d.ma	412	395	60	256	285	25	368.717820793129	 15249	 0 0.003933
925	00d.ma	412	395	194	365	167	164	241.92388155405	 7792	 0 0.0018
926	00d.ma	412	395	275	99	127	110	333.23253941891	 18028	 0 0.0041
927	00d.ma	412	395	320	95	45	214	368.57568516943	 11650	 0 0.002811
928	00d.ma	412	395	314	88	61	231	368.391918985439	 14512	 0 0.003494
929	00d.ma	412	395	48	98	267	118	338.788888604979	 36579	 0 0.009049
930	00d.ma	412	395	38	202	295	197	351.445742854459	 21057	 0 0.005195
931	00d.ma	412	395	228	147	173	93	337.91883091995	 28141	 0 0.006283
932	00d.ma	412	395	389	193	138	298	351.404112294169	 22732	 0 0.006057
933	00d.ma	412	395	292	268	92	195	300.07821048648	 19191	 0 0.005021
934	00d.ma	412	395	269	292	101	211	280.01933598336	 17835	 0 0.004643
935	00d.ma	412	395	65	267	252	229	275.71782079313	 8426	 0 0.002023
936	00d.ma	412	395	337	65	27	202	371.918830919949	 7329	 0 0.00166
937	00d.ma	412	395	81	124	262	95	338.71782079313	 34002	 0 0.008607
938	00d.ma	412	395	53	193	326	142	354.10764773804	 14931	 0 0.003436
939	00d.ma	412	395	230	64	184	192	339.019335983359	 30772	 0 0.007339
940	00d.ma	412	395	236	265	88	191	246.79393923908	 11487	 0 0.002835
941	00d.ma	412	395	45	252	282	221	318.57568516943	 11690	 0 0.00276
942	00d.ma	412	395	251	223	44	229	275.73506473596	 11866	 0 0.003108
943	00d.ma	412	395	321	330	151	191	319.43354954573	 33350	 0 0.008976
944	00d.ma	412	395	174	195	235	101	344.11984104677	 33509	 0 0.00748
945	00d.ma	412	395	223	268	105	201	229.89444430249	 11379	 0 0.002646
946	00d.ma	412	395	110	250	314	33	375.149278298329	 17814	 0 0.003987
947	00d.ma	412	395	352	73	61	193	375.433549545729	 17761	 0 0.004458
948	00d.ma	412	395	211	195	100	228	170.20815280145	 5269	 0 0.001294
949	00d.ma	412	395	378	172	112	112	379.078210486479	 6854	 0 0.001403
950	00d.ma	412	395	2	138	269	124	350.060966543649	 28130	 0 0.007146
951	00d.ma	412	395	145	381	369	201	333.87214972556	 21749	 0 0.006129
952	00d.ma	412	395	105	196	358	230	351.333044482319	 22797	 0 0.005956
953	00d.ma	412	395	308	59	137	227	360.320851173589	 24169	 0 0.005886
954	00d.ma	412	395	382	172	104	63	378.37972567671	 8205	 0 0.001734
955	00d.ma	412	395	130	292	25	151	354.19090885862	 11374	 0 0.002382
956	00d.ma	412	395	181	175	235	32	348.646752981279	 24249	 0 0.005665
957	00d.ma	412	395	126	288	395	208	361.51681066631	 12671	 0 0.002972
958	00d.ma	412	395	78	171	358	179	353.94826817151	 15294	 0 0.003823
959	00d.ma	412	395	129	237	306	277	321.91883091995	 13746	 0 0.003214
960	00d.ma	412	395	16	43	176	234	349.47518010602	 29982	 0 0.008434
961	00d.ma	412	395	152	106	131	295	352.031529292089	 23190	 0 0.005521
962	00d.ma	412	395	344	146	44	181	361.10764773804	 13836	 0 0.003274
963	00d.ma	412	395	48	245	248	229	277.8477631081	 9625	 0 0.002227
964	00d.ma	412	395	86	221	283	285	312.06096654365	 15053	 0 0.003913
965	00d.ma	412	395	90	110	369	69	383.53910524324	 7825	 0 0.001687
966	00d.ma	412	395	99	90	277	98	350.090403795209	 39328	 0 0.009207
967	00d.ma	412	395	257	139	97	50	352.76450198752	 17126	 0 0.00366
968	00d.ma	412	395	13	57	370	92	375.639610306649	 9576	 0 0.001814
969	00d.ma	412	395	114	231	228	159	205.17871554989	 8167	 0 0.001842
970	00d.ma	412	395	352	122	53	236	375.29141392203	 15386	 0 0.003769
971	00d.ma	412	395	49	193	307	213	344.63455967255	 17897	 0 0.004296
972	00d.ma	412	395	319	216	86	141	332.04877323492	 22586	 0 0.005861
973	00d.ma	412	395	313	254	75	182	316.09040379521	 18712	 0 0.00498
974	00d.ma	412	395	388	380	169	175	337.345237791049	 13759	 0 0.003848
975	00d.ma	412	395	12	66	361	100	374.438600179829	 12619	 0 0.002556
976	00d.ma	412	395	61	201	250	222	281.36248173388	 13162	 0 0.002947
977	00d.ma	412	395	75	229	352	69	389.24978336174	 20095	 0 0.005025
978	00d.ma	412	395	211	141	186	36	354.374675042609	 21252	 0 0.004483
979	00d.ma	412	395	172	258	124	34	358.45079348856	 14878	 0 0.003085
980	00d.ma	412	395	298	369	179	232	279.37972567671	 27424	 0 0.007342
981	00d.ma	412	395	222	73	183	226	360.877200359659	 32457	 0 0.007848
982	00d.ma	412	395	129	99	268	84	357.16147160706	 42152	 0 0.009675
983	00d.ma	412	395	88	233	288	286	318.44574285446	 14232	 0 0.003875
984	00d.ma	412	395	253	135	43	57	360.81832585654	 12372	 0 0.002503
985	00d.ma	412	395	286	114	12	223	391.516810666309	 7743	 0 0.001982
986	00d.ma	412	395	177	257	73	41	359.563491860699	 15304	 0 0.003216
987	00d.ma	412	395	349	67	123	193	355.379725676709	 21698	 0 0.005341
988	00d.ma	412	395	159	43	158	245	359.676190232839	 35724	 0 0.009247
989	00d.ma	412	395	262	166	86	64	361.22034611018	 20735	 0 0.004512
990	00d.ma	412	395	350	44	117	203	364.835569799369	 21401	 0 0.005403
991	00d.ma	412	395	94	63	278	157	365.320851173589	 39311	 0 0.00983
992	00d.ma	412	395	369	89	113	220	394.764501987519	 19801	 0 0.004768
993	00d.ma	412	395	342	187	46	217	380.475180106019	 25867	 0 0.006926
994	00d.ma	412	395	280	247	54	258	335.47518010602	 23330	 0 0.005935
995	00d.ma	412	395	200	139	152	9	364.735064735959	 19374	 0 0.004095
996	00d.ma	412	395	217	206	69	236	213.17871554989	 7102	 0 0.00172
997	00d.ma	412	395	320	56	43	244	394.019335983359	 17920	 0 0.004409
998	00d.ma	412	395	232	22	183	196	362.587878478159	 33203	 0 0.008415
999	00d.ma	412	395	307	283	95	191	318.29141392203	 23347	 0 0.006224
1000	00d.ma	412	395	16	116	131	297	369.830519165269	 25518	 0 0.006367
1001	00d.ma	412	395	94	141	362	165	369.66399692411	 24063	 0 0.00604
1002	00d.ma	412	395	273	38	169	156	369.50461735758	 33219	 0 0.007834
1003	00d.ma	412	395	183	354	157	131	272.62236636382	 8259	 0 0.001687
1004	00d.ma	412	395	268	109	87	64	366.91883091995	 16092	 0 0.003478
1005	00d.ma	412	395	192	386	183	217	242.12489168087	 12873	 0 0.002772
1006	00d.ma	412	395	307	330	143	220	341.7056274844	 39319	 0 0.009851
1007	00d.ma	412	395	114	119	340	133	368.00714267463	 35351	 0 0.008774
1008	00d.ma	412	395	296	245	46	240	340.64675298128	 22451	 0 0.006062
1009	00d.ma	412	395	253	134	113	31	368.17871554989	 17859	 0 0.003675
1010	00d.ma	412	395	193	297	117	220	263.73506473596	 17454	 0 0.00378
1011	00d.ma	412	395	316	149	101	88	372.10764773804	 23156	 0 0.005531
1012	00d.ma	412	395	309	228	67	138	334.57568516943	 20272	 0 0.005368
1013	00d.ma	412	395	343	58	147	199	376.279220613299	 25673	 0 0.006152
1014	00d.ma	412	395	99	157	245	180	229.20815280145	 10050	 0 0.00246
1015	00d.ma	412	395	299	340	141	210	339.2792206133	 37422	 0 0.009485
1016	00d.ma	412	395	181	183	254	23	373.274169979199	 27732	 0 0.006531
1017	00d.ma	412	395	226	236	104	144	244.79393923908	 12317	 0 0.002864
1018	00d.ma	412	395	292	225	44	140	331.475180106019	 16831	 0 0.004473
1019	00d.ma	412	395	149	108	289	199	359.274169979199	 28545	 0 0.007358
1020	00d.ma	412	395	332	58	71	262	403.492424048849	 17725	 0 0.00398
1021	00d.ma	412	395	152	158	199	358	276.1370849896	 9255	 0 0.001976
1022	00d.ma	412	395	209	283	90	226	270.83556979937	 17403	 0 0.00389
1023	00d.ma	412	395	63	237	345	231	400.274169979199	 28447	 0 0.007322
1024	00d.ma	412	395	47	118	331	153	376.16147160706	 29140	 0 0.007759
1025	00d.ma	412	395	256	337	151	157	272.37972567671	 12302	 0 0.003235
1026	00d.ma	412	395	84	173	388	138	407.676190232839	 38139	 0 0.009829
1027	00d.ma	412	395	146	162	307	92	379.39191898544	 33805	 0 0.008866
1028	00d.ma	412	395	227	107	205	145	373.989898731799	 37563	 0 0.008266
1029	00d.ma	412	395	173	152	241	386	276.75230867879	 6271	 0 0.001143
1030	00d.ma	412	395	208	208	69	17	372.776695296249	 14368	 0 0.002844
1031	00d.ma	412	395	38	96	115	303	382.215295476079	 28545	 0 0.006356
1032	00d.ma	412	395	20	171	343	163	390.32085117359	 18278	 0 0.004491
1033	00d.ma	412	395	219	297	118	244	276.55129855197	 23946	 0 0.005434
1034	00d.ma	412	395	319	362	151	201	358.847763108099	 39441	 0 0.01076
1035	00d.ma	412	395	62	214	313	242	356.788888604979	 15011	 0 0.005946
1036	00d.ma	412	395	79	68	276	100	377.960461480239	 42295	 0 0.009844
1037	00d.ma	412	395	49	93	291	192	380.587878478159	 40438	 0 0.010373
1038	00d.ma	412	395	140	74	263	190	380.605122420989	 45839	 0 0.010977
1039	00d.ma	412	395	172	65	267	121	379.759451353419	 40198	 0 0.008793
1040	00d.ma	412	395	205	369	136	161	280.23759005301	 12469	 0 0.002806
1041	00d.ma	412	395	43	171	329	238	362.019335983359	 17161	 0 0.00412
1042	00d.ma	412	395	223	175	102	165	203.79393923908	 7513	 0 0.001729
1043	00d.ma	412	395	242	156	73	232	248.94826817151	 8568	 0 0.002144
1044	00d.ma	412	395	25	203	358	139	405.63455967255	 17842	 0 0.004338
1045	00d.ma	412	395	145	254	343	353	337.57568516943	 15707	 0 0.003549
1046	00d.ma	412	395	112	297	188	283	258.97770542307	 4828	 0 0.000976
1047	00d.ma	412	395	196	11	197	226	383.345237791049	 35461	 0 0.009241
1048	00d.ma	412	395	340	352	132	197	361.475180106019	 37046	 0 0.010203
1049	00d.ma	412	395	109	209	215	315	277.62236636382	 12037	 0 0.002652
1050	00d.ma	412	395	110	121	292	243	335.7056274844	 21040	 0 0.005139
1051	00d.ma	412	395	121	135	297	254	339.33304448232	 19789	 0 0.004747
1052	00d.ma	412	395	257	15	186	190	387.487373414749	 34643	 0 0.008767
1053	00d.ma	412	395	235	341	130	190	284.20815280145	 19230	 0 0.004587
1054	00d.ma	412	395	97	236	326	306	362.587878478159	 18094	 0 0.004639
1055	00d.ma	412	395	52	161	356	202	391.617315729719	 25810	 0 0.006368
1056	00d.ma	412	395	123	153	321	253	343.989898731799	 14340	 0 0.003433
1057	00d.ma	412	395	108	221	308	325	358.232539418909	 21671	 0 0.005262
1058	00d.ma	412	395	160	205	246	345	289.90663761122	 9638	 0 0.00192
1059	00d.ma	412	395	148	290	25	65	391.345237791049	 10549	 0 0.002122
1060	00d.ma	412	395	331	150	48	104	388.504617357579	 18537	 0 0.004191
1061	00d.ma	412	395	138	271	191	86	390.617315729719	 24488	 0 0.005451
1062	00d.ma	412	395	146	169	242	378	287.89444430249	 8568	 0 0.002737
1063	00d.ma	412	395	256	199	27	200	294.83556979937	 12258	 0 0.00318
1064	00d.ma	412	395	91	247	267	317	332.717820793129	 13901	 0 0.00318
1065	00d.ma	412	395	180	106	137	259	390.374675042609	 38422	 0 0.009233
1066	00d.ma	412	395	313	212	14	154	381.43354954573	 21418	 0 0.005533
1067	00d.ma	412	395	152	195	231	365	290.37972567671	 9293	 0 0.001993
1068	00d.ma	412	395	267	35	195	176	392.40411229417	 35114	 0 0.008346
1069	00d.ma	412	395	310	128	94	70	391.5634918607	 22157	 0 0.005331
1070	00d.ma	412	395	71	127	335	181	385.44574285446	 27448	 0 0.00688
1071	00d.ma	412	395	154	46	146	280	391.646752981279	 38204	 0 0.009639
1072	00d.ma	412	395	355	346	156	275	346.717820793129	 35738	 0 0.009249
1073	00d.ma	412	395	375	160	47	94	426.69343417567	 7542	 0 0.001553
1074	00d.ma	412	395	93	204	179	297	287.87720035966	 18035	 0 0.00405
1075	00d.ma	412	395	378	380	162	134	376.416305602899	 20335	 0 0.005725
1076	00d.ma	412	395	163	247	144	356	270.29141392203	 6317	 0 0.001216
1077	00d.ma	412	395	168	248	184	12	396.960461480239	 21259	 0 0.004844
1078	00d.ma	412	395	124	308	314	318	347.9898987318	 13385	 0 0.003351
1079	00d.ma	412	395	347	77	66	268	426.149278298329	 17912	 0 0.004104
1080	00d.ma	412	395	70	171	282	294	324.06096654365	 14881	 0 0.003693
1081	00d.ma	412	395	74	246	371	96	432.462986797289	 31073	 0 0.008341
1082	00d.ma	412	395	281	215	109	75	357.5634918607	 25288	 0 0.005897
1083	00d.ma	412	395	68	153	310	272	351.2741699792	 19626	 0 0.00515
1084	00d.ma	412	395	136	277	324	354	352.16147160706	 15369	 0 0.00344
1085	00d.ma	412	395	170	173	298	54	390.46298679729	 32879	 0 0.007566
1086	00d.ma	412	395	63	265	349	91	431.36248173388	 29509	 0 0.007356
1087	00d.ma	412	395	391	127	45	185	430.031529292088	 9242	 0 0.002129
1088	00d.ma	412	395	228	241	26	204	302.36248173388	 16605	 0 0.004299
1089	00d.ma	412	395	78	250	313	297	371.83051916527	 19459	 0 0.005128
1090	00d.ma	412	395	382	154	70	173	431.960461480238	 8685	 0 0.001817
1091	00d.ma	412	395	60	90	267	224	341.81832585654	 25375	 0 0.006376
1092	00d.ma	412	395	126	111	250	252	312.8477631081	 18177	 0 0.004303
1093	00d.ma	412	395	82	135	246	216	295.43354954573	 12472	 0 0.003061
1094	00d.ma	412	395	225	144	222	11	401.771644662148	 24731	 0 0.005427
1095	00d.ma	412	395	334	268	45	237	383.83051916527	 31477	 0 0.008478
1096	00d.ma	412	395	83	185	209	297	284.20815280145	 16167	 0 0.003724
1097	00d.ma	412	395	29	205	304	255	375.516810666309	 19454	 0 0.004569
1098	00d.ma	412	395	246	231	131	100	305.019335983359	 22782	 0 0.005073
1099	00d.ma	412	395	66	179	245	306	318.49242404885	 17535	 0 0.004046
1100	00d.ma	412	395	153	106	259	217	315.33304448232	 16048	 0 0.0037
1101	00d.ma	412	395	240	142	230	109	407.031529292089	 41732	 0 0.008923
1102	00d.ma	412	395	54	138	319	257	362.558441226599	 16782	 0 0.004148
1103	00d.ma	412	395	346	146	6	145	415.73506473596	 16405	 0 0.00387
1104	00d.ma	412	395	350	214	31	221	422.374675042609	 25693	 0 0.006853
1105	00d.ma	412	395	17	192	236	240	306.46298679729	 16335	 0 0.003736
1106	00d.ma	412	395	274	46	193	200	402.788888604979	 35404	 0 0.008473
1107	00d.ma	412	395	235	279	43	170	314.07821048648	 15101	 0 0.003645
1108	00d.ma	412	395	145	290	180	105	410.031529292089	 28023	 0 0.00601
1109	00d.ma	412	395	366	199	135	136	408.617315729719	 31304	 0 0.007696
1110	00d.ma	412	395	312	196	66	91	399.901586977119	 29212	 0 0.007442
1111	00d.ma	412	395	261	138	64	8	412.847763108099	 20935	 0 0.004506
1112	00d.ma	412	395	298	221	88	83	371.94826817151	 26725	 0 0.006659
1113	00d.ma	412	395	328	360	147	285	363.261976670469	 36065	 0 0.008895
1114	00d.ma	412	395	69	162	213	176	220.35028842515	 13224	 0 0.003376
1115	00d.ma	412	395	176	30	265	123	411.830519165269	 41949	 0 0.009683
1116	00d.ma	412	395	58	235	197	275	305.87720035966	 17562	 0 0.004052
1117	00d.ma	412	395	216	187	52	206	237.39191898544	 10229	 0 0.002504
1118	00d.ma	412	395	111	158	300	301	341.06096654365	 14296	 0 0.003494
1119	00d.ma	412	395	47	161	381	202	421.617315729719	 27592	 0 0.007369
1120	00d.ma	412	395	195	95	149	288	410.788888604979	 38515	 0 0.00916
1121	00d.ma	412	395	277	180	17	54	415.043722600819	 21298	 0 0.005009
1122	00d.ma	412	395	265	205	83	50	389.77669529625	 25630	 0 0.005707
1123	00d.ma	412	395	22	76	116	312	416.842712473999	 31286	 0 0.007026
1124	00d.ma	412	395	150	24	276	127	416.404112294169	 42977	 0 0.010294
1125	00d.ma	412	395	302	222	38	94	381.102597103939	 22640	 0 0.005872
1126	00d.ma	412	395	134	287	200	88	418.102597103939	 26771	 0 0.005958
1127	00d.ma	412	395	190	60	287	134	414.445742854459	 40984	 0 0.008987
1128	00d.ma	412	395	128	303	17	65	415.943217537409	 10230	 0 0.002013
1129	00d.ma	412	395	336	370	161	216	393.031529292089	 43332	 0 0.012044
1130	00d.ma	412	395	304	238	50	108	370.759451353419	 22883	 0 0.005968
1131	00d.ma	412	395	137	198	199	388	320.79393923908	 13477	 0 0.002983
1132	00d.ma	412	395	178	50	298	132	421.931024228679	 41731	 0 0.009578
1133	00d.ma	412	395	130	268	198	39	420.286363287928	 21470	 0 0.004793
1134	00d.ma	412	395	106	79	263	248	340.534054609139	 22305	 0 0.005388
1135	00d.ma	412	395	70	34	298	143	420.948268171509	 43464	 0 0.010968
1136	00d.ma	412	395	48	112	318	240	382.416305602899	 24518	 0 0.006238
1137	00d.ma	412	395	123	89	361	141	419.421356237	 40257	 0 0.009405
1138	00d.ma	412	395	242	45	233	141	415.759451353419	 40015	 0 0.008933
1139	00d.ma	412	395	259	21	203	144	420.244732727639	 41402	 0 0.009438
1140	00d.ma	412	395	278	308	50	213	362.345237791049	 25429	 0 0.006679
1141	00d.ma	412	395	241	243	53	98	322.64675298128	 14987	 0 0.003437
1142	00d.ma	412	395	188	82	300	162	422.960461480239	 42290	 0 0.009676
1143	00d.ma	412	395	50	169	266	309	350.333044482319	 20040	 0 0.004637
1144	00d.ma	412	395	134	7	276	155	424.291413922029	 43714	 0 0.011291
1145	00d.ma	412	395	184	207	290	46	421.475180106019	 38125	 0 0.00855
1146	00d.ma	412	395	314	198	64	77	414.244732727639	 29630	 0 0.007229
1147	00d.ma	412	395	73	67	333	155	424.190908858619	 45190	 0 0.011035
1148	00d.ma	412	395	154	103	248	204	302.36248173388	 15439	 0 0.003603
1149	00d.ma	412	395	243	289	36	203	347.57568516943	 24033	 0 0.006107
1150	00d.ma	412	395	152	105	255	255	334.68838354157	 15805	 0 0.003683
1151	00d.ma	412	395	242	356	131	286	303.00714267463	 23635	 0 0.005053
1152	00d.ma	412	395	100	88	327	235	396.776695296249	 31671	 0 0.007736
1153	00d.ma	412	395	189	344	104	207	323.22034611018	 21612	 0 0.004687
1154	00d.ma	412	395	123	111	298	266	376.575685169429	 28188	 0 0.006847
1155	00d.ma	412	395	317	176	18	74	427.700576850298	 23455	 0 0.005763
1156	00d.ma	412	395	21	97	331	189	428.114790412669	 41231	 0 0.011067
1157	00d.ma	412	395	253	178	13	198	311.46298679729	 11357	 0 0.00284
1158	00d.ma	412	395	262	197	191	74	416.374675042609	 39683	 0 0.008627
1159	00d.ma	412	395	53	148	368	221	428.558441226599	 40004	 0 0.010887
1160	00d.ma	412	395	272	350	117	230	349.87720035966	 35258	 0 0.008465
1161	00d.ma	412	395	27	133	216	208	266.53405460914	 15746	 0 0.003956
1162	00d.ma	412	395	291	346	92	207	377.806132547809	 36473	 0 0.009877
1163	00d.ma	412	395	200	178	311	62	431.04877323492	 40149	 0 0.00907
1164	00d.ma	412	395	162	135	309	12	430.859956416829	 30177	 0 0.0067
1165	00d.ma	412	395	202	138	270	33	431.859956416829	 34554	 0 0.00745
1166	00d.ma	412	395	104	136	274	315	351.676190232839	 16730	 0 0.003677
1167	00d.ma	412	395	294	317	75	177	386.788888604979	 36288	 0 0.009347
1168	00d.ma	412	395	18	121	359	111	438.931024228679	 44861	 0 0.01212
1169	00d.ma	412	395	223	279	49	194	318.86500705093	 22265	 0 0.005253
1170	00d.ma	412	395	285	187	75	35	431.102597103939	 30776	 0 0.00682
1171	00d.ma	412	395	82	173	220	319	309.2792206133	 16253	 0 0.003752
1172	00d.ma	412	395	344	225	79	124	433.730014101859	 31049	 0 0.008
1173	00d.ma	412	395	61	178	340	305	393.345237791049	 20937	 0 0.005218
1174	00d.ma	412	395	47	141	303	288	381.315800539489	 23264	 0 0.006373
1175	00d.ma	412	395	149	112	237	186	284.19090885862	 17909	 0 0.004488
1176	00d.ma	412	395	257	321	97	204	327.20815280145	 23776	 0 0.005552
1177	00d.ma	412	395	81	255	361	310	407.884343034288	 12752	 0 0.00307
1178	00d.ma	412	395	178	217	284	15	438.315800539489	 35465	 0 0.007848
1179	00d.ma	412	395	263	102	217	72	432.759451353419	 34176	 0 0.007133
1180	00d.ma	412	395	66	23	304	145	437.948268171509	 44494	 0 0.011536
1181	00d.ma	412	395	191	170	322	71	438.19090885862	 42591	 0 0.009706
1182	00d.ma	412	395	117	146	199	294	312.39191898544	 19483	 0 0.004548
1183	00d.ma	412	395	319	279	137	126	389.073159852379	 40610	 0 0.010213
1184	00d.ma	412	395	270	307	32	173	366.33304448232	 18951	 0 0.004824
1185	00d.ma	412	395	8	171	244	175	301.66399692411	 17915	 0 0.004361
1186	00d.ma	412	395	141	50	317	156	432.048773234919	 44567	 0 0.010712
1187	00d.ma	412	395	259	247	32	86	354.801081913709	 16953	 0 0.004077
1188	00d.ma	412	395	268	240	105	52	369.63455967255	 23924	 0 0.005482
1189	00d.ma	412	395	46	164	236	312	346.97770542307	 20724	 0 0.00489
1190	00d.ma	412	395	106	106	207	195	238.65180361538	 14602	 0 0.003564
1191	00d.ma	412	395	325	22	178	180	441.274169979199	 35791	 0 0.009284
1192	00d.ma	412	395	225	268	107	92	329.62236636382	 20131	 0 0.004556
1193	00d.ma	412	395	117	145	337	303	393.244732727639	 20315	 0 0.004859
1194	00d.ma	412	395	360	197	9	143	449.801081913709	 25960	 0 0.006523
1195	00d.ma	412	395	156	369	120	211	341.989898731799	 20417	 0 0.004635
1196	00d.ma	412	395	360	230	56	122	440.457936163189	 24712	 0 0.0064
1197	00d.ma	412	395	191	62	112	309	445.185858224518	 42802	 0 0.010587
1198	00d.ma	412	395	245	228	56	67	341.9898987318	 16052	 0 0.003623
1199	00d.ma	412	395	175	47	320	135	444.445742854459	 41961	 0 0.009562
1200	00d.ma	412	395	72	138	281	315	363.345237791049	 18649	 0 0.004427
1201	00d.ma	412	395	73	99	244	262	351.20310216735	 25108	 0 0.006459
1202	00d.ma	412	395	95	72	346	196	441.232539418909	 51193	 0 0.012881
1203	00d.ma	412	395	352	62	176	153	446.806132547809	 34762	 0 0.008131
1204	00d.ma	412	395	51	21	288	187	446.102597103939	 48727	 0 0.013312
1205	00d.ma	412	395	287	273	132	98	395.747258044689	 35998	 0 0.008413
1206	00d.ma	412	395	32	50	332	139	449.717820793129	 45316	 0 0.01118
1207	00d.ma	412	395	133	95	361	207	442.416305602899	 48114	 0 0.011685
1208	00d.ma	412	395	103	122	244	309	351.32085117359	 19714	 0 0.004542
1209	00d.ma	412	395	287	264	68	103	395.445742854459	 31553	 0 0.007906
1210	00d.ma	412	395	22	224	343	285	420.801081913708	 15772	 0 0.003566
1211	00d.ma	412	395	122	86	251	176	315.73506473596	 31402	 0 0.007635
1212	00d.ma	412	395	215	174	137	123	257.97770542307	 12754	 0 0.002654
1213	00d.ma	412	395	83	233	384	155	486.747258044689	 58172	 0 0.015466
1214	00d.ma	412	395	303	145	69	8	450.705627484399	 25353	 0 0.005656
1215	00d.ma	412	395	229	90	271	180	452.031529292089	 46600	 0 0.011888
1216	00d.ma	412	395	368	44	151	150	455.291413922029	 35550	 0 0.009189
1217	00d.ma	412	395	40	119	391	193	454.629509038449	 39008	 0 0.010141
1218	00d.ma	412	395	98	14	111	303	451.646752981278	 40141	 0 0.009821
1219	00d.ma	412	395	31	172	388	172	484.203102167349	 56986	 0 0.015598
1220	00d.ma	412	395	341	181	25	76	450.529003975039	 26146	 0 0.0062
1221	00d.ma	412	395	324	253	83	82	414.2741699792	 31826	 0 0.007882
1222	00d.ma	412	395	53	86	253	183	326.01933598336	 29246	 0 0.007509
1223	00d.ma	412	395	230	243	53	76	340.09040379521	 15323	 0 0.003421
1224	00d.ma	412	395	321	195	32	58	449.286363287929	 28488	 0 0.007027
1225	00d.ma	412	395	111	220	365	379	429.943217537408	 24113	 0 0.005515
1226	00d.ma	412	395	337	226	130	85	453.203102167349	 31692	 0 0.007385
1227	00d.ma	412	395	97	219	225	376	353.10764773804	 14683	 0 0.003287
1228	00d.ma	412	395	218	347	93	257	352.07821048648	 28805	 0 0.006307
1229	00d.ma	412	395	306	233	163	70	413.244732727639	 37433	 0 0.008302
1230	00d.ma	412	395	70	271	178	306	352.345237791049	 18750	 0 0.004119
1231	00d.ma	412	395	369	77	170	150	460.291413922029	 34327	 0 0.008078
1232	00d.ma	412	395	282	185	185	17	460.286363287929	 37926	 0 0.007898
1233	00d.ma	412	395	236	295	67	114	354.918830919949	 20262	 0 0.004655
1234	00d.ma	412	395	178	17	288	185	460.457936163188	 48653	 0 0.01172
1235	00d.ma	412	395	329	279	129	106	409.90158697712	 40570	 0 0.009881
1236	00d.ma	412	395	328	40	202	176	458.333044482319	 35840	 0 0.008629
1237	00d.ma	412	395	345	361	101	247	433.043722600819	 42459	 0 0.010683
1238	00d.ma	412	395	97	187	210	363	334.96551211434	 16584	 0 0.003574
1239	00d.ma	412	395	80	184	180	338	340.634559672549	 22609	 0 0.004829
1240	00d.ma	412	395	98	189	299	370	385.605122420989	 22533	 0 0.004999
1241	00d.ma	412	395	103	170	190	343	335.320851173589	 21158	 0 0.004473
1242	00d.ma	412	395	61	249	315	344	436.24473272764	 26349	 0 0.006383
1243	00d.ma	412	395	317	135	45	14	466.989898731799	 23666	 0 0.005351
1244	00d.ma	412	395	390	170	69	198	493.658946290008	 22877	 0 0.005625
1245	00d.ma	412	395	237	362	100	185	336.35028842515	 22189	 0 0.005129
1246	00d.ma	412	395	243	189	88	69	322.66399692411	 14254	 0 0.003609
1247	00d.ma	412	395	251	61	130	267	462.587878478159	 48661	 0 0.012346
1248	00d.ma	412	395	64	83	345	206	454.315800539489	 56359	 0 0.014621
1249	00d.ma	412	395	166	55	349	162	465.445742854459	 43171	 0 0.009889
1250	00d.ma	412	395	291	145	229	46	463.658946290008	 39719	 0 0.008509
1251	00d.ma	412	395	310	323	38	178	425.232539418909	 38516	 0 0.009829
1252	00d.ma	412	395	115	303	225	380	343.00714267463	 5282	 0 0.00092
1253	00d.ma	412	395	316	132	66	8	469.504617357579	 26462	 0 0.005915
1254	00d.ma	412	395	43	106	242	160	309.2741699792	 29301	 0 0.007661
1255	00d.ma	412	395	126	23	257	226	388.877200359659	 35912	 0 0.009022
1256	00d.ma	412	395	74	176	264	330	363.421356237	 26028	 0 0.005956
1257	00d.ma	412	395	119	295	192	13	469.499566723478	 22078	 0 0.00479
1258	00d.ma	412	395	89	233	319	382	431.759451353419	 24773	 0 0.005489
1259	00d.ma	412	395	342	229	44	88	466.872149725559	 26913	 0 0.006594
1260	00d.ma	412	395	132	30	314	213	445.918830919949	 45935	 0 0.011724
1261	00d.ma	412	395	211	371	97	180	345.45079348856	 21280	 0 0.004868
1262	00d.ma	412	395	175	94	298	234	422.487373414749	 39704	 0 0.009044
1263	00d.ma	412	395	76	190	291	362	395.877200359659	 25060	 0 0.005602
1264	00d.ma	412	395	304	134	202	17	470.043722600818	 32290	 0 0.006572
1265	00d.ma	412	395	86	187	260	359	356.048773234919	 18447	 0 0.004402
1266	00d.ma	412	395	16	216	319	311	446.173664915789	 27127	 0 0.006753
1267	00d.ma	412	395	135	298	245	387	344.421356236999	 7961	 0 0.001347
1268	00d.ma	412	395	346	78	194	198	469.161471607058	 35466	 0 0.008457
1269	00d.ma	412	395	321	44	201	145	470.889393668389	 41051	 0 0.00963
1270	00d.ma	412	395	39	220	322	334	445.759451353419	 28008	 0 0.006987
1271	00d.ma	412	395	156	105	219	174	286.09040379521	 20018	 0 0.004742
1272	00d.ma	412	395	195	314	46	196	366.22034611018	 27045	 0 0.006098
1273	00d.ma	412	395	45	248	281	323	419.53405460914	 27065	 0 0.00658
1274	00d.ma	412	395	76	159	244	324	345.97770542307	 23518	 0 0.005522
1275	00d.ma	412	395	188	71	330	199	475.972654788968	 51704	 0 0.012022
1276	00d.ma	412	395	56	242	271	334	400.60512242099	 25138	 0 0.005845
1277	00d.ma	412	395	55	229	262	325	383.49242404885	 24755	 0 0.005797
1278	00d.ma	412	395	268	127	257	51	469.073159852379	 39783	 0 0.008211
1279	00d.ma	412	395	344	176	189	95	476.658946290009	 44240	 0 0.009687
1280	00d.ma	412	395	166	74	233	196	324.8477631081	 29708	 0 0.007026
1281	00d.ma	412	395	284	110	223	150	480.203102167348	 38330	 0 0.008274
1282	00d.ma	412	395	346	336	118	144	431.386868351339	 46790	 0 0.012325
1283	00d.ma	412	395	39	103	216	278	351.40411229417	 26255	 0 0.007054
1284	00d.ma	412	395	309	73	181	252	479.676190232839	 39827	 0 0.0095
1285	00d.ma	412	395	305	218	150	31	446.031529292089	 39449	 0 0.008631
1286	00d.ma	412	395	248	106	276	181	480.730014101858	 46202	 0 0.010371
1287	00d.ma	412	395	85	251	367	357	451.712770159029	 22812	 0 0.005984
1288	00d.ma	412	395	43	240	351	331	452.428498911629	 23369	 0 0.005791
1289	00d.ma	412	395	352	128	188	103	480.931024228679	 42213	 0 0.009172
1290	00d.ma	412	395	354	121	175	54	478.416305602899	 31754	 0 0.006516
1291	00d.ma	412	395	331	132	209	52	481.587878478159	 37137	 0 0.008
1292	00d.ma	412	395	304	296	61	99	416.215295476079	 31262	 0 0.008073
1293	00d.ma	412	395	102	46	311	258	434.404112294169	 40677	 0 0.01041
1294	00d.ma	412	395	283	177	233	14	483.198051533248	 38794	 0 0.008171
1295	00d.ma	412	395	271	388	95	232	391.546247917869	 33736	 0 0.008497
1296	00d.ma	412	395	317	208	164	109	465.730014101859	 55233	 0 0.012565
1297	00d.ma	412	395	42	141	183	306	363.20310216735	 26266	 0 0.006319
1298	00d.ma	412	395	309	367	68	175	430.161471607059	 39532	 0 0.010171
1299	00d.ma	412	395	318	324	41	138	439.801081913709	 39735	 0 0.010598
1300	00d.ma	412	395	204	77	346	164	484.546247917869	 42036	 0 0.00985
1301	00d.ma	412	395	127	166	335	343	436.931024228679	 25737	 0 0.006408
1302	00d.ma	412	395	57	56	273	273	407.073159852378	 31820	 0 0.008448
1303	00d.ma	412	395	52	27	264	247	410.516810666309	 33991	 0 0.009295
1304	00d.ma	412	395	232	160	34	95	319.859956416829	 9695	 0 0.002186
1305	00d.ma	412	395	257	295	70	80	400.717820793129	 27744	 0 0.006851
1306	00d.ma	412	395	235	60	313	130	487.102597103939	 41685	 0 0.008701
1307	00d.ma	412	395	261	242	208	83	408.516810666309	 43436	 0 0.00961
1308	00d.ma	412	395	210	374	93	260	383.634559672549	 30721	 0 0.006888
1309	00d.ma	412	395	29	214	339	331	462.286363287929	 28077	 0 0.006829
1310	00d.ma	412	395	174	172	384	108	488.818325856539	 52026	 0 0.011757
1311	00d.ma	412	395	144	216	383	167	501.303607230759	 66122	 0 0.016468
1312	00d.ma	412	395	141	284	275	78	493.002092040529	 39892	 0 0.009098
1313	00d.ma	412	395	252	52	277	176	481.801081913708	 45306	 0 0.010089
1314	00d.ma	412	395	243	226	193	40	386.215295476078	 32712	 0 0.006897
1315	00d.ma	412	395	91	181	290	387	393.960461480239	 19261	 0 0.004277
1316	00d.ma	412	395	132	144	339	335	440.315800539489	 27984	 0 0.006895
1317	00d.ma	412	395	316	283	98	69	440.1320343555	 37750	 0 0.009326
1318	00d.ma	412	395	379	78	180	194	490.019335983358	 35509	 0 0.00848
1319	00d.ma	412	395	28	59	306	252	439.842712473998	 37182	 0 0.009575
1320	00d.ma	412	395	151	72	211	261	364.26197667047	 34453	 0 0.008489
1321	00d.ma	412	395	273	238	206	56	426.386868351339	 41334	 0 0.009216
1322	00d.ma	412	395	227	51	330	147	495.274169979199	 40533	 0 0.009326
1323	00d.ma	412	395	333	67	206	226	493.646752981278	 38542	 0 0.009063
1324	00d.ma	412	395	247	104	308	129	495.345237791049	 41230	 0 0.008829
1325	00d.ma	412	395	375	206	169	81	494.286363287929	 37599	 0 0.00824
1326	00d.ma	412	395	257	312	104	69	411.11984104677	 28876	 0 0.006458
1327	00d.ma	412	395	25	60	331	247	459.842712473998	 38078	 0 0.009683
1328	00d.ma	412	395	272	17	273	146	496.943217537409	 40854	 0 0.009334
1329	00d.ma	412	395	37	194	186	323	380.67619023284	 23919	 0 0.005662
1330	00d.ma	412	395	336	321	52	123	446.499566723478	 39646	 0 0.010616
1331	00d.ma	412	395	300	353	126	142	433.918830919949	 48753	 0 0.013009
1332	00d.ma	412	395	79	113	302	316	447.771644662149	 36073	 0 0.009581
1333	00d.ma	412	395	275	333	39	192	421.048773234919	 37882	 0 0.009341
1334	00d.ma	412	395	214	134	324	26	497.730014101859	 41885	 0 0.009126
1335	00d.ma	412	395	47	253	193	347	395.64675298128	 20357	 0 0.004329
1336	00d.ma	412	395	338	170	219	61	500.658946290009	 42612	 0 0.009212
1337	00d.ma	412	395	228	204	187	66	344.161471607059	 28578	 0 0.006454
1338	00d.ma	412	395	45	118	345	314	451.126983721398	 30226	 0 0.007906
1339	00d.ma	412	395	14	48	331	213	498.742207410588	 59144	 0 0.015871
1340	00d.ma	412	395	22	56	219	208	333.374675042609	 26755	 0 0.007061
1341	00d.ma	412	395	119	97	178	298	374.918830919949	 35126	 0 0.00845
1342	00d.ma	412	395	103	49	386	181	502.646752981279	 55472	 0 0.013377
1343	00d.ma	412	395	334	313	21	126	460.399061660068	 38195	 0 0.011192
1344	00d.ma	412	395	38	194	277	339	427.94826817151	 29676	 0 0.006945
1345	00d.ma	412	395	321	355	67	136	455.073159852378	 44353	 0 0.012114
1346	00d.ma	412	395	191	19	268	235	434.529003975039	 39838	 0 0.00998
1347	00d.ma	412	395	75	130	346	320	452.327993848218	 27511	 0 0.007165
1348	00d.ma	412	395	263	207	232	16	472.156420972958	 41165	 0 0.009006
1349	00d.ma	412	395	358	365	98	148	455.558441226599	 45200	 0 0.012363
1350	00d.ma	412	395	295	207	243	88	482.487373414749	 53558	 0 0.011215
1351	00d.ma	412	395	63	258	321	384	470.943217537409	 26290	 0 0.006111
1352	00d.ma	412	395	334	372	46	225	479.658946290009	 42287	 0 0.010505
1353	00d.ma	412	395	47	258	241	355	404.88939366839	 18239	 0 0.003944
1354	00d.ma	412	395	38	62	217	266	380.40411229417	 34007	 0 0.00903
1355	00d.ma	412	395	201	293	42	95	379.374675042609	 19050	 0 0.004074
1356	00d.ma	412	395	338	291	133	77	456.286363287929	 45203	 0 0.011365
1357	00d.ma	412	395	159	25	266	259	426.144227664228	 37271	 0 0.009344
1358	00d.ma	412	395	215	370	54	173	388.69343417567	 22561	 0 0.005391
1359	00d.ma	412	395	236	165	170	85	342.960461480239	 25618	 0 0.005455
1360	00d.ma	412	395	136	8	239	214	385.048773234919	 35808	 0 0.009179
1361	00d.ma	412	395	191	63	261	276	428.872149725558	 37873	 0 0.009303
1362	00d.ma	412	395	214	8	300	209	489.541197283768	 43925	 0 0.010644
1363	00d.ma	412	395	348	339	15	222	484.700576850298	 43300	 0 0.011091
1364	00d.ma	412	395	66	247	347	387	486.671139598739	 29919	 0 0.006955
1365	00d.ma	412	395	388	204	104	43	510.64675298128	 28821	 0 0.006552
1366	00d.ma	412	395	188	301	13	127	390.931024228679	 18606	 0 0.003862
1367	00d.ma	412	395	361	361	53	258	484.026478657988	 42763	 0 0.010612
1368	00d.ma	412	395	307	284	151	61	458.872149725559	 45983	 0 0.010149
1369	00d.ma	412	395	137	21	225	240	385.048773234919	 36741	 0 0.009381
1370	00d.ma	412	395	84	261	178	378	408.546247917869	 22084	 0 0.004665
1371	00d.ma	412	395	322	7	169	249	515.357431099779	 43909	 0 0.011087
1372	00d.ma	412	395	28	226	355	356	489.943217537408	 28892	 0 0.006966
1373	00d.ma	412	395	130	148	194	355	386.46298679729	 24320	 0 0.005374
1374	00d.ma	412	395	123	31	353	224	512.445742854458	 60903	 0 0.015931
1375	00d.ma	412	395	368	358	126	166	464.600071786889	 50767	 0 0.013724
1376	00d.ma	412	395	211	267	24	61	390.688383541569	 17627	 0 0.003761
1377	00d.ma	412	395	365	195	161	31	517.043722600819	 36372	 0 0.007789
1378	00d.ma	412	395	126	13	370	162	514.362481733879	 47735	 0 0.011463
1379	00d.ma	412	395	293	252	208	97	464.558441226599	 54937	 0 0.0121
1380	00d.ma	412	395	190	107	255	179	385.859956416829	 37575	 0 0.00849
1381	00d.ma	412	395	228	358	57	189	399.90663761122	 31696	 0 0.007634
1382	00d.ma	412	395	303	383	45	242	463.901586977118	 40255	 0 0.009381
1383	00d.ma	412	395	223	222	87	20	363.07821048648	 17788	 0 0.003844
1384	00d.ma	412	395	150	67	197	282	393.889393668389	 39096	 0 0.009749
1385	00d.ma	412	395	48	18	223	222	376.261976670469	 34452	 0 0.009518
1386	00d.ma	412	395	259	225	250	91	444.788888604979	 50664	 0 0.010644
1387	00d.ma	412	395	168	242	356	60	520.818325856539	 43601	 0 0.009963
1388	00d.ma	412	395	372	204	127	23	521.68838354157	 32584	 0 0.00705
1389	00d.ma	412	395	361	141	225	60	520.546247917869	 40587	 0 0.008536
1390	00d.ma	412	395	281	147	285	14	519.600071786888	 43149	 0 0.009181
1391	00d.ma	412	395	20	201	366	337	489.126983721398	 26334	 0 0.006102
1392	00d.ma	412	395	223	114	264	250	442.671139598738	 36500	 0 0.008658
1393	00d.ma	412	395	282	145	306	67	522.132034355499	 48521	 0 0.010187
1394	00d.ma	412	395	274	88	279	75	518.700576850299	 43918	 0 0.00909
1395	00d.ma	412	395	219	278	35	59	395.818325856539	 19826	 0 0.004372
1396	00d.ma	412	395	231	377	48	252	419.261976670469	 31423	 0 0.006935
1397	00d.ma	412	395	81	121	331	337	472.014285349259	 33630	 0 0.008715
1398	00d.ma	412	395	359	233	189	77	522.256926036369	 40422	 0 0.009079
1399	00d.ma	412	395	189	304	94	77	396.77669529625	 25467	 0 0.005715
1400	00d.ma	412	395	111	137	210	376	396.35028842515	 21617	 0 0.004754
1401	00d.ma	412	395	43	111	303	340	473.2741699792	 43053	 0 0.010827
1402	00d.ma	412	395	345	341	102	98	479.487373414749	 47981	 0 0.012759
1403	00d.ma	412	395	216	377	50	153	407.563491860699	 23445	 0 0.005319
1404	00d.ma	412	395	112	78	307	329	475.060966543649	 48720	 0 0.012048
1405	00d.ma	412	395	135	283	303	92	528.872149725559	 46906	 0 0.01099
1406	00d.ma	412	395	297	42	278	173	528.357431099779	 44282	 0 0.009839
1407	00d.ma	412	395	66	99	191	315	399.859956416829	 34166	 0 0.008192
1408	00d.ma	412	395	65	9	330	217	526.002092040528	 65283	 0 0.01796
1409	00d.ma	412	395	150	383	80	259	424.801081913708	 27709	 0 0.005624
1410	00d.ma	412	395	366	311	14	123	481.068109218278	 36999	 0 0.010445
1411	00d.ma	412	395	242	311	172	73	432.031529292089	 40101	 0 0.00886
1412	00d.ma	412	395	154	155	382	160	532.78888860498	 71725	 0 0.019116
1413	00d.ma	412	395	378	192	131	18	529.37467504261	 33270	 0 0.007305
1414	00d.ma	412	395	388	377	114	156	479.055915909548	 47229	 0 0.015141
1415	00d.ma	412	395	60	42	243	156	373.960461480239	 41003	 0 0.010999
1416	00d.ma	412	395	124	151	377	371	481.742207410588	 27268	 0 0.006468
1417	00d.ma	412	395	67	205	334	386	499.629509038449	 31717	 0 0.007218
1418	00d.ma	412	395	184	57	364	228	526.712770159029	 57734	 0 0.013824
1419	00d.ma	412	395	202	66	236	277	428.445742854459	 39372	 0 0.009557
1420	00d.ma	412	395	114	7	292	272	480.362481733879	 49222	 0 0.013181
1421	00d.ma	412	395	355	356	60	122	487.055915909548	 45308	 0 0.012214
1422	00d.ma	412	395	20	73	324	301	484.783837970878	 42584	 0 0.011523
1423	00d.ma	412	395	61	268	246	390	432.10259710394	 18735	 0 0.003878
1424	00d.ma	412	395	216	272	26	43	410.788888604979	 19760	 0 0.004279
1425	00d.ma	412	395	193	81	244	298	437.546247917869	 39206	 0 0.009672
1426	00d.ma	412	395	223	24	239	217	415.114790412669	 37612	 0 0.009469
1427	00d.ma	412	395	203	342	80	113	409.303607230759	 30923	 0 0.007119
1428	00d.ma	412	395	230	241	223	49	418.002092040529	 41489	 0 0.008827
1429	00d.ma	412	395	238	294	73	39	432.232539418909	 30469	 0 0.006871
1430	00d.ma	412	395	50	120	174	340	409.244732727639	 31418	 0 0.007073
1431	00d.ma	412	395	195	7	248	201	414.102597103939	 37895	 0 0.009855
1432	00d.ma	412	395	251	242	233	27	446.813275222438	 42008	 0 0.009243
1433	00d.ma	412	395	187	355	42	131	414.688383541569	 21482	 0 0.004658
1434	00d.ma	412	395	133	33	286	300	458.416305602898	 40513	 0 0.010528
1435	00d.ma	412	395	308	86	266	99	536.286363287929	 43863	 0 0.009181
1436	00d.ma	412	395	42	19	282	279	486.943217537408	 49852	 0 0.014027
1437	00d.ma	412	395	247	195	207	17	409.730014101858	 31124	 0 0.006514
1438	00d.ma	412	395	169	51	286	304	457.570634535328	 38788	 0 0.009688
1439	00d.ma	412	395	228	59	284	258	489.315800539488	 47350	 0 0.011606
1440	00d.ma	412	395	242	185	160	10	394.747258044689	 26609	 0 0.005585
1441	00d.ma	412	395	176	109	280	302	463.842712473998	 37292	 0 0.008739
1442	00d.ma	412	395	213	142	387	86	542.1320343555	 51200	 0 0.011338
1443	00d.ma	412	395	53	156	150	373	426.658946290009	 30582	 0 0.006659
1444	00d.ma	412	395	170	167	367	149	543.859956416829	 84800	 0 0.021162
1445	00d.ma	412	395	123	146	147	368	413.931024228679	 30615	 0 0.006891
1446	00d.ma	412	395	198	277	182	61	413.587878478159	 39014	 0 0.008794
1447	00d.ma	412	395	235	293	42	33	439.717820793129	 24643	 0 0.005411
1448	00d.ma	412	395	227	36	326	236	511.984848097698	 42209	 0 0.009619
1449	00d.ma	412	395	58	195	381	373	513.097546469838	 30545	 0 0.007437
1450	00d.ma	412	395	50	26	280	292	463.972654788968	 39672	 0 0.010543
1451	00d.ma	412	395	150	361	26	214	443.901586977119	 26659	 0 0.00564
1452	00d.ma	412	395	317	83	266	183	548.002092040529	 48052	 0 0.010713
1453	00d.ma	412	395	258	310	60	34	461.102597103939	 29653	 0 0.006742
1454	00d.ma	412	395	169	83	212	309	418.74725804469	 37844	 0 0.009441
1455	00d.ma	412	395	56	29	274	304	465.073159852378	 40099	 0 0.010384
1456	00d.ma	412	395	124	100	178	344	419.989898731799	 37357	 0 0.008593
1457	00d.ma	412	395	366	226	77	25	537.48737341475	 31755	 0 0.007353
1458	00d.ma	412	395	375	359	92	121	490.327993848219	 46837	 0 0.012904
1459	00d.ma	412	395	28	171	211	383	430.17871554989	 21805	 0 0.005091
1460	00d.ma	412	395	145	118	237	358	415.9898987318	 24474	 0 0.005876
1461	00d.ma	412	395	301	299	176	44	479.813275222438	 46658	 0 0.009859
1462	00d.ma	412	395	27	83	306	331	498.570634535329	 46306	 0 0.012132
1463	00d.ma	412	395	171	20	385	192	550.943217537409	 50260	 0 0.011798
1464	00d.ma	412	395	37	130	255	361	428.587878478159	 26576	 0 0.006332
1465	00d.ma	412	395	212	88	208	187	352.605122420989	 34239	 0 0.007884
1466	00d.ma	412	395	264	22	278	221	501.156420972958	 41194	 0 0.010254
1467	00d.ma	412	395	260	359	15	183	435.33304448232	 26730	 0 0.00597
1468	00d.ma	412	395	344	309	122	48	501.215295476079	 47652	 0 0.01127
1469	00d.ma	412	395	160	382	46	203	447.073159852378	 28946	 0 0.006245
1470	00d.ma	412	395	144	119	172	353	420.759451353419	 33055	 0 0.00775
1471	00d.ma	412	395	251	24	347	126	556.014285349259	 44490	 0 0.009527
1472	00d.ma	412	395	270	213	285	38	511.771644662148	 52525	 0 0.011063
1473	00d.ma	412	395	35	103	155	327	427.327993848219	 34961	 0 0.007987
1474	00d.ma	412	395	315	16	136	289	558.29855659666	 50724	 0 0.013768
1475	00d.ma	412	395	318	250	241	89	510.114790412669	 58929	 0 0.013549
1476	00d.ma	412	395	371	208	212	37	552.925973594579	 40720	 0 0.008923
1477	00d.ma	412	395	187	301	89	45	428.67619023284	 26906	 0 0.00599
1478	00d.ma	412	395	100	75	213	348	430.35028842515	 35392	 0 0.008203
1479	00d.ma	412	395	251	285	214	46	462.943217537408	 47529	 0 0.010246
1480	00d.ma	412	395	123	119	190	376	427.60512242099	 31623	 0 0.00715
1481	00d.ma	412	395	194	302	30	63	430.730014101859	 23925	 0 0.005125
1482	00d.ma	412	395	362	359	10	156	518.327993848219	 45379	 0 0.011385
1483	00d.ma	412	395	84	122	228	365	430.50461735758	 24041	 0 0.005605
1484	00d.ma	412	395	332	31	273	123	559.014285349259	 41982	 0 0.008784
1485	00d.ma	412	395	67	96	328	356	508.085353161109	 46640	 0 0.011994
1486	00d.ma	412	395	126	15	268	315	479.303607230758	 44173	 0 0.011543
1487	00d.ma	412	395	252	126	357	49	556.5584412266	 48716	 0 0.013786
1488	00d.ma	412	395	284	209	281	84	525.629509038449	 64077	 0 0.015401
1489	00d.ma	412	395	286	123	328	50	560.144227664229	 48344	 0 0.009939
1490	00d.ma	412	395	223	304	102	19	447.07821048648	 29701	 0 0.006395
1491	00d.ma	412	395	112	57	185	325	436.119841046769	 43876	 0 0.010632
1492	00d.ma	412	395	363	311	21	70	513.523953340938	 39836	 0 0.010367
1493	00d.ma	412	395	318	285	216	90	513.014285349259	 59433	 0 0.013177
1494	00d.ma	412	395	221	49	265	293	482.499566723478	 43024	 0 0.01058
1495	00d.ma	412	395	80	68	289	339	491.50461735758	 51766	 0 0.012942
1496	00d.ma	412	395	169	341	130	86	437.203102167349	 35500	 0 0.007869
1497	00d.ma	412	395	282	10	322	128	564.641702347179	 42778	 0 0.008697
1498	00d.ma	412	395	211	57	330	279	513.198051533248	 43676	 0 0.01009
1499	00d.ma	412	395	295	87	318	173	562.043722600819	 44404	 0 0.009786
1500	00d.ma	412	395	291	390	47	126	466.499566723478	 32597	 0 0.008487
1501	00d.ma	412	395	316	285	171	16	517.913780285849	 52035	 0 0.011378
1502	00d.ma	412	395	329	44	132	294	567.35743109978	 50366	 0 0.012387
1503	00d.ma	412	395	261	393	33	183	451.747258044689	 28197	 0 0.006996
1504	00d.ma	412	395	258	190	231	3	448.499566723478	 34356	 0 0.007437
1505	00d.ma	412	395	145	365	110	108	440.859956416829	 28638	 0 0.006779
1506	00d.ma	412	395	296	377	18	137	487.872149725558	 37277	 0 0.009158
1507	00d.ma	412	395	351	357	11	118	524.754400719318	 45081	 0 0.011807
1508	00d.ma	412	395	93	77	364	347	518.085353161108	 44177	 0 0.011113
1509	00d.ma	412	395	226	158	84	13	385.63455967255	 14950	 0 0.003055
1510	00d.ma	412	395	204	51	289	305	487.198051533248	 41975	 0 0.010343
1511	00d.ma	412	395	103	14	307	304	516.960461480238	 55993	 0 0.015428
1512	00d.ma	412	395	34	41	346	305	524.097546469838	 43842	 0 0.011525
1513	00d.ma	412	395	321	371	133	85	519.345237791048	 53299	 0 0.014016
1514	00d.ma	412	395	281	29	289	221	525.671139598738	 40958	 0 0.013793
1515	00d.ma	412	395	217	253	235	33	445.730014101858	 43968	 0 0.009749
1516	00d.ma	412	395	194	297	62	34	443.960461480239	 27678	 0 0.0063
1517	00d.ma	412	395	202	290	200	53	445.658946290009	 46450	 0 0.010418
1518	00d.ma	412	395	163	359	23	149	452.717820793129	 27230	 0 0.006047
1519	00d.ma	412	395	267	9	344	160	572.055915909549	 42983	 0 0.009103
1520	00d.ma	412	395	255	93	222	202	404.676190232839	 34502	 0 0.008028
1521	00d.ma	412	395	300	360	72	79	505.274169979198	 49659	 0 0.013062
1522	00d.ma	412	395	72	18	275	319	489.830519165268	 44270	 0 0.011344
1523	00d.ma	412	395	57	73	241	343	448.475180106019	 36607	 0 0.009059
1524	00d.ma	412	395	282	40	320	187	567.54119728377	 49573	 0 0.011067
1525	00d.ma	412	395	344	315	178	54	524.411254968799	 54476	 0 0.011952
1526	00d.ma	412	395	197	370	12	137	453.889393668389	 24328	 0 0.005282
1527	00d.ma	412	395	177	24	258	318	490.286363287928	 45860	 0 0.011761
1528	00d.ma	412	395	211	31	291	297	502.340187156948	 43836	 0 0.011367
1529	00d.ma	412	395	12	227	253	393	470.8477631081	 22688	 0 0.004952
1530	00d.ma	412	395	214	278	226	93	448.060966543649	 55409	 0 0.012471
1531	00d.ma	412	395	10	64	165	306	454.470129471919	 39237	 0 0.009438
1532	00d.ma	412	395	306	371	107	66	512.575685169429	 49365	 0 0.013404
1533	00d.ma	412	395	236	5	252	181	448.156420972959	 40629	 0 0.009648
1534	00d.ma	412	395	346	319	25	51	531.825468531168	 44162	 0 0.01138
1535	00d.ma	412	395	237	325	46	58	452.818325856539	 27810	 0 0.006279
1536	00d.ma	412	395	14	97	266	340	471.658946290009	 37445	 0 0.009384
1537	00d.ma	412	395	240	111	254	165	440.558441226598	 41786	 0 0.0092
1538	00d.ma	412	395	217	384	95	91	450.764501987519	 34192	 0 0.008301
1539	00d.ma	412	395	229	326	65	51	449.333044482319	 30826	 0 0.007234
1540	00d.ma	412	395	255	351	98	74	449.01933598336	 40751	 0 0.010542
1541	00d.ma	412	395	157	352	137	87	455.073159852379	 37421	 0 0.00859
1542	00d.ma	412	395	335	309	182	37	533.340187156949	 55372	 0 0.012006
1543	00d.ma	412	395	369	227	188	5	580.85490578273	 39291	 0 0.008345
1544	00d.ma	412	395	90	89	219	383	453.83556979937	 31569	 0 0.007302
1545	00d.ma	412	395	189	19	311	297	532.298556596658	 54168	 0 0.013899
1546	00d.ma	412	395	366	376	14	139	540.754400719318	 46636	 0 0.012105
1547	00d.ma	412	395	336	301	207	99	531.198051533249	 60745	 0 0.013516
1548	00d.ma	412	395	35	91	182	358	459.144227664229	 36722	 0 0.008516
1549	00d.ma	412	395	338	77	312	142	583.717820793128	 39870	 0 0.008349
1550	00d.ma	412	395	100	51	202	345	455.90663761122	 43025	 0 0.01037
1551	00d.ma	412	395	260	179	254	49	455.587878478159	 41991	 0 0.008882
1552	00d.ma	412	395	271	278	264	66	505.943217537409	 56092	 0 0.012158
1553	00d.ma	412	395	283	380	97	81	482.445742854459	 46265	 0 0.012175
1554	00d.ma	412	395	326	359	149	67	535.943217537409	 55137	 0 0.01341
1555	00d.ma	412	395	193	62	350	314	536.411254968799	 47964	 0 0.01134
1556	00d.ma	412	395	144	24	343	313	537.913780285849	 53659	 0 0.013692
1557	00d.ma	412	395	160	332	45	67	462.114790412669	 25722	 0 0.005641
1558	00d.ma	412	395	101	91	149	369	461.445742854459	 42466	 0 0.009655
1559	00d.ma	412	395	173	334	62	64	459.658946290009	 29241	 0 0.006648
1560	00d.ma	412	395	334	322	14	47	538.411254968799	 45311	 0 0.011803
1561	00d.ma	412	395	92	111	273	381	477.700576850299	 28117	 0 0.006423
1562	00d.ma	412	395	68	84	337	374	542.22748878481	 51494	 0 0.012732
1563	00d.ma	412	395	212	357	78	61	462.877200359659	 32824	 0 0.007501
1564	00d.ma	412	395	83	86	234	380	462.94826817151	 35053	 0 0.008058
1565	00d.ma	412	395	64	102	343	389	540.05591590955	 47417	 0 0.011726
1566	00d.ma	412	395	227	353	154	64	464.575685169429	 47088	 0 0.010818
1567	00d.ma	412	395	216	328	128	27	462.90663761122	 40093	 0 0.009065
1568	00d.ma	412	395	220	7	365	225	587.281312653829	 58654	 0 0.01383
1569	00d.ma	412	395	265	16	302	248	541.582827844059	 43327	 0 0.010496
1570	00d.ma	412	395	269	98	359	88	590.357431099779	 55345	 0 0.012048
1571	00d.ma	412	395	248	156	245	111	443.286363287929	 47435	 0 0.010151
1572	00d.ma	412	395	329	303	195	23	544.239682093539	 55469	 0 0.012174
1573	00d.ma	412	395	350	142	308	86	595.44574285446	 58284	 0 0.012866
1574	00d.ma	412	395	356	329	14	54	547.523953340938	 45352	 0 0.012082
1575	00d.ma	412	395	302	216	317	75	563.487373414749	 60805	 0 0.012886
1576	00d.ma	412	395	346	380	91	75	546.457936163189	 50879	 0 0.014132
1577	00d.ma	412	395	193	76	197	325	466.203102167349	 45489	 0 0.011038
1578	00d.ma	412	395	365	69	283	174	594.97265478897	 44049	 0 0.009567
1579	00d.ma	412	395	269	233	317	59	530.073159852379	 56898	 0 0.012123
1580	00d.ma	412	395	168	301	193	56	466.600071786889	 45793	 0 0.010424
1581	00d.ma	412	395	172	45	361	328	550.967604154869	 50672	 0 0.012187
1582	00d.ma	412	395	330	345	48	42	550.671139598739	 49289	 0 0.012813
1583	00d.ma	412	395	317	300	200	10	551.340187156949	 56148	 0 0.012296
1584	00d.ma	412	395	244	33	315	279	549.925973594579	 47384	 0 0.011489
1585	00d.ma	412	395	216	277	229	15	472.771644662148	 45944	 0 0.010114
1586	00d.ma	412	395	297	331	164	33	543.617315729719	 56923	 0 0.01291
1587	00d.ma	412	395	251	13	326	260	555.452885529089	 43084	 0 0.010481
1588	00d.ma	412	395	137	373	87	121	471.327993848218	 35047	 0 0.00862
1589	00d.ma	412	395	199	321	187	40	474.386868351339	 47203	 0 0.010207
1590	00d.ma	412	395	186	340	121	38	473.43354954573	 36310	 0 0.007762
1591	00d.ma	412	395	193	382	27	99	476.830519165268	 25802	 0 0.005825
1592	00d.ma	412	395	269	14	218	229	463.771644662149	 40827	 0 0.010564
1593	00d.ma	412	395	332	356	11	64	555.825468531169	 47818	 0 0.014765
1594	00d.ma	412	395	280	74	343	216	598.08535316111	 56191	 0 0.01283
1595	00d.ma	412	395	204	358	158	61	476.303607230759	 46507	 0 0.010782
1596	00d.ma	412	395	230	177	268	69	432.132034355499	 41187	 0 0.008772
1597	00d.ma	412	395	190	78	298	349	537.75945135342	 58327	 0 0.014679
1598	00d.ma	412	395	104	50	254	358	476.534054609139	 42944	 0 0.010465
1599	00d.ma	412	395	320	328	140	14	551.73001410186	 56071	 0 0.012517
1600	00d.ma	412	395	302	135	363	64	601.203102167349	 53977	 0 0.011314
1601	00d.ma	412	395	250	21	262	295	523.854905782729	 44431	 0 0.011552
1602	00d.ma	412	395	59	51	255	334	478.646752981279	 46427	 0 0.011913
1603	00d.ma	412	395	161	48	209	349	479.475180106019	 43841	 0 0.011027
1604	00d.ma	412	395	339	233	256	16	604.482322780651	 46911	 0 0.010001
1605	00d.ma	412	395	336	361	126	42	557.5584412266	 54216	 0 0.013383
1606	00d.ma	412	395	344	387	59	80	558.399061660068	 50051	 0 0.014052
1607	00d.ma	412	395	198	356	50	53	482.303607230759	 29343	 0 0.006812
1608	00d.ma	412	395	117	12	353	327	556.872149725559	 55471	 0 0.014486
1609	00d.ma	412	395	193	387	26	99	482.830519165268	 26107	 0 0.006022
1610	00d.ma	412	395	201	80	206	335	478.818325856539	 44722	 0 0.011004
1611	00d.ma	412	395	197	65	188	332	485.487373414749	 49004	 0 0.011981
1612	00d.ma	412	395	55	85	161	379	486.558441226599	 42568	 0 0.009247
1613	00d.ma	412	395	21	56	161	335	485.641702347178	 41425	 0 0.009694
1614	00d.ma	412	395	269	34	257	286	526.399061660069	 43237	 0 0.010882
1615	00d.ma	412	395	286	44	290	259	557.014285349259	 47119	 0 0.011551
1616	00d.ma	412	395	54	7	329	323	560.771644662149	 57280	 0 0.016086
1617	00d.ma	412	395	165	77	158	355	483.943217537409	 48128	 0 0.011576
1618	00d.ma	412	395	282	28	286	261	559.984848097699	 48355	 0 0.012144
1619	00d.ma	412	395	255	262	291	49	517.357431099779	 57248	 0 0.012223
1620	00d.ma	412	395	23	91	355	383	560.96760415487	 47145	 0 0.011639
1621	00d.ma	412	395	170	340	122	31	487.475180106019	 36374	 0 0.007933
1622	00d.ma	412	395	37	42	261	330	498.617315729719	 47968	 0 0.012429
1623	00d.ma	412	395	255	211	303	111	515.002092040529	 67087	 0 0.014549
1624	00d.ma	412	395	195	361	14	66	490.457936163188	 26784	 0 0.005942
1625	00d.ma	412	395	205	83	163	321	487.043722600818	 50435	 0 0.012074
1626	00d.ma	412	395	63	68	218	385	488.19090885862	 35897	 0 0.008401
1627	00d.ma	412	395	174	49	241	345	485.658946290009	 44141	 0 0.011323
1628	00d.ma	412	395	136	34	169	337	487.688383541569	 48821	 0 0.012247
1629	00d.ma	412	395	91	48	198	370	489.291413922029	 44370	 0 0.010213
1630	00d.ma	412	395	115	35	261	355	495.261976670469	 47165	 0 0.011855
1631	00d.ma	412	395	359	326	207	57	568.210244841979	 57724	 0 0.013039
1632	00d.ma	412	395	225	296	247	25	506.529003975038	 51347	 0 0.01107
1633	00d.ma	412	395	213	110	356	317	570.381817717239	 46279	 0 0.010974
1634	00d.ma	412	395	326	328	172	11	570.47012947192	 57580	 0 0.012706
1635	00d.ma	412	395	127	43	187	362	492.504617357579	 47082	 0 0.011494
1636	00d.ma	412	395	200	68	161	324	490.428498911628	 51200	 0 0.012437
1637	00d.ma	412	395	40	51	340	368	572.126983721399	 53583	 0 0.014087
1638	00d.ma	412	395	236	342	158	32	490.960461480239	 49475	 0 0.011635
1639	00d.ma	412	395	160	77	168	370	489.801081913709	 47301	 0 0.011193
1640	00d.ma	412	395	46	71	257	373	491.416305602899	 38418	 0 0.009062
1641	00d.ma	412	395	146	67	179	378	495.688383541569	 46734	 0 0.011323
1642	00d.ma	412	395	133	36	192	357	494.918830919949	 47099	 0 0.011704
1643	00d.ma	412	395	319	258	297	59	574.570634535329	 59975	 0 0.01268
1644	00d.ma	412	395	287	255	304	48	568.114790412669	 59970	 0 0.012516
1645	00d.ma	412	395	170	320	91	6	495.37467504261	 32820	 0 0.007218
1646	00d.ma	412	395	243	32	201	288	495.771644662149	 49818	 0 0.013421
1647	00d.ma	412	395	191	91	291	361	539.62950903845	 55602	 0 0.013356
1648	00d.ma	412	395	147	381	34	91	497.055915909548	 25267	 0 0.005809
1649	00d.ma	412	395	239	329	147	16	494.747258044689	 48254	 0 0.010704
1650	00d.ma	412	395	229	361	40	44	496.717820793129	 32852	 0 0.007658
1651	00d.ma	412	395	219	255	297	80	498.546247917869	 59888	 0 0.013155
1652	00d.ma	412	395	353	343	118	7	578.286363287929	 52599	 0 0.012099
1653	00d.ma	412	395	95	10	293	350	555.16147160706	 58829	 0 0.015076
1654	00d.ma	412	395	156	9	362	326	578.75440071932	 52683	 0 0.013393
1655	00d.ma	412	395	346	338	77	14	571.25692603637	 51911	 0 0.012585
1656	00d.ma	412	395	267	380	88	53	507.546247917869	 45864	 0 0.01197
1657	00d.ma	412	395	270	240	334	88	554.700576850299	 64577	 0 0.01422
1658	00d.ma	412	395	52	64	207	389	499.747258044689	 38602	 0 0.008879
1659	00d.ma	412	395	210	355	155	33	497.575685169429	 47693	 0 0.010926
1660	00d.ma	412	395	122	34	272	366	514.717820793129	 49022	 0 0.012637
1661	00d.ma	412	395	251	192	322	78	506.303607230759	 53276	 0 0.011589
1662	00d.ma	412	395	19	59	258	365	506.428498911629	 37930	 0 0.009494
1663	00d.ma	412	395	172	24	344	344	581.511760032209	 59005	 0 0.014976
1664	00d.ma	412	395	240	382	26	67	505.073159852378	 32182	 0 0.007482
1665	00d.ma	412	395	76	28	275	352	528.060966543649	 53304	 0 0.013713
1666	00d.ma	412	395	152	334	87	35	488.173664915789	 30943	 0 0.007285
1667	00d.ma	412	395	185	94	330	378	580.913780285851	 60207	 0 0.014329
1668	00d.ma	412	395	255	81	344	299	581.34018715695	 44704	 0 0.010429
1669	00d.ma	412	395	279	374	29	55	526.327993848219	 42594	 0 0.010706
1670	00d.ma	412	395	236	372	180	62	504.759451353418	 52956	 0 0.012715
1671	00d.ma	412	395	252	170	294	93	496.487373414749	 55841	 0 0.012188
1672	00d.ma	412	395	341	81	347	172	634.144227664229	 44688	 0 0.009455
1673	00d.ma	412	395	281	214	366	75	592.315800539489	 62080	 0 0.013035
1674	00d.ma	412	395	301	89	245	175	489.244732727638	 40226	 0 0.009046
1675	00d.ma	412	395	208	187	278	44	431.031529292089	 40770	 0 0.008943
1676	00d.ma	412	395	263	340	213	79	521.617315729719	 58294	 0 0.013647
1677	00d.ma	412	395	285	36	226	279	522.558441226599	 44421	 0 0.011604
1678	00d.ma	412	395	217	15	339	321	583.49451608938	 53772	 0 0.013576
1679	00d.ma	412	395	316	10	235	230	518.227488784808	 39173	 0 0.009817
1680	00d.ma	412	395	194	43	359	350	586.18080759042	 55878	 0 0.013871
1681	00d.ma	412	395	181	364	140	34	511.374675042609	 44037	 0 0.009947
1682	00d.ma	412	395	124	53	251	390	510.090403795209	 45267	 0 0.010908
1683	00d.ma	412	395	203	366	191	58	510.173664915788	 52686	 0 0.01239
1684	00d.ma	412	395	168	85	161	382	512.700576850299	 49658	 0 0.011778
1685	00d.ma	412	395	273	224	367	69	582.002092040529	 62237	 0 0.013214
1686	00d.ma	412	395	330	12	311	226	605.78383797088	 41720	 0 0.009506
1687	00d.ma	412	395	261	51	249	317	539.04372260082	 46756	 0 0.0113
1688	00d.ma	412	395	236	111	290	318	579.759451353419	 61077	 0 0.0146
1689	00d.ma	412	395	289	383	131	37	539.48737341475	 52905	 0 0.013104
1690	00d.ma	412	395	364	326	219	114	588.352380465679	 62918	 0 0.014638
1691	00d.ma	412	395	252	380	133	44	513.232539418909	 49803	 0 0.012046
1692	00d.ma	412	395	139	36	286	381	539.972654788969	 49370	 0 0.012574
1693	00d.ma	412	395	249	69	211	320	514.303607230759	 48479	 0 0.011973
1694	00d.ma	412	395	214	33	240	325	513.629509038449	 51822	 0 0.013228
1695	00d.ma	412	395	369	346	165	21	593.38181771724	 57144	 0 0.013224
1696	00d.ma	412	395	225	208	324	47	490.031529292089	 49576	 0 0.010736
1697	00d.ma	412	395	298	356	203	31	574.29855659666	 55911	 0 0.013117
1698	00d.ma	412	395	286	393	43	52	543.085353161108	 45396	 0 0.011707
1699	00d.ma	412	395	148	24	333	371	593.428498911629	 64215	 0 0.016363
1700	00d.ma	412	395	126	41	354	390	595.01428534926	 64765	 0 0.016517
1701	00d.ma	412	395	39	48	177	375	519.558441226599	 44343	 0 0.010358
1702	00d.ma	412	395	178	106	243	376	520.345237791049	 43797	 0 0.010287
1703	00d.ma	412	395	290	372	178	38	554.39906166007	 56275	 0 0.013537
1704	00d.ma	412	395	367	366	143	55	570.2691193451	 55556	 0 0.013505
1705	00d.ma	412	395	92	44	150	376	518.759451353419	 48047	 0 0.010859
1706	00d.ma	412	395	206	21	278	340	557.74220741059	 58628	 0 0.014687
1707	00d.ma	412	395	186	11	237	336	517.972654788969	 48462	 0 0.012634
1708	00d.ma	412	395	346	83	243	208	525.546247917869	 37199	 0 0.008269
1709	00d.ma	412	395	362	337	217	45	595.42344827753	 58006	 0 0.013446
1710	00d.ma	412	395	214	64	295	361	569.52900397504	 57625	 0 0.014386
1711	00d.ma	412	395	246	151	287	48	490.114790412669	 43582	 0 0.009081
1712	00d.ma	412	395	231	174	308	85	481.002092040529	 51087	 0 0.011318
1713	00d.ma	412	395	250	90	173	313	523.629509038449	 52449	 0 0.012753
1714	00d.ma	412	395	314	87	322	263	599.95541084614	 41651	 0 0.008966
1715	00d.ma	412	395	323	16	356	191	649.99704140643	 47360	 0 0.010005
1716	00d.ma	412	395	270	372	85	35	522.374675042609	 48618	 0 0.012678
1717	00d.ma	412	395	289	211	384	79	619.558441226599	 62792	 0 0.013169
1718	00d.ma	412	395	307	293	280	21	588.65389565591	 60360	 0 0.012642
1719	00d.ma	412	395	98	11	235	370	525.462986797289	 46251	 0 0.011411
1720	00d.ma	412	395	309	349	206	13	598.168614281691	 56831	 0 0.013164
1721	00d.ma	412	395	314	280	309	56	606.81327522244	 61368	 0 0.013058
1722	00d.ma	412	395	124	13	357	371	604.42849891163	 63815	 0 0.016472
1723	00d.ma	412	395	260	391	121	35	531.57568516943	 49117	 0 0.012361
1724	00d.ma	412	395	211	73	328	377	602.428498911631	 60382	 0 0.014467
1725	00d.ma	412	395	339	77	252	268	565.144227664229	 40738	 0 0.009811
1726	00d.ma	412	395	236	374	203	97	528.516810666309	 60156	 0 0.014782
1727	00d.ma	412	395	208	361	51	6	529.747258044689	 33411	 0 0.007723
1728	00d.ma	412	395	191	303	251	19	528.298556596659	 55638	 0 0.012769
1729	00d.ma	412	395	270	337	209	16	554.742207410589	 55819	 0 0.01295
1730	00d.ma	412	395	149	348	176	29	528.541197283768	 47114	 0 0.01075
1731	00d.ma	412	395	189	15	235	353	531.386868351339	 49114	 0 0.012789
1732	00d.ma	412	395	237	13	286	321	589.256926036369	 61120	 0 0.015803
1733	00d.ma	412	395	13	51	354	388	609.10973977857	 53546	 0 0.01377
1734	00d.ma	412	395	205	17	251	328	529.357431099779	 55240	 0 0.014295
1735	00d.ma	412	395	373	80	306	222	623.073159852379	 40331	 0 0.008527
1736	00d.ma	412	395	36	42	267	388	543.11479041267	 43407	 0 0.010478
1737	00d.ma	412	395	300	52	289	290	578.227488784809	 44290	 0 0.010836
1738	00d.ma	412	395	379	380	166	42	610.938166903311	 56866	 0 0.013991
1739	00d.ma	412	395	292	14	208	190	457.386868351339	 39237	 0 0.009688
1740	00d.ma	412	395	240	160	302	43	495.700576850299	 44973	 0 0.009728
1741	00d.ma	412	395	325	173	382	94	658.94321753741	 66285	 0 0.013968
1742	00d.ma	412	395	285	378	90	9	560.17366491579	 51037	 0 0.013118
1743	00d.ma	412	395	238	193	331	21	518.043722600818	 50215	 0 0.010654
1744	00d.ma	412	395	179	9	192	352	535.972654788969	 53060	 0 0.013471
1745	00d.ma	412	395	181	12	227	361	535.759451353419	 48405	 0 0.012621
1746	00d.ma	412	395	127	14	258	374	537.232539418909	 50684	 0 0.01268
1747	00d.ma	412	395	366	57	261	239	574.38686835134	 38022	 0 0.00892
1748	00d.ma	412	395	291	111	238	287	561.901586977119	 43756	 0 0.01022
1749	00d.ma	412	395	28	54	167	388	536.085353161109	 44887	 0 0.010179
1750	00d.ma	412	395	197	372	43	18	536.617315729719	 32719	 0 0.007558
1751	00d.ma	412	395	335	273	311	37	619.89653634302	 62392	 0 0.013388
1752	00d.ma	412	395	257	41	336	329	618.310749905391	 55235	 0 0.013805
1753	00d.ma	412	395	222	240	336	21	538.286363287929	 57502	 0 0.012269
1754	00d.ma	412	395	310	94	367	231	663.511760032211	 58483	 0 0.013205
1755	00d.ma	412	395	143	273	397	166	665.984848097701	 80023	 0 0.018829
1756	00d.ma	412	395	210	95	298	389	578.88434303429	 52503	 0 0.012482
1757	00d.ma	412	395	187	27	167	359	540.055915909549	 55004	 0 0.014147
1758	00d.ma	412	395	366	83	356	162	664.830519165269	 42282	 0 0.00871
1759	00d.ma	412	395	320	173	388	109	666.15642097296	 68263	 0 0.013801
1760	00d.ma	412	395	302	24	391	207	667.310749905391	 51963	 0 0.011418
1761	00d.ma	412	395	225	286	291	112	558.173664915789	 70757	 0 0.015557
1762	00d.ma	412	395	213	7	203	349	544.499566723479	 53328	 0 0.013751
1763	00d.ma	412	395	392	192	301	109	667.81327522244	 68392	 0 0.01419
1764	00d.ma	412	395	277	296	323	53	590.813275222439	 61531	 0 0.012578
1765	00d.ma	412	395	259	35	198	319	542.77164466215	 52256	 0 0.013342
1766	00d.ma	412	395	212	325	274	65	545.546247917869	 60103	 0 0.013444
1767	00d.ma	412	395	171	379	180	37	544.085353161109	 49908	 0 0.011914
1768	00d.ma	412	395	230	103	294	366	588.671139598741	 56185	 0 0.013307
1769	00d.ma	412	395	238	26	206	339	542.18585822452	 51534	 0 0.013441
1770	00d.ma	412	395	366	50	240	235	561.215295476079	 38443	 0 0.009433
1771	00d.ma	412	395	226	20	261	334	555.74220741059	 56379	 0 0.014418
1772	00d.ma	412	395	314	30	253	300	585.399061660069	 45305	 0 0.011029
1773	00d.ma	412	395	364	48	253	199	553.203102167348	 37656	 0 0.008587
1774	00d.ma	412	395	195	368	209	28	547.085353161109	 52933	 0 0.012438
1775	00d.ma	412	395	241	157	318	96	515.529003975039	 56148	 0 0.012244
1776	00d.ma	412	395	363	375	219	93	625.89653634302	 60541	 0 0.015316
1777	00d.ma	412	395	227	167	326	85	503.173664915789	 52698	 0 0.011682
1778	00d.ma	412	395	225	382	214	54	547.51681066631	 57389	 0 0.013743
1779	00d.ma	412	395	392	384	143	27	625.79603127961	 56467	 0 0.014182
1780	00d.ma	412	395	292	113	336	278	626.168614281691	 41648	 0 0.009245
1781	00d.ma	412	395	263	307	308	12	597.99704140643	 62541	 0 0.013086
1782	00d.ma	412	395	271	261	359	57	592.256926036369	 64348	 0 0.013981
1783	00d.ma	412	395	255	290	328	27	591.470129471919	 63749	 0 0.013597
1784	00d.ma	412	395	166	375	172	25	552.014285349259	 50320	 0 0.011657
1785	00d.ma	412	395	136	377	143	25	553.25692603637	 42838	 0 0.010005
1786	00d.ma	412	395	276	46	358	311	626.352380465681	 45129	 0 0.010486
1787	00d.ma	412	395	341	382	155	6	628.641702347181	 58083	 0 0.013927
1788	00d.ma	412	395	387	363	213	88	625.28131265383	 59547	 0 0.014281
1789	00d.ma	412	395	346	34	343	222	677.683332907471	 57716	 0 0.013216
1790	00d.ma	412	395	363	306	276	39	628.66608896464	 61128	 0 0.013553
1791	00d.ma	412	395	318	348	258	44	629.61226509562	 60679	 0 0.013826
1792	00d.ma	412	395	217	298	308	88	556.688383541569	 64669	 0 0.015012
1793	00d.ma	412	395	316	220	387	101	654.94321753741	 67798	 0 0.013815
1794	00d.ma	412	395	206	22	375	367	632.849855148631	 57409	 0 0.014609
1795	00d.ma	412	395	191	18	207	384	557.730014101859	 50381	 0 0.012846
1796	00d.ma	412	395	274	279	343	33	600.85490578273	 63461	 0 0.013523
1797	00d.ma	412	395	336	49	241	163	525.215295476078	 42278	 0 0.009564
1798	00d.ma	412	395	248	21	336	345	633.595021152791	 58499	 0 0.014898
1799	00d.ma	412	395	205	320	282	75	553.931024228679	 62163	 0 0.013826
1800	00d.ma	412	395	356	32	250	187	552.972654788969	 39968	 0 0.009277
1801	00d.ma	412	395	313	361	237	11	633.653895655911	 58251	 0 0.013908
1802	00d.ma	412	395	248	11	346	342	638.879292400191	 56972	 0 0.014483
1803	00d.ma	412	395	298	95	183	289	559.35743109978	 52499	 0 0.012444
1804	00d.ma	412	395	218	36	182	372	560.9848480977	 56648	 0 0.014249
1805	00d.ma	412	395	304	248	369	44	634.81327522244	 62855	 0 0.012964
1806	00d.ma	412	395	271	55	179	311	548.842712474	 54382	 0 0.013424
1807	00d.ma	412	395	205	81	137	385	560.9848480977	 55204	 0 0.012968
1808	00d.ma	412	395	200	310	283	52	549.901586977119	 60486	 0 0.013463
1809	00d.ma	412	395	365	59	351	193	670.014285349261	 47719	 0 0.010185
1810	00d.ma	412	395	281	60	233	320	559.203102167349	 50060	 0 0.012142
1811	00d.ma	412	395	323	96	323	292	641.51176003221	 48186	 0 0.011315
1812	00d.ma	412	395	53	19	150	385	563.94321753741	 48535	 0 0.011421
1813	00d.ma	412	395	159	353	233	44	565.683332907469	 58493	 0 0.013657
1814	00d.ma	412	395	196	14	204	384	565.043722600819	 51714	 0 0.013281
1815	00d.ma	412	395	229	181	348	93	519.416305602899	 58037	 0 0.012806
1816	00d.ma	412	395	391	83	336	185	679.943217537411	 45838	 0 0.009692
1817	00d.ma	412	395	310	235	378	72	638.286363287929	 63002	 0 0.013185
1818	00d.ma	412	395	237	377	226	48	561.97265478897	 58950	 0 0.013965
1819	00d.ma	412	395	243	333	270	62	562.75945135342	 60588	 0 0.013752
1820	00d.ma	412	395	207	386	209	20	565.18585822452	 53091	 0 0.012471
1821	00d.ma	412	395	383	379	219	53	644.808224588341	 58728	 0 0.014281
1822	00d.ma	412	395	320	53	227	312	583.102597103939	 45968	 0 0.011299
1823	00d.ma	412	395	208	362	238	22	566.01428534926	 57179	 0 0.013571
1824	00d.ma	412	395	315	297	320	28	645.997041406431	 63837	 0 0.013549
1825	00d.ma	412	395	255	15	303	349	633.85490578273	 62007	 0 0.015773
1826	00d.ma	412	395	283	339	264	33	611.25692603637	 60901	 0 0.013874
1827	00d.ma	412	395	236	42	188	367	569.842712474	 55902	 0 0.013775
1828	00d.ma	412	395	291	54	319	322	634.54119728377	 55677	 0 0.013558
1829	00d.ma	412	395	286	373	228	20	598.89653634302	 58098	 0 0.013913
1830	00d.ma	412	395	275	16	363	317	645.849855148631	 46101	 0 0.010903
1831	00d.ma	412	395	373	368	232	48	649.322943214121	 60994	 0 0.014534
1832	00d.ma	412	395	291	39	202	321	573.457936163189	 51423	 0 0.013838
1833	00d.ma	412	395	236	364	233	12	571.641702347179	 57145	 0 0.013805
1834	00d.ma	412	395	357	118	381	108	695.671139598741	 67122	 0 0.013937
1835	00d.ma	412	395	251	18	312	364	643.825468531171	 60900	 0 0.015657
1836	00d.ma	412	395	181	324	263	7	570.4112549688	 57357	 0 0.013191
1837	00d.ma	412	395	202	319	297	83	570.830519165269	 63557	 0 0.01446
1838	00d.ma	412	395	319	87	322	309	650.36962440851	 52599	 0 0.012591
1839	00d.ma	412	395	361	381	239	92	650.65389565591	 60967	 0 0.015127
1840	00d.ma	412	395	140	7	161	388	570.65894629001	 54466	 0 0.013188
1841	00d.ma	412	395	373	93	237	269	600.558441226599	 42146	 0 0.009863
1842	00d.ma	412	395	361	193	388	79	703.01428534926	 62482	 0 0.012648
1843	00d.ma	412	395	202	342	266	19	577.74220741059	 59703	 0 0.013783
1844	00d.ma	412	395	283	11	168	303	576.06810921828	 56688	 0 0.014724
1845	00d.ma	412	395	335	312	302	23	653.352380465681	 63059	 0 0.013589
1846	00d.ma	412	395	234	72	248	386	573.58787847816	 51500	 0 0.012145
1847	00d.ma	412	395	224	329	297	66	574.617315729719	 61679	 0 0.014309
1848	00d.ma	412	395	385	374	235	102	653.73715677649	 62225	 0 0.015403
1849	00d.ma	412	395	260	37	212	359	577.144227664229	 50200	 0 0.013106
1850	00d.ma	412	395	348	68	253	307	614.801081913709	 45387	 0 0.01065
1851	00d.ma	412	395	367	328	289	82	655.938166903309	 63291	 0 0.014006
1852	00d.ma	412	395	305	388	239	49	621.92597359458	 59759	 0 0.014829
1853	00d.ma	412	395	319	70	335	313	657.68333290747	 51260	 0 0.011992
1854	00d.ma	412	395	346	377	246	113	656.139177030131	 63479	 0 0.015171
1855	00d.ma	412	395	224	348	269	58	571.4163056029	 62878	 0 0.014692
1856	00d.ma	412	395	284	22	173	317	581.51176003221	 55946	 0 0.014318
1857	00d.ma	412	395	342	383	234	115	657.653895655911	 65134	 0 0.01614
1858	00d.ma	412	395	341	313	318	65	657.097546469839	 61544	 0 0.013631
1859	00d.ma	412	395	268	7	304	348	650.75440071932	 62332	 0 0.015707
1860	00d.ma	412	395	305	58	229	319	579.617315729719	 48979	 0 0.011817
1861	00d.ma	412	395	325	318	311	35	659.23968209354	 63127	 0 0.013632
1862	00d.ma	412	395	234	306	327	11	604.39906166007	 63914	 0 0.013262
1863	00d.ma	412	395	279	389	214	10	600.967604154871	 56398	 0 0.013336
1864	00d.ma	412	395	248	327	273	25	583.60007178689	 61315	 0 0.01436
1865	00d.ma	412	395	390	140	316	204	697.612265095621	 43576	 0 0.009036
1866	00d.ma	412	395	291	43	214	338	583.830519165269	 48857	 0 0.012023
1867	00d.ma	412	395	322	76	357	301	657.896536343021	 43316	 0 0.009665
1868	00d.ma	412	395	226	372	252	41	581.31580053949	 60287	 0 0.014417
1869	00d.ma	412	395	318	22	220	310	595.671139598739	 49126	 0 0.012536
1870	00d.ma	412	395	230	7	331	385	656.251875402271	 61705	 0 0.015634
1871	00d.ma	412	395	297	94	347	329	663.967604154871	 52678	 0 0.012423
1872	00d.ma	412	395	389	88	238	266	612.487373414749	 41622	 0 0.009713
1873	00d.ma	412	395	354	208	372	106	700.925973594581	 67706	 0 0.013734
1874	00d.ma	412	395	327	355	290	65	665.29855659666	 61298	 0 0.014048
1875	00d.ma	412	395	212	355	267	18	588.014285349261	 60278	 0 0.014224
1876	00d.ma	412	395	210	7	378	380	663.749350085221	 60205	 0 0.015144
1877	00d.ma	412	395	234	13	247	374	586.78383797088	 52300	 0 0.013363
1878	00d.ma	412	395	380	77	239	180	556.031529292089	 39570	 0 0.008963
1879	00d.ma	412	395	260	22	256	343	586.47012947192	 53343	 0 0.013792
1880	00d.ma	412	395	245	369	237	6	586.85490578273	 57445	 0 0.013784
1881	00d.ma	412	395	287	369	253	12	625.381817717241	 58875	 0 0.014315
1882	00d.ma	412	395	283	356	273	37	625.64170234718	 61432	 0 0.014987
1883	00d.ma	412	395	286	81	166	334	590.085353161111	 56281	 0 0.013159
1884	00d.ma	412	395	327	346	289	54	659.85490578273	 62190	 0 0.014058
1885	00d.ma	412	395	166	363	246	19	593.65389565591	 57483	 0 0.013559
1886	00d.ma	412	395	289	27	310	347	664.16861428169	 59880	 0 0.015054
1887	00d.ma	412	395	368	362	262	38	670.808224588341	 60835	 0 0.014247
1888	00d.ma	412	395	243	59	146	373	592.369624408511	 59925	 0 0.014938
1889	00d.ma	412	395	296	107	180	312	592.42849891163	 53887	 0 0.013052
1890	00d.ma	412	395	302	35	349	325	667.180807590421	 51858	 0 0.012499
1891	00d.ma	412	395	356	71	292	308	641.783837970881	 41852	 0 0.009882
1892	00d.ma	412	395	348	384	246	27	673.080302527012	 59369	 0 0.014501
1893	00d.ma	412	395	377	170	319	152	723.570634535331	 40837	 0 0.008138
1894	00d.ma	412	395	374	74	266	299	638.18585822452	 43530	 0 0.00995
1895	00d.ma	412	395	251	47	334	387	663.340187156952	 61030	 0 0.014696
1896	00d.ma	412	395	322	60	356	320	674.724963467762	 48135	 0 0.011124
1897	00d.ma	412	395	339	342	296	40	671.96760415487	 62325	 0 0.014175
1898	00d.ma	412	395	378	144	337	163	722.641702347181	 41999	 0 0.008612
1899	00d.ma	412	395	304	342	308	51	670.043722600819	 61912	 0 0.013919
1900	00d.ma	412	395	354	52	310	288	663.955410846141	 50786	 0 0.012561
1901	00d.ma	412	395	284	62	224	369	600.788888604979	 48599	 0 0.011594
1902	00d.ma	412	395	239	172	381	48	564.90158697712	 53022	 0 0.011319
1903	00d.ma	412	395	142	369	240	26	600.6955262162	 56997	 0 0.014092
1904	00d.ma	412	395	250	158	373	47	574.11479041267	 52651	 0 0.011169
1905	00d.ma	412	395	216	190	373	100	530.587878478159	 61306	 0 0.013847
1906	00d.ma	412	395	240	14	200	385	598.22748878481	 54615	 0 0.013921
1907	00d.ma	412	395	267	36	226	372	598.386868351339	 49576	 0 0.012378
1908	00d.ma	412	395	263	69	253	380	599.90158697712	 51531	 0 0.012394
1909	00d.ma	412	395	269	16	359	356	677.193000899151	 57832	 0 0.015352
1910	00d.ma	412	395	343	46	186	288	597.357431099779	 52176	 0 0.013646
1911	00d.ma	412	395	275	17	359	353	679.778787336781	 57201	 0 0.014576
1912	00d.ma	412	395	221	166	373	91	551.17366491579	 58994	 0 0.013375
1913	00d.ma	412	395	267	336	288	12	626.712770159031	 62055	 0 0.014823
1914	00d.ma	412	395	313	99	212	331	601.315800539489	 48606	 0 0.01176
1915	00d.ma	412	395	278	39	173	351	602.470129471921	 57360	 0 0.014385
1916	00d.ma	412	395	206	382	264	41	604.97265478897	 60953	 0 0.014574
1917	00d.ma	412	395	306	64	302	356	667.28636328793	 59165	 0 0.014176
1918	00d.ma	412	395	354	349	291	46	677.6955262162	 61910	 0 0.014051
1919	00d.ma	412	395	267	353	279	52	608.18585822452	 61243	 0 0.014292
1920	00d.ma	412	395	231	324	313	100	599.97265478897	 66320	 0 0.016074
1921	00d.ma	412	395	274	22	178	356	608.44069222036	 57499	 0 0.014567
1922	00d.ma	412	395	261	10	213	377	606.913780285849	 50881	 0 0.013148
1923	00d.ma	412	395	289	26	235	352	608.256926036369	 49948	 0 0.012686
1924	00d.ma	412	395	168	351	279	31	608.85490578273	 61390	 0 0.013843
1925	00d.ma	412	395	206	327	309	14	606.15642097296	 63518	 0 0.014141
1926	00d.ma	412	395	227	323	328	87	605.17366491579	 64836	 0 0.015335
1927	00d.ma	412	395	317	55	200	334	606.658946290009	 52103	 0 0.012859
1928	00d.ma	412	395	305	180	382	159	727.026478657991	 83690	 0 0.018007
1929	00d.ma	412	395	332	358	285	12	685.666088964641	 61806	 0 0.014325
1930	00d.ma	412	395	308	20	176	319	607.09754646984	 55943	 0 0.014109
1931	00d.ma	412	395	344	306	354	81	688.997041406429	 63655	 0 0.013816
1932	00d.ma	412	395	375	75	323	293	687.470129471921	 48532	 0 0.011193
1933	00d.ma	412	395	186	347	292	50	602.52900397504	 61695	 0 0.014267
1934	00d.ma	412	395	298	24	234	346	611.671139598739	 49645	 0 0.012497
1935	00d.ma	412	395	207	315	335	37	610.21529547608	 63775	 0 0.014132
1936	00d.ma	412	395	294	23	200	347	609.913780285849	 53463	 0 0.013672
1937	00d.ma	412	395	330	66	181	319	610.45793616319	 54436	 0 0.013094
1938	00d.ma	412	395	344	35	320	316	688.16861428169	 55044	 0 0.0137
1939	00d.ma	412	395	249	110	143	383	612.511760032212	 58870	 0 0.013925
1940	00d.ma	412	395	282	360	296	88	643.913780285849	 64460	 0 0.015091
1941	00d.ma	412	395	313	116	332	334	691.38181771724	 55897	 0 0.013641
1942	00d.ma	412	395	193	299	343	15	617.1269837214	 65507	 0 0.01444
1943	00d.ma	412	395	347	360	300	88	693.13917703013	 64528	 0 0.014639
1944	00d.ma	412	395	294	38	168	344	613.95541084614	 57490	 0 0.014237
1945	00d.ma	412	395	321	36	233	332	615.286363287929	 48548	 0 0.011983
1946	00d.ma	412	395	317	38	303	346	685.085353161109	 61776	 0 0.014979
1947	00d.ma	412	395	299	229	385	161	700.783837970881	 82929	 0 0.017956
1948	00d.ma	412	395	351	230	401	71	737.29855659666	 65164	 0 0.013234
1949	00d.ma	412	395	277	346	311	53	646.87214972556	 61767	 0 0.018064
1950	00d.ma	412	395	218	376	286	41	616.00209204053	 61883	 0 0.015033
1951	00d.ma	412	395	365	70	348	302	698.068109218282	 45019	 0 0.010075
1952	00d.ma	412	395	287	85	231	375	619.345237791049	 49550	 0 0.011763
1953	00d.ma	412	395	286	34	196	366	618.01428534926	 54542	 0 0.013625
1954	00d.ma	412	395	263	366	272	7	624.724963467761	 60294	 0 0.014551
1955	00d.ma	412	395	281	87	173	360	621.256926036371	 57063	 0 0.01317
1956	00d.ma	412	395	344	311	342	24	695.666088964641	 65044	 0 0.013784
1957	00d.ma	412	395	332	293	365	100	689.89653634302	 67244	 0 0.014356
1958	00d.ma	412	395	273	355	310	58	643.529003975039	 61486	 0 0.01436
1959	00d.ma	412	395	338	359	300	32	695.867099091461	 62831	 0 0.014333
1960	00d.ma	412	395	360	40	325	310	698.168614281691	 53073	 0 0.013058
1961	00d.ma	412	395	309	371	296	22	687.068109218281	 62769	 0 0.014616
1962	00d.ma	412	395	240	352	305	48	617.21529547608	 62103	 0 0.01514
1963	00d.ma	412	395	207	385	278	43	620.73001410186	 61521	 0 0.01507
1964	00d.ma	412	395	213	345	322	98	623.48737341475	 66356	 0 0.016344
1965	00d.ma	412	395	212	313	358	89	624.173664915789	 65589	 0 0.015511
1966	00d.ma	412	395	325	90	348	341	700.381817717241	 55178	 0 0.013377
1967	00d.ma	412	395	399	76	217	187	550.546247917869	 38037	 0 0.00881
1968	00d.ma	412	395	304	14	208	351	624.327993848219	 51664	 0 0.012821
1969	00d.ma	412	395	161	354	298	76	621.742207410589	 62302	 0 0.015469
1970	00d.ma	412	395	318	99	186	339	625.08535316111	 54545	 0 0.01261
1971	00d.ma	412	395	297	75	299	385	668.541197283771	 54106	 0 0.012673
1972	00d.ma	412	395	285	358	317	66	662.943217537409	 61871	 0 0.014338
1973	00d.ma	412	395	170	299	354	75	623.529003975039	 62883	 0 0.014652
1974	00d.ma	412	395	217	361	293	10	625.943217537411	 65652	 0 0.015705
1975	00d.ma	412	395	321	58	262	342	638.144227664229	 54337	 0 0.012955
1976	00d.ma	412	395	292	62	173	372	627.943217537411	 57881	 0 0.013841
1977	00d.ma	412	395	296	91	275	370	643.470129471921	 51436	 0 0.011997
1978	00d.ma	412	395	234	215	372	147	621.913780285851	 86943	 0 0.020435
1979	00d.ma	412	395	383	152	241	254	655.470129471921	 40113	 0 0.009336
1980	00d.ma	412	395	190	358	307	88	626.87214972556	 64652	 0 0.015671
1981	00d.ma	412	395	318	13	305	353	701.34018715695	 60812	 0 0.01528
1982	00d.ma	412	395	279	44	280	391	648.440692220361	 52828	 0 0.013185
1983	00d.ma	412	395	333	32	165	319	631.68333290747	 56373	 0 0.014147
1984	00d.ma	412	395	371	363	291	25	707.435641586261	 62472	 0 0.014503
1985	00d.ma	412	395	243	318	330	26	631.45793616319	 64396	 0 0.014478
1986	00d.ma	412	395	291	27	272	372	645.168614281691	 51958	 0 0.012954
1987	00d.ma	412	395	366	69	351	312	709.896536343022	 46855	 0 0.010652
1988	00d.ma	412	395	362	58	309	316	694.327993848221	 56310	 0 0.013851
1989	00d.ma	412	395	353	317	342	16	708.707719524931	 65473	 0 0.01385
1990	00d.ma	412	395	175	346	309	104	630.884343034291	 66887	 0 0.015909
1991	00d.ma	412	395	363	389	279	40	711.908729651751	 61629	 0 0.014915
1992	00d.ma	412	395	336	83	356	340	710.796031279611	 53473	 0 0.012595
1993	00d.ma	412	395	284	51	257	376	626.01428534926	 51720	 0 0.012211
1994	00d.ma	412	395	341	41	200	332	634.457936163189	 52403	 0 0.013045
1995	00d.ma	412	395	329	336	338	18	712.938166903311	 65170	 0 0.014224
1996	00d.ma	412	395	345	365	318	56	712.82546853117	 61718	 0 0.01395
1997	00d.ma	412	395	165	357	307	90	637.05591590955	 64995	 0 0.015957
1998	00d.ma	412	395	340	30	369	322	712.536146649673	 45587	 0 0.010926
1999	00d.ma	412	395	299	7	198	355	633.298556596659	 54346	 0 0.01339
2000	00d.ma	412	395	382	173	349	123	762.813275222441	 44271	 0 0.008835
2001	00d.ma	412	395	302	381	302	32	686.06810921828	 62926	 0 0.014444
2002	00d.ma	412	395	315	97	234	364	639.629509038449	 49454	 0 0.011412
2003	00d.ma	412	395	295	49	289	383	659.854905782731	 52418	 0 0.012594
2004	00d.ma	412	395	317	28	167	343	640.51176003221	 57810	 0 0.014596
2005	00d.ma	412	395	379	378	295	59	715.66608896464	 61241	 0 0.014231
2006	00d.ma	412	395	388	127	218	270	637.700576850299	 43429	 0 0.010165
2007	00d.ma	412	395	171	364	307	71	638.671139598739	 63150	 0 0.015597
2008	00d.ma	412	395	288	387	291	27	666.79603127961	 62449	 0 0.014606
2009	00d.ma	412	395	293	23	243	373	637.81327522244	 51641	 0 0.013031
2010	00d.ma	412	395	282	31	383	378	715.920922960482	 57667	 0 0.022227
2011	00d.ma	412	395	209	192	391	136	569.97265478897	 74300	 0 0.017091
2012	00d.ma	412	395	304	380	321	70	696.712770159029	 62877	 0 0.014857
2013	00d.ma	412	395	293	102	175	369	645.25692603637	 57234	 0 0.013469
2014	00d.ma	412	395	322	22	173	337	640.34018715695	 57099	 0 0.014432
2015	00d.ma	412	395	203	354	325	29	644.185858224521	 64002	 0 0.01532
2016	00d.ma	412	395	340	26	237	334	642.085353161109	 49079	 0 0.012246
2017	00d.ma	412	395	292	29	190	381	643.57063453533	 56287	 0 0.013877
2018	00d.ma	412	395	341	358	336	67	720.925973594579	 62311	 0 0.014254
2019	00d.ma	412	395	185	368	298	16	644.026478657991	 62889	 0 0.014829
2020	00d.ma	412	395	202	359	332	71	645.83051916527	 63683	 0 0.015578
2021	00d.ma	412	395	220	333	365	67	645.374675042609	 62552	 0 0.014974
2022	00d.ma	412	395	167	360	310	36	647.19805153325	 63030	 0 0.01476
2023	00d.ma	412	395	217	358	339	84	646.03152929209	 64335	 0 0.015717
2024	00d.ma	412	395	382	360	288	19	721.648845021812	 62260	 0 0.014542
2025	00d.ma	412	395	243	376	307	38	648.60007178689	 62809	 0 0.014949
2026	00d.ma	412	395	370	81	359	318	723.210244841982	 46285	 0 0.010516
2027	00d.ma	412	395	331	47	248	354	648.943217537409	 50064	 0 0.012096
2028	00d.ma	412	395	254	366	289	106	646.77164466215	 70838	 0 0.017355
2029	00d.ma	412	395	273	345	339	41	675.42849891163	 63509	 0 0.014747
2030	00d.ma	412	395	184	361	325	83	648.28636328793	 63922	 0 0.016782
2031	00d.ma	412	395	379	370	303	28	728.506709398111	 63094	 0 0.01503
2032	00d.ma	412	395	327	87	227	369	649.587878478159	 48925	 0 0.011274
2033	00d.ma	412	395	327	380	326	76	723.05591590955	 62539	 0 0.015539
2034	00d.ma	412	395	309	52	288	391	678.440692220361	 52081	 0 0.012259
2035	00d.ma	412	395	297	46	156	372	646.612265095621	 59922	 0 0.014697
2036	00d.ma	412	395	183	347	332	27	653.298556596661	 64420	 0 0.015849
2037	00d.ma	412	395	358	40	315	349	731.026478657991	 59310	 0 0.0144
2038	00d.ma	412	395	310	90	361	377	726.766594028051	 60095	 0 0.014087
2039	00d.ma	412	395	298	51	232	388	641.658946290009	 50397	 0 0.012071
2040	00d.ma	412	395	217	357	331	20	651.114790412671	 64718	 0 0.015155
2041	00d.ma	412	395	367	48	224	332	653.416305602899	 47620	 0 0.011705
2042	00d.ma	412	395	350	67	157	336	657.813275222441	 57128	 0 0.013714
2043	00d.ma	412	395	173	355	326	31	657.78383797088	 63923	 0 0.015195
2044	00d.ma	412	395	267	352	344	79	669.87214972556	 63133	 0 0.015232
2045	00d.ma	412	395	375	364	327	71	733.66608896464	 63578	 0 0.014912
2046	00d.ma	412	395	292	23	273	392	668.239682093541	 53862	 0 0.013272
2047	00d.ma	412	395	367	54	337	329	723.340187156952	 54729	 0 0.013297
2048	00d.ma	412	395	308	87	245	386	655.04372260082	 51346	 0 0.011689
2049	00d.ma	412	395	364	61	302	333	715.227488784811	 60730	 0 0.01462
2050	00d.ma	412	395	173	384	298	37	656.29855659666	 62544	 0 0.01562
2051	00d.ma	412	395	320	100	174	364	657.47012947192	 57135	 0 0.014335
2052	00d.ma	412	395	392	164	259	171	655.085353161111	 41088	 0 0.008954
2053	00d.ma	412	395	339	50	314	377	725.95541084614	 59040	 0 0.016503
2054	00d.ma	412	395	310	46	381	376	734.879292400192	 57260	 0 0.013654
2055	00d.ma	412	395	321	17	153	348	659.867099091461	 59077	 0 0.018135
2056	00d.ma	412	395	399	74	183	293	654.87214972556	 52042	 0 0.012409
2057	00d.ma	412	395	313	386	334	57	720.783837970879	 61857	 0 0.014217
2058	00d.ma	412	395	379	73	175	305	649.18585822452	 54062	 0 0.013282
2059	00d.ma	412	395	391	154	358	235	786.281312653833	 58121	 0 0.013018
2060	00d.ma	412	395	320	35	169	365	661.78383797088	 58631	 0 0.014382
2061	00d.ma	412	395	329	54	201	380	664.658946290009	 53169	 0 0.012692
2062	00d.ma	412	395	368	66	168	330	664.842712474	 56126	 0 0.013411
2063	00d.ma	412	395	388	146	219	280	665.11479041267	 43894	 0 0.010216
2064	00d.ma	412	395	259	387	311	82	662.771644662149	 63564	 0 0.015465
2065	00d.ma	412	395	346	10	263	327	677.813275222439	 57318	 0 0.014216
2066	00d.ma	412	395	267	303	382	146	709.653895655911	 81404	 0 0.0184
2067	00d.ma	412	395	307	12	291	389	692.251875402271	 52523	 0 0.012833
2068	00d.ma	412	395	379	104	195	319	664.428498911629	 51941	 0 0.012076
2069	00d.ma	412	395	392	386	300	95	741.849855148631	 65952	 0 0.016277
2070	00d.ma	412	395	370	156	297	273	739.310749905392	 48222	 0 0.011002
2071	00d.ma	412	395	250	333	345	8	667.126983721401	 65898	 0 0.014701
2072	00d.ma	412	395	296	111	248	384	665.11479041267	 51491	 0 0.011474
2073	00d.ma	412	395	388	159	244	162	640.470129471921	 42125	 0 0.00918
2074	00d.ma	412	395	296	301	391	142	718.967604154871	 76116	 0 0.016349
2075	00d.ma	412	395	303	39	162	385	666.026478657991	 60463	 0 0.014759
2076	00d.ma	412	395	340	79	171	363	669.01428534926	 57431	 0 0.013444
2077	00d.ma	412	395	328	44	209	385	669.487373414749	 51347	 0 0.012312
2078	00d.ma	412	395	304	25	148	374	667.624458404351	 60747	 0 0.015085
2079	00d.ma	412	395	383	148	256	303	706.683332907472	 44660	 0 0.00996
2080	00d.ma	412	395	372	94	279	334	708.629509038449	 57596	 0 0.013327
2081	00d.ma	412	395	284	310	391	143	716.967604154871	 76279	 0 0.016662
2082	00d.ma	412	395	302	276	376	158	742.724963467761	 85622	 0 0.019175
2083	00d.ma	412	395	383	157	294	282	735.695526216203	 47523	 0 0.011089
2084	00d.ma	412	395	345	52	171	358	671.91378028585	 57626	 0 0.013749
2085	00d.ma	412	395	323	13	163	361	672.38181771724	 59566	 0 0.014413
2086	00d.ma	412	395	327	79	160	375	672.570634535331	 59265	 0 0.013843
2087	00d.ma	412	395	323	355	369	88	747.19805153325	 65463	 0 0.014633
2088	00d.ma	412	395	380	166	309	273	748.967604154873	 46363	 0 0.010466
2089	00d.ma	412	395	342	88	228	374	670.416305602899	 49179	 0 0.011299
2090	00d.ma	412	395	215	329	386	90	670.65894629001	 67999	 0 0.016548
2091	00d.ma	412	395	299	366	356	45	725.470129471919	 63548	 0 0.0144
2092	00d.ma	412	395	336	42	181	369	673.91378028585	 57063	 0 0.013809
2093	00d.ma	412	395	339	28	339	376	753.938166903311	 62192	 0 0.015259
2094	00d.ma	412	395	384	366	328	43	748.879292400191	 63032	 0 0.014498
2095	00d.ma	412	395	367	93	250	329	673.315800539489	 52928	 0 0.012115
2096	00d.ma	412	395	246	364	349	73	671.97265478897	 63224	 0 0.015466
2097	00d.ma	412	395	316	89	163	385	674.47012947192	 59556	 0 0.013742
2098	00d.ma	412	395	391	91	220	329	673.516810666309	 46935	 0 0.010958
2099	00d.ma	412	395	319	376	358	72	747.055915909549	 63451	 0 0.014531
2100	00d.ma	412	395	356	44	303	369	731.126983721401	 58367	 0 0.014072
2101	00d.ma	412	395	246	378	333	39	677.42849891163	 63529	 0 0.014935
2102	00d.ma	412	395	260	348	368	73	686.04372260082	 63309	 0 0.015521
2103	00d.ma	412	395	339	373	353	88	755.82546853117	 65284	 0 0.014945
2104	00d.ma	412	395	316	90	164	388	677.47012947192	 59591	 0 0.013767
2105	00d.ma	412	395	256	347	354	33	677.570634535331	 64812	 0 0.015276
2106	00d.ma	412	395	353	328	385	104	755.25187540227	 68012	 0 0.014482
2107	00d.ma	412	395	221	370	340	6	679.742207410592	 65593	 0 0.015709
2108	00d.ma	412	395	330	25	194	381	681.570634535329	 55550	 0 0.013656
2109	00d.ma	412	395	226	358	365	87	676.17366491579	 65217	 0 0.016378
2110	00d.ma	412	395	269	362	357	81	689.842712474	 63667	 0 0.015243
2111	00d.ma	412	395	276	387	341	77	697.742207410589	 62438	 0 0.014941
2112	00d.ma	412	395	375	152	251	308	717.511760032212	 45474	 0 0.010169
2113	00d.ma	412	395	389	167	204	273	684.913780285851	 47213	 0 0.011269
2114	00d.ma	412	395	363	58	340	360	749.925973594581	 59459	 0 0.01429
2115	00d.ma	412	395	361	85	152	344	681.369624408511	 57501	 0 0.01353
2116	00d.ma	412	395	305	3	167	387	684.62445840435	 60539	 0 0.014502
2117	00d.ma	412	395	283	111	253	392	680.42849891163	 52258	 0 0.01173
2118	00d.ma	412	395	381	75	158	326	678.399061660071	 56224	 0 0.013316
2119	00d.ma	412	395	326	11	253	375	681.92597359458	 52461	 0 0.012683
2120	00d.ma	412	395	339	76	182	381	681.04372260082	 56708	 0 0.013424
2121	00d.ma	412	395	338	87	269	390	698.9848480977	 52609	 0 0.011936
2122	00d.ma	412	395	380	94	269	340	709.114790412669	 55657	 0 0.01269
2123	00d.ma	412	395	306	5	137	378	686.465078837821	 60841	 0 0.015178
2124	00d.ma	412	395	200	357	365	58	676.4163056029	 62106	 0 0.015038
2125	00d.ma	412	395	374	45	185	348	688.01428534926	 55611	 0 0.013834
2126	00d.ma	412	395	262	345	366	98	691.842712474	 67056	 0 0.016082
2127	00d.ma	412	395	228	372	360	81	683.51681066631	 63679	 0 0.015928
2128	00d.ma	412	395	261	305	377	165	730.239682093541	 86412	 0 0.019999
2129	00d.ma	412	395	153	382	327	86	685.369624408509	 64613	 0 0.016209
2130	00d.ma	412	395	215	279	384	164	685.428498911631	 83734	 0 0.020279
2131	00d.ma	412	395	237	304	388	165	714.74220741059	 82352	 0 0.019794
2132	00d.ma	412	395	399	168	366	218	809.523953340943	 61522	 0 0.014277
2133	00d.ma	412	395	325	10	389	377	769.104689144473	 56242	 0 0.013378
2134	00d.ma	412	395	152	324	376	103	687.340187156951	 67730	 0 0.016332
2135	00d.ma	412	395	325	388	357	84	757.85490578273	 64456	 0 0.014999
2136	00d.ma	412	395	328	52	137	382	692.997041406431	 60630	 0 0.014625
2137	00d.ma	412	395	280	384	337	13	712.281312653831	 65316	 0 0.014903
2138	00d.ma	412	395	342	56	145	371	691.026478657991	 59827	 0 0.014434
2139	00d.ma	412	395	340	359	381	77	766.511760032209	 63011	 0 0.01421
2140	00d.ma	412	395	303	358	385	84	752.014285349259	 64750	 0 0.015148
2141	00d.ma	412	395	270	387	348	84	705.742207410589	 64508	 0 0.015855
2142	00d.ma	412	395	146	380	339	76	694.955410846139	 62627	 0 0.015737
2143	00d.ma	412	395	343	26	145	363	696.452885529091	 59880	 0 0.014907
2144	00d.ma	412	395	368	103	334	363	764.967604154871	 59798	 0 0.013815
2145	00d.ma	412	395	386	90	237	342	690.286363287929	 48564	 0 0.011162
2146	00d.ma	412	395	370	70	331	378	771.884343034291	 61134	 0 0.014395
2147	00d.ma	412	395	357	37	172	363	694.71277015903	 58109	 0 0.01414
2148	00d.ma	412	395	380	131	295	315	766.938166903312	 60862	 0 0.014033
2149	00d.ma	412	395	389	148	348	303	773.394011025974	 45113	 0 0.010309
2150	00d.ma	412	395	376	173	208	272	693.641702347181	 46299	 0 0.010748
2151	00d.ma	412	395	347	315	382	135	774.879292400191	 78866	 0 0.016936
2152	00d.ma	412	395	359	320	390	130	776.53614664967	 73764	 0 0.015681
2153	00d.ma	412	395	383	135	218	322	698.60007178689	 46527	 0 0.010805
2154	00d.ma	412	395	259	388	348	57	700.357431099779	 62040	 0 0.015271
2155	00d.ma	412	395	213	176	378	173	630.01428534926	 87275	 0 0.020399
2156	00d.ma	412	395	170	341	378	108	698.026478657991	 68224	 0 0.016806
2157	00d.ma	412	395	197	366	373	83	695.90158697712	 64270	 0 0.016301
2158	00d.ma	412	395	378	74	303	366	746.08535316111	 58248	 0 0.013559
2159	00d.ma	412	395	344	24	176	377	699.44069222036	 58594	 0 0.014627
2160	00d.ma	412	395	344	9	342	384	776.050865275452	 63338	 0 0.015635
2161	00d.ma	412	395	356	386	354	46	778.523953340941	 63388	 0 0.014749
2162	00d.ma	412	395	164	389	346	55	705.570634535329	 62200	 0 0.015654
2163	00d.ma	412	395	392	86	231	354	700.830519165269	 48781	 0 0.011363
2164	00d.ma	412	395	373	74	375	361	776.009234715163	 54989	 0 0.013205
2165	00d.ma	412	395	369	368	370	86	779.42344827753	 65017	 0 0.014791
2166	00d.ma	412	395	365	360	377	47	778.8376618399	 63596	 0 0.014331
2167	00d.ma	412	395	382	101	239	355	701.357431099779	 49381	 0 0.011218
2168	00d.ma	412	395	397	168	237	314	728.156420972961	 46165	 0 0.010548
2169	00d.ma	412	395	250	372	359	33	701.57063453533	 64995	 0 0.015327
2170	00d.ma	412	395	376	76	230	373	700.102597103939	 49392	 0 0.011385
2171	00d.ma	412	395	276	351	391	99	733.74220741059	 67626	 0 0.016061
2172	00d.ma	412	395	368	379	365	75	782.10973977857	 62905	 0 0.014604
2173	00d.ma	412	395	385	81	237	363	703.244732727639	 49657	 0 0.011383
2174	00d.ma	412	395	392	126	185	328	705.54119728377	 54174	 0 0.012482
2175	00d.ma	412	395	380	175	207	283	705.399061660071	 47272	 0 0.01094
2176	00d.ma	412	395	361	65	153	374	707.641702347181	 59814	 0 0.01419
2177	00d.ma	412	395	307	326	384	142	779.381817717241	 79822	 0 0.017276
2178	00d.ma	412	395	234	314	379	169	731.227488784811	 86275	 0 0.02125
2179	00d.ma	412	395	348	353	391	105	784.59502115279	 68217	 0 0.014954
2180	00d.ma	412	395	239	372	373	86	703.14422766423	 65044	 0 0.016207
2181	00d.ma	412	395	164	369	373	79	710.913780285849	 63200	 0 0.015787
2182	00d.ma	412	395	259	381	359	39	711.81327522244	 64308	 0 0.015066
2183	00d.ma	412	395	349	91	153	384	711.440692220361	 60252	 0 0.013916
2184	00d.ma	412	395	392	116	282	353	748.61226509562	 56249	 0 0.012796
2185	00d.ma	412	395	388	167	337	305	790.251875402274	 48587	 0 0.010781
2186	00d.ma	412	395	297	379	379	75	746.055915909549	 62933	 0 0.014891
2187	00d.ma	412	395	378	78	198	378	710.416305602899	 53453	 0 0.012325
2188	00d.ma	412	395	381	144	291	321	778.08535316111	 60505	 0 0.014339
2189	00d.ma	412	395	210	360	396	76	707.44574285446	 64044	 0 0.016528
2190	00d.ma	412	395	145	385	349	71	712.440692220359	 63995	 0 0.016424
2191	00d.ma	412	395	214	387	370	54	707.2741699792	 62577	 0 0.016051
2192	00d.ma	412	395	361	40	370	387	794.808224588343	 61562	 0 0.01509
2193	00d.ma	412	395	360	59	345	389	780.168614281692	 62877	 0 0.014841
2194	00d.ma	412	395	349	3	388	367	790.862048457363	 57485	 0 0.014078
2195	00d.ma	412	395	337	34	137	388	715.452885529091	 61460	 0 0.014986
2196	00d.ma	412	395	404	70	282	354	748.60007178689	 56119	 0 0.012897
2197	00d.ma	412	395	395	79	218	370	711.546247917869	 47806	 0 0.01085
2198	00d.ma	412	395	257	380	348	3	713.896536343021	 65982	 0 0.015171
2199	00d.ma	412	395	161	387	361	65	717.327993848219	 61893	 0 0.01569
2200	00d.ma	412	395	389	128	269	328	738.49956672348	 56742	 0 0.01306
2201	00d.ma	412	395	359	53	270	392	726.54119728377	 53176	 0 0.012475
2202	00d.ma	412	395	219	375	391	95	719.58787847816	 67018	 0 0.017635
2203	00d.ma	412	395	382	132	237	331	716.39906166007	 48849	 0 0.011403
2204	00d.ma	412	395	332	326	375	148	797.908729651751	 85215	 0 0.018782
2205	00d.ma	412	395	331	319	372	154	796.565583901231	 86839	 0 0.019106
2206	00d.ma	412	395	160	362	387	79	719.570634535329	 63228	 0 0.015887
2207	00d.ma	412	395	392	121	156	333	717.553390592501	 56669	 0 0.013164
2208	00d.ma	412	395	258	389	346	5	720.482322780651	 65946	 0 0.015395
2209	00d.ma	412	395	375	147	300	326	793.352380465683	 60453	 0 0.014059
2210	00d.ma	412	395	384	387	357	37	797.849855148631	 64490	 0 0.015316
2211	00d.ma	412	395	225	385	376	105	721.21529547608	 67831	 0 0.01778
2212	00d.ma	412	395	367	101	230	388	715.629509038449	 49816	 0 0.011461
2213	00d.ma	412	395	372	71	266	393	733.08535316111	 52924	 0 0.01213
2214	00d.ma	412	395	220	334	388	149	723.357431099781	 79374	 0 0.019682
2215	00d.ma	412	395	363	101	246	382	712.842712474	 51246	 0 0.011476
2216	00d.ma	412	395	347	35	140	387	722.796031279611	 61464	 0 0.014953
2217	00d.ma	412	395	245	387	374	83	720.386868351339	 64276	 0 0.016085
2218	00d.ma	412	395	208	318	372	152	722.055915909551	 86724	 0 0.021028
2219	00d.ma	412	395	288	359	406	68	759.499566723479	 65682	 0 0.015419
2220	00d.ma	412	395	187	363	399	75	722.215295476079	 63511	 0 0.016284
2221	00d.ma	412	395	386	113	303	382	776.139177030131	 55654	 0 0.012597
2222	00d.ma	412	395	373	46	260	386	728.32799384822	 52552	 0 0.012605
2223	00d.ma	412	395	404	71	316	379	792.541197283771	 58590	 0 0.013514
2224	00d.ma	412	395	390	160	289	327	789.671139598741	 59881	 0 0.013802
2225	00d.ma	412	395	350	51	140	388	723.482322780651	 61289	 0 0.014695
2226	00d.ma	412	395	260	322	382	131	735.256926036371	 78973	 0 0.01888
2227	00d.ma	412	395	351	299	380	176	802.364573774411	 86952	 0 0.019555
2228	00d.ma	412	395	354	301	380	174	803.607214461521	 86674	 0 0.018972
2229	00d.ma	412	395	388	84	362	377	802.695526216202	 60016	 0 0.013837
2230	00d.ma	412	395	369	349	393	126	805.264068711001	 71395	 0 0.015195
2231	00d.ma	412	395	292	325	379	156	792.399061660071	 84260	 0 0.018997
2232	00d.ma	412	395	389	146	351	337	806.636651713084	 53771	 0 0.01273
2233	00d.ma	412	395	392	119	371	357	806.678282273374	 54504	 0 0.012511
2234	00d.ma	412	395	258	341	390	131	735.470129471921	 74035	 0 0.017512
2235	00d.ma	412	395	214	319	378	161	725.327993848221	 85408	 0 0.020823
2236	00d.ma	412	395	401	71	369	363	806.180807590423	 56345	 0 0.013282
2237	00d.ma	412	395	282	334	382	148	776.884343034291	 81797	 0 0.018838
2238	00d.ma	412	395	393	158	202	327	729.913780285851	 50897	 0 0.011704
2239	00d.ma	412	395	397	77	259	368	728.52900397504	 50799	 0 0.01158
2240	00d.ma	412	395	149	385	348	6	730.080302527011	 66079	 0 0.016282
2241	00d.ma	412	395	371	46	143	380	733.997041406431	 60743	 0 0.014772
2242	00d.ma	412	395	394	155	273	321	766.185858224521	 57510	 0 0.013203
2243	00d.ma	412	395	293	322	381	170	805.327993848221	 85722	 0 0.019199
2244	00d.ma	412	395	392	124	246	359	732.47012947192	 49932	 0 0.011259
2245	00d.ma	412	395	357	388	388	82	810.79603127961	 64111	 0 0.01533
2246	00d.ma	412	395	395	167	343	325	812.322943214124	 52519	 0 0.011705
2247	00d.ma	412	395	194	325	396	162	736.470129471921	 79586	 0 0.018755
2248	00d.ma	412	395	389	171	307	330	809.724963467763	 58440	 0 0.013317
2249	00d.ma	412	395	354	53	134	388	730.796031279612	 61111	 0 0.014468
2250	00d.ma	412	395	388	131	287	359	772.754400719321	 56311	 0 0.013104
2251	00d.ma	412	395	391	142	265	344	754.298556596661	 54344	 0 0.012113
2252	00d.ma	412	395	390	127	313	380	802.624458404352	 57939	 0 0.012908
2253	00d.ma	412	395	241	387	382	109	737.49956672348	 68167	 0 0.016912
2254	00d.ma	412	395	198	376	402	72	734.90158697712	 64802	 0 0.016743
2255	00d.ma	412	395	336	329	375	160	812.222438150711	 86320	 0 0.018709
2256	00d.ma	412	395	380	170	331	326	815.080302527013	 54660	 0 0.012512
2257	00d.ma	412	395	390	130	180	353	737.440692220361	 55906	 0 0.012627
2258	00d.ma	412	395	335	347	380	147	814.737156776491	 82368	 0 0.017892
2259	00d.ma	412	395	306	325	379	173	811.281312653831	 86899	 0 0.018877
2260	00d.ma	412	395	394	79	278	391	756.399061660071	 52530	 0 0.011719
2261	00d.ma	412	395	408	67	186	369	740.94321753741	 55602	 0 0.012514
2262	00d.ma	412	395	385	155	222	346	743.428498911631	 47652	 0 0.0107
2263	00d.ma	412	395	243	330	387	157	743.156420972961	 81437	 0 0.019345
2264	00d.ma	412	395	380	174	351	319	820.364573774414	 48965	 0 0.010595
2265	00d.ma	412	395	405	69	185	371	739.52900397504	 55824	 0 0.012798
2266	00d.ma	412	395	391	81	251	388	740.04372260082	 51897	 0 0.011401
2267	00d.ma	412	395	170	379	388	94	739.641702347179	 66852	 0 0.016949
2268	00d.ma	412	395	195	339	377	147	741.369624408512	 84136	 0 0.020844
2269	00d.ma	412	395	368	148	305	345	816.683332907472	 61433	 0 0.013779
2270	00d.ma	412	395	244	332	376	148	742.298556596662	 84664	 0 0.020324
2271	00d.ma	412	395	287	372	387	128	776.724963467761	 75560	 0 0.017563
2272	00d.ma	412	395	149	347	385	131	747.938166903311	 76915	 0 0.019057
2273	00d.ma	412	395	391	130	300	380	792.210244841982	 55417	 0 0.01235
2274	00d.ma	412	395	185	382	400	75	743.043722600819	 63515	 0 0.016357
2275	00d.ma	412	395	407	66	232	380	744.48737341475	 49818	 0 0.011209
2276	00d.ma	412	395	349	323	376	173	824.193000899151	 87958	 0 0.018997
2277	00d.ma	412	395	331	357	384	149	823.423448277531	 81178	 0 0.017401
2278	00d.ma	412	395	175	335	392	157	747.683332907471	 79074	 0 0.019046
2279	00d.ma	412	395	331	388	406	69	814.09754646984	 65494	 0 0.014672
2280	00d.ma	412	395	392	110	163	373	747.168614281691	 58884	 0 0.012995
2281	00d.ma	412	395	384	143	210	362	749.49956672348	 50006	 0 0.011058
2282	00d.ma	412	395	179	317	374	172	750.482322780651	 88473	 0 0.021179
2283	00d.ma	412	395	173	323	380	166	750.482322780651	 85490	 0 0.020477
2284	00d.ma	412	395	266	342	374	146	769.612265095621	 85823	 0 0.020054
2285	00d.ma	412	395	348	369	380	131	829.636651713082	 80237	 0 0.017692
2286	00d.ma	412	395	383	383	397	76	825.32294321412	 63404	 0 0.014656
2287	00d.ma	412	395	264	385	401	73	753.256926036369	 63956	 0 0.015393
2288	00d.ma	412	395	236	368	381	131	751.813275222441	 79590	 0 0.020196
2289	00d.ma	412	395	234	323	377	168	746.399061660071	 86888	 0 0.020889
2290	00d.ma	412	395	342	364	386	143	828.151370338861	 78802	 0 0.017149
2291	00d.ma	412	395	378	149	302	366	812.796031279612	 57937	 0 0.012974
2292	00d.ma	412	395	228	353	372	146	754.570634535332	 86974	 0 0.021324
2293	00d.ma	412	395	307	354	368	150	823.239682093541	 88948	 0 0.020062
2294	00d.ma	412	395	387	141	165	354	756.896536343022	 57608	 0 0.012891
2295	00d.ma	412	395	374	172	232	330	753.126983721401	 47695	 0 0.010707
2296	00d.ma	412	395	382	134	247	364	752.612265095621	 50277	 0 0.011154
2297	00d.ma	412	395	216	351	370	151	753.327993848222	 87884	 0 0.021687
2298	00d.ma	412	395	320	352	384	167	831.867099091461	 84192	 0 0.018292
2299	00d.ma	412	395	391	128	170	369	755.168614281691	 57855	 0 0.013174
2300	00d.ma	412	395	388	137	163	357	756.310749905392	 57953	 0 0.013025
2301	00d.ma	412	395	213	372	382	142	759.842712474001	 81259	 0 0.020407
2302	00d.ma	412	395	384	153	153	340	761.109739778573	 57225	 0 0.012937
2303	00d.ma	412	395	391	115	145	375	757.695526216202	 59753	 0 0.013454
2304	00d.ma	412	395	387	163	357	348	837.950360212044	 55067	 0 0.012446
2305	00d.ma	412	395	268	364	385	141	767.653895655911	 79077	 0 0.018429
2306	00d.ma	412	395	299	351	380	163	816.754400719321	 84992	 0 0.019133
2307	00d.ma	412	395	161	337	373	147	757.452885529092	 86356	 0 0.020918
2308	00d.ma	412	395	217	386	384	131	759.771644662151	 77557	 0 0.019538
2309	00d.ma	412	395	381	145	363	360	837.506709398114	 56712	 0 0.012744
2310	00d.ma	412	395	372	150	255	324	754.813275222441	 54815	 0 0.012415
2311	00d.ma	412	395	408	66	165	380	761.055915909551	 59061	 0 0.013612
2312	00d.ma	412	395	196	342	388	171	761.641702347181	 83244	 0 0.020449
2313	00d.ma	412	395	260	342	370	150	769.269119345102	 87907	 0 0.020596
2314	00d.ma	412	395	242	372	380	137	761.783837970881	 80152	 0 0.019083
2315	00d.ma	412	395	383	131	354	381	841.121933087303	 61228	 0 0.013755
2316	00d.ma	412	395	262	340	367	150	773.440692220362	 89472	 0 0.021353
2317	00d.ma	412	395	390	146	252	362	760.783837970881	 50306	 0 0.011188
2318	00d.ma	412	395	378	166	228	347	760.813275222441	 48238	 0 0.010865
2319	00d.ma	412	395	304	370	373	146	820.210244841981	 86408	 0 0.019742
2320	00d.ma	412	395	381	136	178	368	762.997041406431	 56778	 0 0.012701
2321	00d.ma	412	395	388	166	284	358	804.340187156952	 55916	 0 0.012428
2322	00d.ma	412	395	290	376	379	144	801.867099091461	 83086	 0 0.019616
2323	00d.ma	412	395	394	170	236	352	768.156420972962	 49048	 0 0.010901
2324	00d.ma	412	395	267	376	388	140	775.825468531171	 77128	 0 0.017955
2325	00d.ma	412	395	284	354	377	157	798.239682093541	 85098	 0 0.019618
2326	00d.ma	412	395	405	68	160	384	763.884343034291	 59796	 0 0.013496
2327	00d.ma	412	395	392	130	258	385	769.440692220361	 52028	 0 0.01136
2328	00d.ma	412	395	250	327	376	166	762.470129471922	 86929	 0 0.020545
2329	00d.ma	412	395	151	348	378	146	767.180807590421	 83620	 0 0.020935
2330	00d.ma	412	395	379	156	305	365	821.967604154872	 58524	 0 0.013284
2331	00d.ma	412	395	298	374	374	148	815.695526216201	 85767	 0 0.019971
2332	00d.ma	412	395	306	387	391	149	820.10973977857	 77689	 0 0.017463
2333	00d.ma	412	395	225	364	372	153	767.813275222442	 86928	 0 0.021492
2334	00d.ma	412	395	257	336	377	161	767.783837970882	 85766	 0 0.020095
2335	00d.ma	412	395	383	143	230	380	770.156420972961	 49591	 0 0.010958
2336	00d.ma	412	395	363	382	382	133	847.678282273372	 78938	 0 0.017612
2337	00d.ma	412	395	155	328	379	175	772.352380465682	 87178	 0 0.021291
2338	00d.ma	412	395	313	358	379	176	846.038671966721	 87305	 0 0.019268
2339	00d.ma	412	395	247	344	380	169	767.854905782732	 85925	 0 0.020687
2340	00d.ma	412	395	378	173	312	360	844.310749905393	 59852	 0 0.013325
2341	00d.ma	412	395	378	174	347	351	851.536146649674	 57158	 0 0.01313
2342	00d.ma	412	395	381	151	348	375	851.707719524934	 60742	 0 0.013632
2343	00d.ma	412	395	175	366	381	149	775.239682093541	 82395	 0 0.021026
2344	00d.ma	412	395	375	149	224	375	773.156420972961	 48611	 0 0.010926
2345	00d.ma	412	395	379	176	277	346	806.097546469842	 56291	 0 0.012725
2346	00d.ma	412	395	275	374	383	149	788.210244841981	 81590	 0 0.018878
2347	00d.ma	412	395	388	142	209	389	774.25692603637	 50779	 0 0.011192
2348	00d.ma	412	395	315	363	378	175	850.553390592501	 87519	 0 0.01922
2349	00d.ma	412	395	380	143	347	382	853.050865275453	 61676	 0 0.013385
2350	00d.ma	412	395	355	347	378	174	850.849855148631	 87423	 0 0.019012
2351	00d.ma	412	395	292	359	375	171	823.139177030131	 88010	 0 0.020011
2352	00d.ma	412	395	241	366	373	153	775.440692220362	 86307	 0 0.021186
2353	00d.ma	412	395	194	381	381	146	779.369624408511	 81791	 0 0.020834
2354	00d.ma	412	395	252	381	383	142	779.854905782731	 80590	 0 0.019376
2355	00d.ma	412	395	200	362	377	162	775.541197283772	 85945	 0 0.021513
2356	00d.ma	412	395	387	142	249	383	777.783837970881	 51494	 0 0.011275
2357	00d.ma	412	395	386	140	253	381	776.440692220361	 51581	 0 0.011277
2358	00d.ma	412	395	249	372	387	154	778.783837970881	 80900	 0 0.019693
2359	00d.ma	412	395	369	148	295	378	819.352380465683	 54696	 0 0.012403
2360	00d.ma	412	395	258	351	389	172	781.026478657991	 82998	 0 0.019415
2361	00d.ma	412	395	390	169	276	369	803.068109218283	 51964	 0 0.011435
2362	00d.ma	412	395	380	163	237	367	780.712770159031	 49835	 0 0.010992
2363	00d.ma	412	395	368	150	350	374	861.193000899154	 60485	 0 0.013571
2364	00d.ma	412	395	373	148	204	380	783.055915909551	 51997	 0 0.011532
2365	00d.ma	412	395	377	167	324	373	856.109739778573	 60396	 0 0.013486
2366	00d.ma	412	395	377	371	379	151	860.548339958402	 83441	 0 0.018625
2367	00d.ma	412	395	378	175	355	354	858.849855148635	 56685	 0 0.012808
2368	00d.ma	412	395	367	148	328	383	856.423448277533	 59981	 0 0.013301
2369	00d.ma	412	395	301	373	375	163	829.938166903311	 86799	 0 0.019763
2370	00d.ma	412	395	375	173	168	343	781.624458404353	 56644	 0 0.01269
2371	00d.ma	412	395	320	383	381	155	842.595021152791	 83415	 0 0.019021
2372	00d.ma	412	395	376	165	271	363	797.381817717243	 52062	 0 0.011521
2373	00d.ma	412	395	393	162	295	386	821.695526216203	 52858	 0 0.011661
2374	00d.ma	412	395	174	354	382	173	787.239682093541	 85791	 0 0.021818
2375	00d.ma	412	395	338	371	378	170	863.808224588342	 86835	 0 0.019187
2376	00d.ma	412	395	213	380	367	153	787.399061660071	 89394	 0 0.022725
2377	00d.ma	412	395	323	376	375	168	858.180807590421	 87595	 0 0.020916
2378	00d.ma	412	395	380	158	173	359	778.482322780652	 57014	 0 0.012681
2379	00d.ma	412	395	153	346	381	172	787.352380465681	 86018	 0 0.021356
2380	00d.ma	412	395	385	144	373	385	863.406204334704	 60090	 0 0.013725
2381	00d.ma	412	395	356	377	367	148	866.849855148632	 89523	 0 0.020123
2382	00d.ma	412	395	382	171	333	377	867.080302527014	 61326	 0 0.013399
2383	00d.ma	412	395	385	170	232	372	788.570634535331	 49565	 0 0.010893
2384	00d.ma	412	395	374	146	169	373	788.724963467762	 58173	 0 0.012742
2385	00d.ma	412	395	375	164	299	380	831.837661839903	 55175	 0 0.011858
2386	00d.ma	412	395	382	169	249	365	788.854905782732	 50430	 0 0.010827
2387	00d.ma	412	395	382	150	178	382	790.582827844062	 57352	 0 0.012432
2388	00d.ma	412	395	173	359	379	170	790.896536343021	 86442	 0 0.021896
2389	00d.ma	412	395	396	161	353	382	867.879292400194	 61435	 0 0.013176
2390	00d.ma	412	395	380	144	376	383	866.477272146555	 59192	 0 0.012833
2391	00d.ma	412	395	379	150	186	388	794.511760032212	 56229	 0 0.012121
2392	00d.ma	412	395	390	159	285	391	816.452885529093	 52062	 0 0.011016
2393	00d.ma	412	395	380	168	357	373	870.849855148634	 59815	 0 0.012964
2394	00d.ma	412	395	377	162	256	366	787.825468531172	 50666	 0 0.010808
2395	00d.ma	412	395	242	384	371	149	793.612265095621	 87451	 0 0.021312
2396	00d.ma	412	395	382	170	366	368	870.749350085225	 57865	 0 0.01254
2397	00d.ma	412	395	270	386	371	147	806.381817717241	 87496	 0 0.020712
2398	00d.ma	412	395	239	371	380	170	792.541197283771	 86070	 0 0.020634
2399	00d.ma	412	395	376	172	360	368	872.749350085225	 58644	 0 0.012727
2400	00d.ma	412	395	366	152	277	381	811.352380465683	 51632	 0 0.011336
2401	00d.ma	412	395	187	388	391	162	801.126983721401	 80568	 0 0.020546
2402	00d.ma	412	395	394	169	199	383	798.570634535332	 53317	 0 0.011537
2403	00d.ma	412	395	379	171	212	381	797.742207410591	 49831	 0 0.010731
2404	00d.ma	412	395	375	156	383	374	872.690475582105	 55698	 0 0.012134
2405	00d.ma	412	395	375	161	206	385	795.884343034291	 51520	 0 0.011078
2406	00d.ma	412	395	392	166	233	388	798.085353161111	 50192	 0 0.01076
2407	00d.ma	412	395	389	172	228	382	797.256926036371	 49394	 0 0.010565
2408	00d.ma	412	395	382	149	259	393	800.997041406432	 52570	 0 0.011053
2409	00d.ma	412	395	157	369	375	158	797.180807590421	 85956	 0 0.021605
2410	00d.ma	412	395	154	370	369	151	799.009234715161	 88402	 0 0.022379
2411	00d.ma	412	395	368	382	393	168	879.849855148631	 81064	 0 0.017672
2412	00d.ma	412	395	182	385	386	164	804.269119345101	 83002	 0 0.021295
2413	00d.ma	412	395	342	388	386	171	880.151370338862	 84031	 0 0.018259
2414	00d.ma	412	395	372	380	379	154	870.477272146552	 83947	 0 0.018611
2415	00d.ma	412	395	261	383	368	152	804.724963467761	 88872	 0 0.021258
2416	00d.ma	412	395	376	147	257	391	800.997041406432	 52413	 0 0.011106
2417	00d.ma	412	395	375	171	303	388	846.151370338864	 54392	 0 0.01163
2418	00d.ma	412	395	376	148	171	387	800.724963467762	 58585	 0 0.012696
2419	00d.ma	412	395	293	387	376	170	834.322943214121	 87525	 0 0.02036
2420	00d.ma	412	395	367	150	173	378	800.724963467762	 57896	 0 0.012586
