mapNUm 	 mapName 	 width 	 height 	 StartX 	 StartY  	 GoalX 	 GoalY 	 optimalCost 	 ForwardverticesNum 	 BackwardverticesNum 	 times 	 OSME
1	00d.ma	412	395	354	322	356	325	3.82842712474	 2	 1 0  3  0  1 0 0 0 0 0
2	00d.ma	412	395	324	54	322	53	2.41421356237	 1	 1 0  2  0  1 0 0 0 0 0
3	00d.ma	412	395	39	214	38	217	3.41421356237	 2	 1 0  3  0  1 0 0 0 0 0
4	00d.ma	412	395	321	99	322	97	2.41421356237	 1	 1 0  2  0  1 0 0 0 0 0
5	00d.ma	412	395	165	44	164	44	1	 1	 1 0  1  0  0 0 1 0 0 0
6	00d.ma	412	395	187	380	189	382	2.82842712474	 1	 1 0  2  0  1 0 0 0 0 0
7	00d.ma	412	395	52	91	54	90	2.41421356237	 1	 1 0  2  0  1 0 0 0 0 0
8	00d.ma	412	395	168	191	165	191	3	 2	 1 0  3  0  1 0 0 0 0 0
9	00d.ma	412	395	205	215	206	218	3.41421356237	 2	 1 0  3  0  1 0 0 0 0 0
10	00d.ma	412	395	216	339	214	341	2.82842712474	 1	 1 0  2  0  1 0 0 0 0 0
11	00d.ma	412	395	181	372	179	366	6.82842712474	 4	 4 0  8  0  1 0 0 0 0 0
12	00d.ma	412	395	266	375	269	369	7.24264068711	 4	 3 0  7  0  1 0 0 0 0 0
13	00d.ma	412	395	308	299	315	298	7.41421356237	 7	 3 0  10  0  1 0 0 0 0 0
14	00d.ma	412	395	171	173	173	169	4.82842712474	 2	 2 0  4  0  1 0 0 0 0 0
15	00d.ma	412	395	344	7	337	8	7.41421356237	 7	 3 0  10  0  1 0 0 0 0 0
16	00d.ma	412	395	132	98	127	102	6.65685424948	 3	 2 0  5  0  1 0 0 0 0 0
17	00d.ma	412	395	350	383	351	378	5.41421356237	 5	 2 0  7  0  1 0 0 0 0 0
18	00d.ma	412	395	245	326	248	322	5.24264068711	 2	 2 0  4  0  1 0 0 0 0 0
19	00d.ma	412	395	214	17	215	12	5.41421356237	 5	 2 0  7  0  1 0 0 0 0 0
20	00d.ma	412	395	226	320	231	320	5	 3	 2 0  5  0  1 0 0 0 0 0
21	00d.ma	412	395	230	343	227	351	9.24264068711	 7	 5 0  12  0  1 0 0 0 0 0
22	00d.ma	412	395	70	157	71	168	11.41421356237	 11	 5 0  16  0  1 0 0 0 0 0
23	00d.ma	412	395	90	165	81	169	10.65685424948	 10	 4 0  14  0  1 0 0 0 0 0
24	00d.ma	412	395	287	291	294	285	9.48528137422	 4	 3 0  7  0  1 0 0 0 0 0
25	00d.ma	412	395	288	365	279	361	10.65685424948	 10	 4 0  14  0  1 0 0 0 0 0
26	00d.ma	412	395	201	60	193	52	11.31370849896	 4	 4 0  8  0  1 0 0 0 0 0
27	00d.ma	412	395	273	123	280	118	9.07106781185	 4	 3 0  7  0  1 0 0 0 0 0
28	00d.ma	412	395	166	37	160	30	9.48528137422	 4	 3 0  7  0  1 0 0 0 0 0
29	00d.ma	412	395	284	49	295	47	11.82842712474	 15	 5 0  20  0  1 0 0 0 0 0
30	00d.ma	412	395	121	308	111	304	11.65685424948	 8	 8 0  16  0  1 0 0 0 0 0
31	00d.ma	412	395	340	270	339	285	15.41421356237	 15	 7 0  22  0  1 0 0 0 0 0
32	00d.ma	412	395	230	51	239	63	15.72792206133	 7	 6 0  13  0  1 0 0 0 0 0
33	00d.ma	412	395	48	87	37	96	14.72792206133	 6	 5 0  11  0  1 0 0 0 0 0
34	00d.ma	412	395	314	74	318	63	12.65685424948	 14	 6 0  20  0  1 0 0 0 0 0
35	00d.ma	412	395	92	265	94	260	11.24264068711	 50	 18 0  68  0  1 0 0 0 0 0
36	00d.ma	412	395	50	161	64	159	14.82842712474	 12	 12 0  24  0  1 0 0 0 0 0
37	00d.ma	412	395	228	265	239	274	14.72792206133	 6	 5 0  11  0  1 0 0 0 0 0
38	00d.ma	412	395	307	82	304	94	13.24264068711	 13	 9 0  22  0  1 0 0 0 0 0
39	00d.ma	412	395	34	185	45	194	14.72792206133	 6	 5 0  11  0  1 0 0 0 0 0
40	00d.ma	412	395	193	360	203	369	13.72792206133	 5	 5 0  10  0  1 0 0 0 0 0
41	00d.ma	412	395	187	370	203	365	18.07106781185	 19	 14 0  33  0  1 0 0 0 0 0
42	00d.ma	412	395	284	361	273	373	16.55634918607	 6	 6 0  12  0  1 0 0 0 0 0
43	00d.ma	412	395	287	347	297	360	17.1421356237	 8	 6 0  14  0  1 0 0 0 0 0
44	00d.ma	412	395	102	78	102	62	16	 8	 8 0  16  0  1 0 0 0 0 0
45	00d.ma	412	395	291	366	274	368	17.82842712474	 24	 8 0  32  0  1 0 0 0 0 0
46	00d.ma	412	395	224	17	209	11	17.48528137422	 20	 10 0  30  0  1 0 0 0 0 0
47	00d.ma	412	395	47	215	40	202	17.55634918607	 56	 25 0  81  0  1 0 0 0 0 0
48	00d.ma	412	395	26	180	41	176	16.65685424948	 22	 10 0  32  0  1 0 0 0 0 0
49	00d.ma	412	395	310	30	294	34	17.65685424948	 17	 17 0  34  0  1 0 0 0 0 0
50	00d.ma	412	395	271	163	289	167	19.65685424948	 20	 9 0  29  0  1 0 0 0 0 0
51	00d.ma	412	395	250	355	257	334	23.89949493659	 60	 9 0  69  0  1 0 0 0 0 0
52	00d.ma	412	395	91	236	74	230	21.1421356237	 41	 72 0  113  0  1 0 0 0 0 0
53	00d.ma	412	395	106	150	126	154	22.48528137422	 45	 23 0  68  0  1 0 0 0 0 0
54	00d.ma	412	395	340	70	342	90	22.24264068711	 21	 35 0  40  0  0 0 1 0 0 0
55	00d.ma	412	395	263	255	276	239	21.38477631081	 9	 8 0  17  0  1 0 0 0 0 0
56	00d.ma	412	395	249	386	260	369	21.55634918607	 13	 9 0  22  0  1 0 0 0 0 0
57	00d.ma	412	395	353	386	348	365	23.07106781185	 30	 21 0  51  0  1 0 0 0 0 0
58	00d.ma	412	395	136	264	151	248	22.21320343555	 8	 8 0  16  0  1 0 0 0 0 0
59	00d.ma	412	395	128	135	123	117	20.07106781185	 17	 22 0  39  0  1 0 0 0 0 0
60	00d.ma	412	395	175	355	197	357	22.82842712474	 20	 20 0  40  0  1 0 0 0 0 0
61	00d.ma	412	395	93	258	83	238	24.1421356237	 11	 18 0  29  0  1 0 0 0 0 0
62	00d.ma	412	395	171	22	193	23	24.07106781185	 43	 39 0  82  0  1 0 0 0 0 0
63	00d.ma	412	395	316	329	300	348	25.62741699792	 11	 9 0  20  0  1 0 0 0 0 0
64	00d.ma	412	395	42	205	37	182	25.07106781185	 34	 24 0  58  0  1 0 0 0 0 0
65	00d.ma	412	395	309	352	331	359	24.89949493659	 31	 24 0  55  0  1 0 0 0 0 0
66	00d.ma	412	395	228	294	252	286	27.31370849896	 32	 32 0  64  0  1 0 0 0 0 0
67	00d.ma	412	395	320	133	341	131	24.07106781185	 70	 20 0  90  0  1 0 0 0 0 0
68	00d.ma	412	395	257	372	243	353	24.79898987318	 15	 9 0  24  0  1 0 0 0 0 0
69	00d.ma	412	395	226	234	243	253	26.04163056029	 10	 9 0  19  0  1 0 0 0 0 0
70	00d.ma	412	395	282	201	274	180	24.31370849896	 32	 18 0  50  0  1 0 0 0 0 0
71	00d.ma	412	395	290	210	281	185	28.72792206133	 71	 13 0  84  0  1 0 0 0 0 0
72	00d.ma	412	395	157	333	184	330	28.24264068711	 36	 23 0  59  0  1 0 0 0 0 0
73	00d.ma	412	395	219	364	248	357	31.89949493659	 92	 13 0  105  0  1 0 0 0 0 0
74	00d.ma	412	395	324	370	295	370	29	 15	 14 0  29  0  1 0 0 0 0 0
75	00d.ma	412	395	339	144	354	121	29.21320343555	 19	 12 0  31  0  1 0 0 0 0 0
76	00d.ma	412	395	25	79	47	85	26.97056274844	 68	 28 0  96  0  1 0 0 0 0 0
77	00d.ma	412	395	91	67	67	82	30.21320343555	 20	 16 0  36  0  1 0 0 0 0 0
78	00d.ma	412	395	322	317	350	316	28.41421356237	 27	 14 0  41  0  1 0 0 0 0 0
79	00d.ma	412	395	65	53	40	66	30.38477631081	 55	 11 0  66  0  1 0 0 0 0 0
80	00d.ma	412	395	221	83	237	60	29.62741699792	 20	 12 0  32  0  1 0 0 0 0 0
81	00d.ma	412	395	104	122	112	154	35.89949493659	 16	 123 0  139  0  1 0 0 0 0 0
82	00d.ma	412	395	47	199	53	168	33.48528137422	 60	 34 0  94  0  1 0 0 0 0 0
83	00d.ma	412	395	198	169	177	193	32.69848480977	 13	 12 0  25  0  1 0 0 0 0 0
84	00d.ma	412	395	270	392	277	359	35.89949493659	 108	 15 0  123  0  1 0 0 0 0 0
85	00d.ma	412	395	74	67	42	61	34.48528137422	 48	 48 0  96  0  1 0 0 0 0 0
86	00d.ma	412	395	314	359	283	366	33.89949493659	 100	 14 0  114  0  1 0 0 0 0 0
87	00d.ma	412	395	288	325	257	330	33.07106781185	 50	 36 0  86  0  1 0 0 0 0 0
88	00d.ma	412	395	218	374	246	360	33.79898987318	 30	 30 0  60  0  1 0 0 0 0 0
89	00d.ma	412	395	55	134	41	107	32.79898987318	 35	 21 0  56  0  1 0 0 0 0 0
90	00d.ma	412	395	65	177	48	192	33.07106781185	 162	 285 0  447  0  1 0 0 0 0 0
91	00d.ma	412	395	36	124	22	93	39.1421356237	 167	 77 0  244  0  1 0 0 0 0 0
92	00d.ma	412	395	281	75	318	77	37.82842712474	 54	 18 0  72  0  1 0 0 0 0 0
93	00d.ma	412	395	315	380	311	344	37.65685424948	 47	 47 0  94  0  1 0 0 0 0 0
94	00d.ma	412	395	87	93	118	112	38.87005768503	 52	 14 0  66  0  1 0 0 0 0 0
95	00d.ma	412	395	94	97	68	69	38.76955262162	 14	 14 0  28  0  1 0 0 0 0 0
96	00d.ma	412	395	292	298	254	302	39.65685424948	 50	 50 0  100  0  1 0 0 0 0 0
97	00d.ma	412	395	275	274	289	297	34.07106781185	 98	 246 0  343  0  0 0 1 0 0 0
98	00d.ma	412	395	342	298	309	308	37.1421356237	 68	 44 0  112  0  1 0 0 0 0 0
99	00d.ma	412	395	312	163	315	200	38.24264068711	 51	 33 0  84  0  1 0 0 0 0 0
100	00d.ma	412	395	260	230	283	206	35.87005768503	 98	 39 0  137  0  1 0 0 0 0 0
101	00d.ma	412	395	15	126	11	85	42.65685424948	 88	 54 0  142  0  1 0 0 0 0 0
102	00d.ma	412	395	337	266	304	285	40.87005768503	 16	 45 0  61  0  1 0 0 0 0 0
103	00d.ma	412	395	267	6	299	33	43.18376618399	 19	 17 0  36  0  1 0 0 0 0 0
104	00d.ma	412	395	211	334	253	333	42.41421356237	 41	 21 0  62  0  1 0 0 0 0 0
105	00d.ma	412	395	212	74	218	35	41.48528137422	 80	 46 0  126  0  1 0 0 0 0 0
106	00d.ma	412	395	46	137	11	121	41.62741699792	 127	 15 0  142  0  1 0 0 0 0 0
107	00d.ma	412	395	110	235	82	257	41.79898987318	 256	 247 0  503  0  1 0 0 0 0 0
108	00d.ma	412	395	44	33	22	64	40.11269837214	 24	 18 0  42  0  1 0 0 0 0 0
109	00d.ma	412	395	191	283	199	322	42.31370849896	 86	 54 0  140  0  1 0 0 0 0 0
110	00d.ma	412	395	228	67	197	41	41.76955262162	 18	 15 0  33  0  1 0 0 0 0 0
111	00d.ma	412	395	277	147	309	122	44.11269837214	 171	 19 0  190  0  1 0 0 0 0 0
112	00d.ma	412	395	98	49	141	46	44.24264068711	 60	 49 0  109  0  1 0 0 0 0 0
113	00d.ma	412	395	328	243	288	230	45.38477631081	 115	 47 0  162  0  1 0 0 0 0 0
114	00d.ma	412	395	262	239	293	234	47.01219330873	 545	 545 0  1090  0  1 0 0 0 0 0
115	00d.ma	412	395	345	383	325	345	46.2842712474	 46	 46 0  92  0  1 0 0 0 0 0
116	00d.ma	412	395	267	198	254	213	44.97056274844	 503	 596 0  1099  0  1 0 0 0 0 0
117	00d.ma	412	395	143	186	156	156	39.04163056029	 81	 116 0  156  0  0 0 0 1 0 0
118	00d.ma	412	395	350	358	338	318	44.97056274844	 77	 77 0  154  0  1 0 0 0 0 0
119	00d.ma	412	395	327	315	339	358	47.97056274844	 208	 19 0  227  0  1 0 0 0 0 0
120	00d.ma	412	395	64	30	73	73	46.72792206133	 152	 31 0  183  0  1 0 0 0 0 0
121	00d.ma	412	395	51	56	34	84	46.55634918607	 564	 135 0  699  0  1 0 0 0 0 0
122	00d.ma	412	395	300	320	254	325	48.07106781185	 79	 58 0  137  0  1 0 0 0 0 0
123	00d.ma	412	395	253	341	215	372	50.84062043347	 24	 21 0  45  0  1 0 0 0 0 0
124	00d.ma	412	395	104	236	129	196	50.35533905925	 24	 37 0  61  0  1 0 0 0 0 0
125	00d.ma	412	395	270	154	280	199	49.1421356237	 106	 74 0  180  0  1 0 0 0 0 0
126	00d.ma	412	395	160	58	153	10	50.89949493659	 60	 76 0  136  0  1 0 0 0 0 0
127	00d.ma	412	395	341	356	356	311	51.21320343555	 156	 49 0  205  0  1 0 0 0 0 0
128	00d.ma	412	395	187	19	142	32	50.38477631081	 89	 47 0  136  0  1 0 0 0 0 0
129	00d.ma	412	395	116	12	69	21	50.72792206133	 162	 35 0  197  0  1 0 0 0 0 0
130	00d.ma	412	395	307	69	259	63	50.48528137422	 23	 101 0  124  0  1 0 0 0 0 0
131	00d.ma	412	395	305	222	328	267	54.52691193451	 112	 33 0  145  0  1 0 0 0 0 0
132	00d.ma	412	395	309	24	264	49	55.35533905925	 101	 29 0  130  0  1 0 0 0 0 0
133	00d.ma	412	395	256	176	250	227	53.48528137422	 110	 64 0  174  0  1 0 0 0 0 0
134	00d.ma	412	395	221	211	230	170	48.04163056029	 111	 266 0  377  0  1 0 0 0 0 0
135	00d.ma	412	395	120	134	87	173	52.66904755821	 24	 20 0  44  0  1 0 0 0 0 0
136	00d.ma	412	395	304	295	342	272	52.21320343555	 101	 455 0  556  0  1 0 0 0 0 0
137	00d.ma	412	395	221	199	218	252	54.24264068711	 62	 49 0  111  0  1 0 0 0 0 0
138	00d.ma	412	395	325	286	280	264	54.11269837214	 95	 23 0  118  0  1 0 0 0 0 0
139	00d.ma	412	395	314	191	269	208	52.04163056029	 147	 47 0  194  0  1 0 0 0 0 0
140	00d.ma	412	395	22	207	60	246	54.74011537006	 20	 19 0  39  0  1 0 0 0 0 0
141	00d.ma	412	395	104	101	125	53	56.69848480977	 125	 57 0  182  0  1 0 0 0 0 0
142	00d.ma	412	395	366	325	324	362	57.32590180769	 24	 22 0  46  0  1 0 0 0 0 0
143	00d.ma	412	395	275	242	224	224	58.45584412266	 241	 40 0  281  0  1 0 0 0 0 0
144	00d.ma	412	395	206	277	181	323	56.35533905925	 91	 38 0  129  0  1 0 0 0 0 0
145	00d.ma	412	395	352	373	312	334	56.15432893243	 20	 20 0  40  0  1 0 0 0 0 0
146	00d.ma	412	395	226	328	190	371	57.91168824532	 30	 22 0  52  0  1 0 0 0 0 0
147	00d.ma	412	395	235	259	270	287	56.01219330873	 659	 327 0  986  0  1 0 0 0 0 0
148	00d.ma	412	395	158	51	121	83	54.59797974636	 179	 167 0  346  0  1 0 0 0 0 0
149	00d.ma	412	395	311	311	312	367	56.41421356237	 55	 28 0  83  0  1 0 0 0 0 0
150	00d.ma	412	395	84	70	112	25	56.59797974636	 20	 40 0  60  0  1 0 0 0 0 0
151	00d.ma	412	395	251	342	289	388	61.74011537006	 28	 28 0  56  0  1 0 0 0 0 0
152	00d.ma	412	395	248	89	189	94	61.07106781185	 105	 78 0  183  0  1 0 0 0 0 0
153	00d.ma	412	395	355	40	341	76	45.31370849896	 197	 335 0  532  0  1 0 0 0 0 0
154	00d.ma	412	395	349	364	296	343	61.69848480977	 180	 66 0  246  0  1 0 0 0 0 0
155	00d.ma	412	395	223	146	270	169	61.11269837214	 164	 198 0  354  0  0 0 1 0 0 0
156	00d.ma	412	395	316	377	270	341	60.91168824532	 31	 31 0  62  0  1 0 0 0 0 0
157	00d.ma	412	395	174	303	220	337	60.08326112058	 35	 35 0  70  0  1 0 0 0 0 0
158	00d.ma	412	395	306	314	264	359	62.39696961954	 24	 22 0  46  0  1 0 0 0 0 0
159	00d.ma	412	395	233	141	270	97	62.84062043347	 102	 238 0  340  0  1 0 0 0 0 0
160	00d.ma	412	395	223	169	249	216	57.76955262162	 194	 72 0  266  0  1 0 0 0 0 0
161	00d.ma	412	395	260	373	196	373	64	 32	 32 0  64  0  1 0 0 0 0 0
162	00d.ma	412	395	67	16	130	10	65.48528137422	 140	 82 0  222  0  1 0 0 0 0 0
163	00d.ma	412	395	288	249	251	217	65.52691193451	 555	 914 0  1468  0  0 0 0 1 0 0
164	00d.ma	412	395	89	193	118	138	67.01219330873	 87	 47 0  134  0  1 0 0 0 0 0
165	00d.ma	412	395	352	230	346	167	65.48528137422	 110	 82 0  192  0  1 0 0 0 0 0
166	00d.ma	412	395	117	124	91	179	65.76955262162	 214	 25 0  239  0  1 0 0 0 0 0
167	00d.ma	412	395	292	360	314	302	67.11269837214	 139	 139 0  278  0  1 0 0 0 0 0
168	00d.ma	412	395	89	75	146	69	66.11269837214	 605	 207 0  812  0  1 0 0 0 0 0
169	00d.ma	412	395	245	288	235	228	64.1421356237	 136	 136 0  272  0  1 0 0 0 0 0
170	00d.ma	412	395	54	93	17	140	64.08326112058	 307	 195 0  502  0  1 0 0 0 0 0
171	00d.ma	412	395	201	54	250	99	68.22539674428	 116	 68 0  184  0  1 0 0 0 0 0
172	00d.ma	412	395	303	317	237	322	68.07106781185	 142	 113 0  255  0  1 0 0 0 0 0
173	00d.ma	412	395	133	43	71	58	68.21320343555	 220	 93 0  313  0  1 0 0 0 0 0
174	00d.ma	412	395	58	95	65	159	68.55634918607	 128	 329 0  457  0  1 0 0 0 0 0
175	00d.ma	412	395	106	159	97	95	68.55634918607	 279	 193 0  472  0  1 0 0 0 0 0
176	00d.ma	412	395	268	353	326	321	71.25483399584	 87	 87 0  174  0  1 0 0 0 0 0
177	00d.ma	412	395	159	21	225	16	68.07106781185	 119	 89 0  208  0  1 0 0 0 0 0
178	00d.ma	412	395	365	192	315	146	69.05382386902	 25	 26 0  51  0  1 0 0 0 0 0
179	00d.ma	412	395	38	111	76	167	71.74011537006	 55	 55 0  110  0  1 0 0 0 0 0
180	00d.ma	412	395	91	110	74	156	68.25483399584	 637	 938 0  1575  0  1 0 0 0 0 0
181	00d.ma	412	395	41	226	63	164	73.35533905925	 403	 268 0  634  0  0 0 1 0 0 0
182	00d.ma	412	395	340	154	390	194	74.76955262162	 581	 336 0  917  0  1 0 0 0 0 0
183	00d.ma	412	395	153	344	218	327	72.04163056029	 277	 107 0  384  0  1 0 0 0 0 0
184	00d.ma	412	395	260	29	195	54	75.35533905925	 246	 82 0  328  0  1 0 0 0 0 0
185	00d.ma	412	395	62	179	124	149	75.25483399584	 550	 33 0  583  0  1 0 0 0 0 0
186	00d.ma	412	395	199	276	230	337	73.84062043347	 159	 63 0  222  0  1 0 0 0 0 0
187	00d.ma	412	395	270	252	270	177	75	 38	 37 0  75  0  1 0 0 0 0 0
188	00d.ma	412	395	249	352	214	292	74.49747468295	 35	 66 0  101  0  1 0 0 0 0 0
189	00d.ma	412	395	274	213	296	150	72.11269837214	 196	 52 0  248  0  1 0 0 0 0 0
190	00d.ma	412	395	181	379	253	371	75.31370849896	 152	 152 0  304  0  1 0 0 0 0 0
191	00d.ma	412	395	164	48	108	49	62.21320343555	 177	 407 0  584  0  1 0 0 0 0 0
192	00d.ma	412	395	51	195	97	245	77.49747468295	 585	 530 0  1115  0  1 0 0 0 0 0
193	00d.ma	412	395	263	47	192	54	73.89949493659	 227	 153 0  380  0  1 0 0 0 0 0
194	00d.ma	412	395	35	135	64	69	78.01219330873	 194	 109 0  303  0  1 0 0 0 0 0
195	00d.ma	412	395	254	358	178	360	76.82842712474	 74	 74 0  148  0  1 0 0 0 0 0
196	00d.ma	412	395	82	80	135	25	76.95331880561	 28	 27 0  55  0  1 0 0 0 0 0
197	00d.ma	412	395	260	228	210	273	75.08326112058	 647	 326 0  973  0  1 0 0 0 0 0
198	00d.ma	412	395	167	78	145	32	65.69848480977	 994	 374 0  1368  0  1 0 0 0 0 0
199	00d.ma	412	395	273	33	337	61	75.59797974636	 45	 148 0  193  0  1 0 0 0 0 0
200	00d.ma	412	395	72	132	84	73	77.22539674428	 759	 1020 0  1779  0  1 0 0 0 0 0
201	00d.ma	412	395	160	155	120	199	76.76955262162	 555	 527 0  1075  0  0 0 1 0 0 0
202	00d.ma	412	395	69	205	8	161	79.22539674428	 28	 106 0  134  0  1 0 0 0 0 0
203	00d.ma	412	395	83	133	20	91	80.39696961954	 52	 31 0  83  0  1 0 0 0 0 0
204	00d.ma	412	395	332	147	381	203	79.81118318191	 477	 204 0  681  0  1 0 0 0 0 0
205	00d.ma	412	395	291	198	232	248	82.63961030665	 359	 491 0  850  0  1 0 0 0 0 0
206	00d.ma	412	395	12	115	78	147	79.25483399584	 102	 110 0  212  0  1 0 0 0 0 0
207	00d.ma	412	395	81	31	105	81	62.2842712474	 112	 486 0  598  0  1 0 0 0 0 0
208	00d.ma	412	395	390	96	316	76	82.2842712474	 152	 140 0  292  0  1 0 0 0 0 0
209	00d.ma	412	395	236	59	307	78	78.87005768503	 296	 227 0  523  0  1 0 0 0 0 0
210	00d.ma	412	395	326	275	265	317	78.39696961954	 104	 28 0  132  0  1 0 0 0 0 0
211	00d.ma	412	395	94	154	19	167	86.18376618399	 976	 175 0  1151  0  1 0 0 0 0 0
212	00d.ma	412	395	321	191	255	236	84.63961030665	 101	 40 0  141  0  1 0 0 0 0 0
213	00d.ma	412	395	228	308	288	266	86.76955262162	 1255	 383 0  1638  0  1 0 0 0 0 0
214	00d.ma	412	395	12	56	46	128	86.08326112058	 71	 65 0  136  0  1 0 0 0 0 0
215	00d.ma	412	395	287	360	209	341	85.87005768503	 332	 184 0  516  0  1 0 0 0 0 0
216	00d.ma	412	395	280	79	217	98	86.18376618399	 383	 1525 0  1908  0  1 0 0 0 0 0
217	00d.ma	412	395	60	229	125	197	81.5685424948	 512	 154 0  666  0  1 0 0 0 0 0
218	00d.ma	412	395	13	161	88	170	84.38477631081	 266	 840 0  1106  0  1 0 0 0 0 0
219	00d.ma	412	395	132	84	63	51	83.25483399584	 486	 66 0  552  0  1 0 0 0 0 0
220	00d.ma	412	395	103	197	75	271	85.59797974636	 191	 112 0  303  0  1 0 0 0 0 0
221	00d.ma	412	395	6	132	90	148	90.62741699792	 165	 198 0  363  0  1 0 0 0 0 0
222	00d.ma	412	395	228	44	178	103	87.02438661746	 102	 905 0  1007  0  1 0 0 0 0 0
223	00d.ma	412	395	109	160	78	81	91.84062043347	 406	 84 0  490  0  1 0 0 0 0 0
224	00d.ma	412	395	278	122	200	153	90.84062043347	 386	 57 0  443  0  1 0 0 0 0 0
225	00d.ma	412	395	191	74	143	57	55.04163056029	 176	 134 0  310  0  1 0 0 0 0 0
226	00d.ma	412	395	256	69	196	14	86.29646455613	 242	 254 0  495  0  0 0 1 0 0 0
227	00d.ma	412	395	231	75	172	10	90.61017305509	 277	 122 0  399  0  1 0 0 0 0 0
228	00d.ma	412	395	344	182	280	156	85.35533905925	 1044	 203 0  1227  0  0 0 0 1 0 0
229	00d.ma	412	395	113	45	138	123	88.35533905925	 198	 195 0  393  0  1 0 0 0 0 0
230	00d.ma	412	395	315	18	241	50	87.25483399584	 150	 190 0  340  0  1 0 0 0 0 0
231	00d.ma	412	395	223	130	280	193	94.22539674428	 445	 619 0  1064  0  1 0 0 0 0 0
232	00d.ma	412	395	298	271	249	220	92.4264068711	 1396	 1663 0  3059  0  1 0 0 0 0 0
233	00d.ma	412	395	305	205	228	250	95.63961030665	 139	 74 0  213  0  1 0 0 0 0 0
234	00d.ma	412	395	275	75	297	24	70.31370849896	 278	 1059 0  1310  0  0 0 0 1 0 0
235	00d.ma	412	395	171	11	174	84	75.89949493659	 130	 214 0  344  0  1 0 0 0 0 0
236	00d.ma	412	395	346	308	303	383	92.81118318191	 191	 77 0  268  0  1 0 0 0 0 0
237	00d.ma	412	395	64	87	49	175	94.21320343555	 401	 294 0  695  0  1 0 0 0 0 0
238	00d.ma	412	395	68	253	57	177	93.52691193451	 1372	 576 0  1948  0  1 0 0 0 0 0
239	00d.ma	412	395	179	13	89	26	95.38477631081	 365	 172 0  537  0  1 0 0 0 0 0
240	00d.ma	412	395	286	304	232	241	91.81118318191	 790	 833 0  1623  0  1 0 0 0 0 0
241	00d.ma	412	395	143	33	63	81	99.88225099376	 117	 128 0  245  0  1 0 0 0 0 0
242	00d.ma	412	395	177	361	217	279	98.5685424948	 194	 194 0  388  0  1 0 0 0 0 0
243	00d.ma	412	395	269	100	198	157	98.7106781185	 166	 763 0  929  0  1 0 0 0 0 0
244	00d.ma	412	395	248	22	327	55	92.66904755821	 294	 81 0  375  0  1 0 0 0 0 0
245	00d.ma	412	395	375	369	286	349	97.2842712474	 551	 134 0  685  0  1 0 0 0 0 0
246	00d.ma	412	395	348	297	280	312	88.0538238690201	 1598	 730 0  2327  0  0 0 1 0 0 0
247	00d.ma	412	395	236	194	295	247	94.46803743139	 1158	 1010 0  1927  0  0 0 0 0 0 1
248	00d.ma	412	395	127	114	201	94	97.15432893243	 899	 1171 0  2042  0  0 0 1 0 0 0
249	00d.ma	412	395	90	228	27	173	93.88225099376	 418	 988 0  1406  0  1 0 0 0 0 0
250	00d.ma	412	395	199	333	286	361	98.59797974636	 519	 162 0  681  0  1 0 0 0 0 0
251	00d.ma	412	395	149	74	107	160	103.39696961954	 211	 126 0  337  0  1 0 0 0 0 0
252	00d.ma	412	395	287	204	252	165	100.18376618399	 2629	 1806 0  4435  0  1 0 0 0 0 0
253	00d.ma	412	395	316	240	321	340	102.07106781185	 187	 140 0  327  0  1 0 0 0 0 0
254	00d.ma	412	395	268	13	199	74	96.61017305509	 489	 412 0  901  0  1 0 0 0 0 0
255	00d.ma	412	395	264	378	345	328	101.7106781185	 243	 54 0  297  0  1 0 0 0 0 0
256	00d.ma	412	395	263	146	356	166	102.94112549688	 352	 719 0  1071  0  1 0 0 0 0 0
257	00d.ma	412	395	45	159	57	256	101.97056274844	 495	 277 0  772  0  1 0 0 0 0 0
258	00d.ma	412	395	297	263	353	338	98.19595949272	 107	 35 0  142  0  1 0 0 0 0 0
259	00d.ma	412	395	129	117	87	203	103.39696961954	 46	 305 0  351  0  1 0 0 0 0 0
260	00d.ma	412	395	329	294	369	378	100.5685424948	 210	 210 0  420  0  1 0 0 0 0 0
261	00d.ma	412	395	306	373	204	365	105.31370849896	 227	 227 0  454  0  1 0 0 0 0 0
262	00d.ma	412	395	272	337	171	350	106.38477631081	 469	 159 0  628  0  1 0 0 0 0 0
263	00d.ma	412	395	98	99	51	163	104.39696961954	 739	 2239 0  2978  0  1 0 0 0 0 0
264	00d.ma	412	395	73	115	65	204	105.5685424948	 1333	 437 0  1770  0  1 0 0 0 0 0
265	00d.ma	412	395	246	315	284	229	107.01219330873	 1503	 667 0  2170  0  1 0 0 0 0 0
266	00d.ma	412	395	336	151	303	228	99.45584412266	 1016	 1275 0  2291  0  1 0 0 0 0 0
267	00d.ma	412	395	130	86	80	23	84.88225099376	 53	 317 0  370  0  1 0 0 0 0 0
268	00d.ma	412	395	111	160	64	205	103.25483399584	 2657	 831 0  3488  0  1 0 0 0 0 0
269	00d.ma	412	395	141	92	207	14	105.33809511642	 47	 51 0  98  0  1 0 0 0 0 0
270	00d.ma	412	395	147	88	95	12	98.12489168087	 271	 78 0  349  0  1 0 0 0 0 0
271	00d.ma	412	395	243	351	343	323	111.59797974636	 413	 413 0  826  0  1 0 0 0 0 0
272	00d.ma	412	395	232	175	266	268	107.08326112058	 395	 143 0  538  0  1 0 0 0 0 0
273	00d.ma	412	395	267	364	161	373	109.72792206133	 382	 139 0  521  0  1 0 0 0 0 0
274	00d.ma	412	395	104	170	22	147	105.5685424948	 2169	 314 0  2483  0  1 0 0 0 0 0
275	00d.ma	412	395	43	193	124	141	108.39696961954	 477	 1404 0  1881  0  1 0 0 0 0 0
276	00d.ma	412	395	113	159	62	210	109.84062043347	 2761	 964 0  3725  0  1 0 0 0 0 0
277	00d.ma	412	395	111	37	24	94	110.61017305509	 76	 82 0  158  0  1 0 0 0 0 0
278	00d.ma	412	395	326	66	218	57	111.72792206133	 412	 199 0  611  0  1 0 0 0 0 0
279	00d.ma	412	395	238	36	343	22	110.79898987318	 635	 86 0  721  0  1 0 0 0 0 0
280	00d.ma	412	395	268	268	337	298	100.49747468295	 991	 2162 0  3148  0  0 0 1 0 0 0
281	00d.ma	412	395	61	256	142	211	110.26702730457	 2134	 415 0  2549  0  1 0 0 0 0 0
282	00d.ma	412	395	113	31	26	95	115.26702730457	 54	 651 0  705  0  1 0 0 0 0 0
283	00d.ma	412	395	277	45	260	62	67.21320343555	 1595	 627 0  2222  0  1 0 0 0 0 0
284	00d.ma	412	395	29	129	53	230	113.2842712474	 238	 1195 0  1433  0  1 0 0 0 0 0
285	00d.ma	412	395	321	136	352	237	113.84062043347	 172	 486 0  658  0  1 0 0 0 0 0
286	00d.ma	412	395	290	183	248	280	114.39696961954	 393	 63 0  456  0  1 0 0 0 0 0
287	00d.ma	412	395	59	149	50	37	115.72792206133	 450	 196 0  646  0  1 0 0 0 0 0
288	00d.ma	412	395	265	288	249	180	114.62741699792	 186	 223 0  409  0  1 0 0 0 0 0
289	00d.ma	412	395	293	238	361	324	114.16652224116	 70	 70 0  140  0  1 0 0 0 0 0
290	00d.ma	412	395	286	388	318	288	113.25483399584	 410	 378 0  788  0  1 0 0 0 0 0
291	00d.ma	412	395	326	246	230	249	118.78174593035	 2510	 2420 0  4930  0  1 0 0 0 0 0
292	00d.ma	412	395	166	368	222	274	117.19595949272	 172	 172 0  344  0  1 0 0 0 0 0
293	00d.ma	412	395	335	88	260	36	96.53910524324	 35	 112 0  147  0  1 0 0 0 0 0
294	00d.ma	412	395	13	132	124	145	116.38477631081	 155	 392 0  547  0  1 0 0 0 0 0
295	00d.ma	412	395	254	120	173	195	115.58073580353	 225	 634 0  859  0  1 0 0 0 0 0
296	00d.ma	412	395	319	310	216	345	117.49747468295	 555	 194 0  749  0  1 0 0 0 0 0
297	00d.ma	412	395	253	146	319	237	118.33809511642	 134	 48 0  182  0  1 0 0 0 0 0
298	00d.ma	412	395	217	205	172	302	119.29646455613	 189	 486 0  658  0  0 0 0 1 0 0
299	00d.ma	412	395	167	22	54	7	119.21320343555	 564	 202 0  766  0  1 0 0 0 0 0
300	00d.ma	412	395	321	37	208	50	118.38477631081	 525	 183 0  708  0  1 0 0 0 0 0
301	00d.ma	412	395	275	357	214	269	122.05382386902	 1688	 1805 0  3493  0  1 0 0 0 0 0
302	00d.ma	412	395	14	60	30	172	121.79898987318	 849	 395 0  905  0  0 0 0 1 0 0
303	00d.ma	412	395	302	219	324	333	123.11269837214	 566	 304 0  870  0  1 0 0 0 0 0
304	00d.ma	412	395	330	139	210	135	121.65685424948	 277	 59 0  336  0  1 0 0 0 0 0
305	00d.ma	412	395	310	148	247	229	118.46803743139	 839	 1824 0  2218  0  0 0 0 0 0 1
306	00d.ma	412	395	291	85	178	72	121.45584412266	 355	 1085 0  1440  0  1 0 0 0 0 0
307	00d.ma	412	395	84	57	188	70	112.69848480977	 736	 852 0  1588  0  1 0 0 0 0 0
308	00d.ma	412	395	99	264	43	168	122.7106781185	 78	 1191 0  1269  0  1 0 0 0 0 0
309	00d.ma	412	395	327	278	247	249	114.74011537006	 3169	 2087 0  5255  0  0 0 1 0 0 0
310	00d.ma	412	395	261	290	315	332	108.04163056029	 2484	 3011 0  5376  0  0 0 0 1 0 0
311	00d.ma	412	395	243	43	138	86	122.81118318191	 989	 248 0  1237  0  1 0 0 0 0 0
312	00d.ma	412	395	139	32	215	89	110.78174593035	 922	 1604 0  2486  0  0 0 0 1 0 0
313	00d.ma	412	395	332	349	206	353	127.65685424948	 182	 182 0  364  0  1 0 0 0 0 0
314	00d.ma	412	395	256	380	333	287	124.89444430249	 106	 48 0  154  0  1 0 0 0 0 0
315	00d.ma	412	395	56	239	121	167	124.05382386902	 2903	 1013 0  3675  0  0 0 0 0 1 0
316	00d.ma	412	395	113	157	158	197	97.2842712474	 998	 1670 0  2668  0  1 0 0 0 0 0
317	00d.ma	412	395	98	136	30	227	123.8528137422	 1447	 1251 0  2698  0  1 0 0 0 0 0
318	00d.ma	412	395	187	175	279	184	127.8528137422	 2745	 1538 0  4283  0  1 0 0 0 0 0
319	00d.ma	412	395	124	115	42	197	123.58073580353	 1033	 373 0  1406  0  1 0 0 0 0 0
320	00d.ma	412	395	279	381	184	302	127.72287142723	 107	 49 0  156  0  1 0 0 0 0 0
321	00d.ma	412	395	325	152	298	264	126.11269837214	 217	 1539 0  1756  0  1 0 0 0 0 0
322	00d.ma	412	395	314	83	202	40	129.81118318191	 538	 85 0  623  0  1 0 0 0 0 0
323	00d.ma	412	395	126	91	45	9	126.09545442931	 1413	 1259 0  2672  0  1 0 0 0 0 0
324	00d.ma	412	395	139	21	95	124	130.49747468295	 1984	 698 0  2682  0  1 0 0 0 0 0
325	00d.ma	412	395	297	301	259	199	127.01219330873	 2128	 1196 0  3323  0  0 0 1 0 0 0
326	00d.ma	412	395	182	9	75	62	128.95331880561	 248	 104 0  352  0  1 0 0 0 0 0
327	00d.ma	412	395	319	345	275	285	114.87005768503	 3975	 2164 0  6139  0  1 0 0 0 0 0
328	00d.ma	412	395	46	230	81	129	127.69848480977	 1827	 761 0  2190  0  0 0 1 0 0 0
329	00d.ma	412	395	270	204	340	197	91.4264068711	 1759	 270 0  2029  0  1 0 0 0 0 0
330	00d.ma	412	395	29	118	108	25	128.20815280145	 874	 64 0  938  0  1 0 0 0 0 0
331	00d.ma	412	395	164	366	297	367	133.41421356237	 133	 66 0  199  0  1 0 0 0 0 0
332	00d.ma	412	395	145	199	205	138	126.88225099376	 2085	 1934 0  4013  0  0 0 1 0 0 0
333	00d.ma	412	395	197	274	302	224	130.19595949272	 1454	 972 0  2009  0  0 0 0 1 0 0
334	00d.ma	412	395	367	196	287	204	95.74011537006	 923	 1200 0  2123  0  1 0 0 0 0 0
335	00d.ma	412	395	299	254	324	134	130.35533905925	 429	 501 0  930  0  1 0 0 0 0 0
336	00d.ma	412	395	222	335	233	293	90.45584412266	 2793	 1674 0  4466  0  0 0 1 0 0 0
337	00d.ma	412	395	296	192	373	194	92.01219330873	 698	 1056 0  1754  0  1 0 0 0 0 0
338	00d.ma	412	395	218	284	281	274	93.4264068711	 1747	 1011 0  2752  0  0 0 1 0 0 0
339	00d.ma	412	395	319	308	233	306	118.66904755821	 2166	 2472 0  4638  0  1 0 0 0 0 0
340	00d.ma	412	395	259	120	357	196	132.40916292827	 863	 844 0  1707  0  1 0 0 0 0 0
341	00d.ma	412	395	74	78	184	7	139.40916292827	 142	 165 0  307  0  1 0 0 0 0 0
342	00d.ma	412	395	231	217	163	325	136.16652224116	 114	 52 0  166  0  1 0 0 0 0 0
343	00d.ma	412	395	53	25	57	163	139.65685424948	 200	 200 0  400  0  1 0 0 0 0 0
344	00d.ma	412	395	233	198	316	284	137.9949493659	 2280	 2249 0  4529  0  1 0 0 0 0 0
345	00d.ma	412	395	316	227	269	346	138.46803743139	 1557	 65 0  1622  0  1 0 0 0 0 0
346	00d.ma	412	395	236	58	312	7	100.63961030665	 154	 866 0  1020  0  1 0 0 0 0 0
347	00d.ma	412	395	149	69	24	95	136.59797974636	 659	 912 0  1098  0  0 0 0 1 0 0
348	00d.ma	412	395	254	279	297	323	119.4264068711	 4008	 3344 0  7350  0  0 0 1 0 0 0
349	00d.ma	412	395	176	85	51	105	137.4264068711	 800	 582 0  1312  0  0 0 0 1 0 0
350	00d.ma	412	395	62	41	170	69	126.22539674428	 642	 819 0  1459  0  0 0 1 0 0 0
351	00d.ma	412	395	94	68	80	195	143.5685424948	 1172	 2239 0  3411  0  1 0 0 0 0 0
352	00d.ma	412	395	293	277	337	381	130.4264068711	 846	 2655 0  3501  0  1 0 0 0 0 0
353	00d.ma	412	395	157	362	226	251	139.58073580353	 142	 100 0  242  0  1 0 0 0 0 0
354	00d.ma	412	395	294	285	353	373	128.05382386902	 868	 3118 0  3986  0  1 0 0 0 0 0
355	00d.ma	412	395	105	251	44	134	142.26702730457	 212	 143 0  355  0  1 0 0 0 0 0
356	00d.ma	412	395	139	264	149	170	141.33809511642	 2009	 2748 0  4755  0  0 0 1 0 0 0
357	00d.ma	412	395	180	304	286	392	142.45079348856	 80	 80 0  160  0  1 0 0 0 0 0
358	00d.ma	412	395	223	354	360	345	140.72792206133	 575	 125 0  700  0  1 0 0 0 0 0
359	00d.ma	412	395	194	101	287	50	118.22539674428	 1581	 568 0  2149  0  1 0 0 0 0 0
360	00d.ma	412	395	129	144	51	222	138.7106781185	 2491	 2117 0  4606  0  0 0 1 0 0 0
361	00d.ma	412	395	369	327	227	334	144.89949493659	 331	 264 0  595  0  1 0 0 0 0 0
362	00d.ma	412	395	175	361	310	337	144.94112549688	 989	 320 0  1309  0  1 0 0 0 0 0
363	00d.ma	412	395	150	173	84	153	117.39696961954	 1439	 3592 0  5027  0  0 0 1 0 0 0
364	00d.ma	412	395	259	295	261	152	145.48528137422	 316	 98 0  414  0  1 0 0 0 0 0
365	00d.ma	412	395	216	304	336	295	143.08326112058	 586	 3014 0  3600  0  1 0 0 0 0 0
366	00d.ma	412	395	201	37	305	115	146.26702730457	 2300	 652 0  2952  0  1 0 0 0 0 0
367	00d.ma	412	395	200	167	329	164	147.39696961954	 832	 1597 0  2429  0  1 0 0 0 0 0
368	00d.ma	412	395	305	227	297	361	142.2842712474	 1304	 1171 0  2475  0  1 0 0 0 0 0
369	00d.ma	412	395	310	133	242	214	141.36753236798	 3610	 3402 0  6589  0  1 0 0 0 0 0
370	00d.ma	412	395	361	87	238	49	138.74011537006	 57	 468 0  525  0  1 0 0 0 0 0
371	00d.ma	412	395	279	154	321	284	149.88225099376	 139	 2118 0  2257  0  1 0 0 0 0 0
372	00d.ma	412	395	244	343	263	242	133.92388155405	 2027	 3568 0  5386  0  0 0 0 0 1 0
373	00d.ma	412	395	351	364	220	322	148.39696961954	 978	 441 0  1419  0  1 0 0 0 0 0
374	00d.ma	412	395	173	86	297	101	150.74011537006	 3347	 898 0  4245  0  1 0 0 0 0 0
375	00d.ma	412	395	294	251	227	321	146.98275605717	 3916	 3503 0  7419  0  1 0 0 0 0 0
376	00d.ma	412	395	210	311	355	325	150.79898987318	 126	 897 0  1023  0  1 0 0 0 0 0
377	00d.ma	412	395	311	80	186	18	150.68124086694	 623	 64 0  687  0  1 0 0 0 0 0
378	00d.ma	412	395	111	42	45	165	150.33809511642	 57	 596 0  653  0  1 0 0 0 0 0
379	00d.ma	412	395	292	111	259	28	109.25483399584	 1213	 1487 0  2700  0  1 0 0 0 0 0
380	00d.ma	412	395	312	271	290	146	148.05382386902	 3272	 377 0  3649  0  1 0 0 0 0 0
381	00d.ma	412	395	103	106	93	252	154.2842712474	 732	 974 0  1255  0  0 0 0 1 0 0
382	00d.ma	412	395	304	230	216	300	136.40916292827	 1909	 1812 0  3721  0  1 0 0 0 0 0
383	00d.ma	412	395	293	45	252	87	117.62741699792	 4929	 1282 0  6208  0  0 0 0 1 0 0
384	00d.ma	412	395	305	350	173	296	154.36753236798	 217	 598 0  815  0  1 0 0 0 0 0
385	00d.ma	412	395	97	185	92	41	154.35533905925	 1285	 1488 0  2773  0  1 0 0 0 0 0
386	00d.ma	412	395	89	202	122	64	151.66904755821	 256	 555 0  811  0  1 0 0 0 0 0
387	00d.ma	412	395	290	200	358	325	153.16652224116	 443	 143 0  586  0  1 0 0 0 0 0
388	00d.ma	412	395	139	124	225	28	152.20815280145	 729	 3495 0  4097  0  0 0 0 1 0 0
389	00d.ma	412	395	111	71	88	217	155.52691193451	 593	 350 0  943  0  1 0 0 0 0 0
390	00d.ma	412	395	232	65	94	60	145.87005768503	 1188	 621 0  1809  0  1 0 0 0 0 0
391	00d.ma	412	395	225	341	272	226	140.26702730457	 755	 2490 0  3245  0  1 0 0 0 0 0
392	00d.ma	412	395	177	75	319	39	156.91168824532	 336	 762 0  1098  0  1 0 0 0 0 0
393	00d.ma	412	395	198	301	334	286	158.78174593035	 2174	 3289 0  5463  0  1 0 0 0 0 0
394	00d.ma	412	395	269	277	254	125	158.21320343555	 594	 381 0  975  0  1 0 0 0 0 0
395	00d.ma	412	395	81	166	79	27	158.88225099376	 1890	 3041 0  4931  0  1 0 0 0 0 0
396	00d.ma	412	395	230	145	154	271	158.65180361538	 122	 1253 0  1375  0  1 0 0 0 0 0
397	00d.ma	412	395	316	256	233	380	158.37972567671	 1306	 1676 0  2982  0  1 0 0 0 0 0
398	00d.ma	412	395	320	312	243	203	157.92388155405	 3057	 2983 0  6040  0  1 0 0 0 0 0
399	00d.ma	412	395	244	231	328	317	156.26702730457	 3771	 4499 0  8270  0  1 0 0 0 0 0
400	00d.ma	412	395	210	94	301	6	139.16652224116	 1326	 1308 0  2631  0  0 0 1 0 0 0
401	00d.ma	412	395	100	166	197	59	160.06601717775	 2008	 1713 0  3721  0  1 0 0 0 0 0
402	00d.ma	412	395	342	289	214	296	159.7106781185	 4361	 1858 0  6218  0  0 0 1 0 0 0
403	00d.ma	412	395	197	73	346	91	159.76955262162	 1130	 1348 0  2478  0  1 0 0 0 0 0
404	00d.ma	412	395	19	198	117	89	161.30865786486	 2304	 1152 0  3456  0  1 0 0 0 0 0
405	00d.ma	412	395	221	188	268	142	128.63961030665	 3212	 4023 0  7217  0  0 0 0 1 0 0
406	00d.ma	412	395	343	156	298	278	155.18376618399	 2222	 3622 0  5844  0  1 0 0 0 0 0
407	00d.ma	412	395	250	56	105	18	162.49747468295	 70	 1863 0  1933  0  1 0 0 0 0 0
408	00d.ma	412	395	211	188	263	137	118.05382386902	 2807	 2955 0  5747  0  0 0 0 1 0 0
409	00d.ma	412	395	251	340	249	290	118.7106781185	 4433	 3724 0  8156  0  0 0 1 0 0 0
410	00d.ma	412	395	168	308	286	213	158.52186130041	 1082	 946 0  2027  0  0 0 0 1 0 0
411	00d.ma	412	395	218	90	334	10	159.68124086694	 1724	 2843 0  4328  0  0 0 0 0 1 0
412	00d.ma	412	395	91	161	168	174	134.12489168087	 4422	 2206 0  6488  0  0 0 1 0 0 0
413	00d.ma	412	395	147	163	48	259	159.65180361538	 771	 3123 0  3894  0  1 0 0 0 0 0
414	00d.ma	412	395	324	297	221	263	131.46803743139	 2105	 1662 0  3766  0  0 0 1 0 0 0
415	00d.ma	412	395	321	35	159	29	166.1421356237	 724	 158 0  882  0  1 0 0 0 0 0
416	00d.ma	412	395	222	321	286	196	154.82337649064	 132	 2417 0  2549  0  1 0 0 0 0 0
417	00d.ma	412	395	353	169	203	127	167.39696961954	 1393	 444 0  1837  0  1 0 0 0 0 0
418	00d.ma	412	395	49	10	53	175	166.65685424948	 322	 160 0  482  0  1 0 0 0 0 0
419	00d.ma	412	395	296	15	222	115	144.12489168087	 2455	 2080 0  4535  0  1 0 0 0 0 0
420	00d.ma	412	395	248	265	221	381	137.87005768503	 2066	 2792 0  4827  0  0 0 0 1 0 0
421	00d.ma	412	395	245	175	319	295	167.68124086694	 2829	 3897 0  6726  0  1 0 0 0 0 0
422	00d.ma	412	395	51	256	130	119	169.72287142723	 1566	 201 0  1767  0  1 0 0 0 0 0
423	00d.ma	412	395	276	202	197	330	160.72287142723	 101	 65 0  166  0  1 0 0 0 0 0
424	00d.ma	412	395	172	49	321	91	167.22539674428	 417	 1274 0  1691  0  1 0 0 0 0 0
425	00d.ma	412	395	159	164	41	230	162.7106781185	 948	 3663 0  4611  0  1 0 0 0 0 0
426	00d.ma	412	395	115	312	177	171	169.9949493659	 1756	 379 0  2135  0  1 0 0 0 0 0
427	00d.ma	412	395	388	128	271	51	162.16652224116	 208	 2636 0  2844  0  1 0 0 0 0 0
428	00d.ma	412	395	88	6	255	16	171.1421356237	 537	 457 0  994  0  1 0 0 0 0 0
429	00d.ma	412	395	252	11	115	77	169.30865786486	 3245	 195 0  3440  0  1 0 0 0 0 0
430	00d.ma	412	395	228	388	384	361	167.76955262162	 1855	 107 0  1962  0  1 0 0 0 0 0
431	00d.ma	412	395	319	225	227	328	172.15432893243	 4193	 1930 0  6123  0  1 0 0 0 0 0
432	00d.ma	412	395	197	63	65	18	150.63961030665	 501	 187 0  688  0  1 0 0 0 0 0
433	00d.ma	412	395	130	46	288	10	172.91168824532	 868	 1397 0  2265  0  1 0 0 0 0 0
434	00d.ma	412	395	35	182	71	22	174.91168824532	 813	 712 0  1525  0  1 0 0 0 0 0
435	00d.ma	412	395	203	381	353	319	175.68124086694	 753	 753 0  1506  0  1 0 0 0 0 0
436	00d.ma	412	395	194	194	109	251	166.06601717775	 3874	 3382 0  7252  0  0 0 1 0 0 0
437	00d.ma	412	395	57	217	166	150	164.40916292827	 3403	 1808 0  4980  0  0 1 0 0 0 0
438	00d.ma	412	395	146	16	75	160	174.58073580353	 1678	 728 0  2406  0  1 0 0 0 0 0
439	00d.ma	412	395	342	339	195	286	172.46803743139	 2423	 666 0  3089  0  1 0 0 0 0 0
440	00d.ma	412	395	223	248	333	316	159.58073580353	 4222	 3979 0  7665  0  0 0 0 0 1 0
441	00d.ma	412	395	382	193	322	241	137.69848480977	 3122	 2737 0  5859  0  1 0 0 0 0 0
442	00d.ma	412	395	229	314	297	339	159.46803743139	 3983	 8458 0  12441  0  1 0 0 0 0 0
443	00d.ma	412	395	293	299	243	383	156.20815280145	 2900	 7051 0  9951  0  1 0 0 0 0 0
444	00d.ma	412	395	259	197	355	217	165.82337649064	 4664	 3732 0  8394  0  0 0 1 0 0 0
445	00d.ma	412	395	305	191	317	364	177.97056274844	 84	 952 0  1036  0  1 0 0 0 0 0
446	00d.ma	412	395	190	183	79	244	169.37972567671	 2842	 4376 0  7217  0  0 0 1 0 0 0
447	00d.ma	412	395	179	346	353	333	179.38477631081	 785	 382 0  1167  0  1 0 0 0 0 0
448	00d.ma	412	395	212	329	294	241	164.55129855197	 4724	 3823 0  8547  0  1 0 0 0 0 0
449	00d.ma	412	395	156	167	293	151	176.68124086694	 3362	 1842 0  5046  0  0 0 0 0 1 0
450	00d.ma	412	395	377	154	324	17	171.37972567671	 478	 3914 0  4392  0  1 0 0 0 0 0
451	00d.ma	412	395	329	25	151	25	182.97056274844	 710	 565 0  1221  0  0 0 0 1 0 0
452	00d.ma	412	395	300	212	317	386	181.04163056029	 488	 894 0  1382  0  1 0 0 0 0 0
453	00d.ma	412	395	357	360	245	291	169.02438661746	 6657	 3158 0  9815  0  1 0 0 0 0 0
454	00d.ma	412	395	34	216	23	49	179.84062043347	 1838	 1826 0  3664  0  1 0 0 0 0 0
455	00d.ma	412	395	257	369	263	297	162.40916292827	 9439	 4482 0  13880  0  0 0 0 1 0 0
456	00d.ma	412	395	299	242	189	318	166.14927829833	 2620	 4172 0  6792  0  1 0 0 0 0 0
457	00d.ma	412	395	233	214	358	317	181.76450198752	 2497	 3744 0  6241  0  1 0 0 0 0 0
458	00d.ma	412	395	272	209	175	341	172.17871554989	 75	 66 0  141  0  1 0 0 0 0 0
459	00d.ma	412	395	205	165	94	242	173.1370849896	 2761	 3380 0  6041  0  0 0 0 1 0 0
460	00d.ma	412	395	182	170	327	190	179.40916292827	 3454	 2963 0  6176  0  0 0 0 0 1 0
461	00d.ma	412	395	308	262	175	324	174.421356237	 3471	 4394 0  7608  0  0 0 0 0 1 0
462	00d.ma	412	395	206	73	60	119	182.66904755821	 3645	 1500 0  5125  0  0 0 0 1 0 0
463	00d.ma	412	395	340	279	350	129	180.61017305509	 1894	 3190 0  5084  0  1 0 0 0 0 0
464	00d.ma	412	395	197	159	226	232	88.52691193451	 484	 465 0  948  0  0 0 1 0 0 0
465	00d.ma	412	395	33	222	36	49	185.01219330873	 1896	 1648 0  3544  0  1 0 0 0 0 0
466	00d.ma	412	395	224	230	357	316	186.86500705093	 4094	 5243 0  9337  0  1 0 0 0 0 0
467	00d.ma	412	395	96	218	125	45	185.01219330873	 618	 617 0  1235  0  1 0 0 0 0 0
468	00d.ma	412	395	155	24	310	96	184.82337649064	 171	 761 0  932  0  1 0 0 0 0 0
469	00d.ma	412	395	335	151	232	185	172.48023074012	 6950	 3633 0  10582  0  0 0 1 0 0 0
470	00d.ma	412	395	92	100	159	203	160.91168824532	 3405	 2519 0  5759  0  0 0 0 0 1 0
471	00d.ma	412	395	94	209	191	80	190.8528137422	 3594	 1686 0  5280  0  1 0 0 0 0 0
472	00d.ma	412	395	28	217	106	67	189.58073580353	 2742	 1780 0  4521  0  0 0 1 0 0 0
473	00d.ma	412	395	61	20	84	194	187.66904755821	 2024	 1810 0  3834  0  1 0 0 0 0 0
474	00d.ma	412	395	103	78	57	241	188.29646455613	 1215	 1709 0  2923  0  0 0 1 0 0 0
475	00d.ma	412	395	266	376	244	284	148.75230867879	 6698	 3469 0  10167  0  1 0 0 0 0 0
476	00d.ma	412	395	333	338	152	362	190.94112549688	 1426	 481 0  1907  0  1 0 0 0 0 0
477	00d.ma	412	395	297	109	142	85	189.32590180769	 975	 4204 0  5179  0  1 0 0 0 0 0
478	00d.ma	412	395	307	210	185	204	141.88225099376	 2292	 1822 0  3859  0  0 0 0 0 1 0
479	00d.ma	412	395	210	183	233	360	188.18376618399	 1004	 1199 0  1608  0  0 0 1 0 0 0
480	00d.ma	412	395	212	59	90	177	190.20815280145	 2760	 2651 0  5411  0  1 0 0 0 0 0
481	00d.ma	412	395	191	329	269	178	183.30865786486	 89	 106 0  195  0  1 0 0 0 0 0
482	00d.ma	412	395	48	197	113	28	195.92388155405	 1561	 71 0  1632  0  1 0 0 0 0 0
483	00d.ma	412	395	206	276	345	371	194.16652224116	 3548	 5245 0  8793  0  1 0 0 0 0 0
484	00d.ma	412	395	275	261	145	356	171.35028842515	 785	 2108 0  2893  0  1 0 0 0 0 0
485	00d.ma	412	395	199	77	378	45	192.25483399584	 1532	 881 0  2413  0  1 0 0 0 0 0
486	00d.ma	412	395	313	258	389	202	161.69848480977	 4819	 3010 0  7829  0  1 0 0 0 0 0
487	00d.ma	412	395	270	197	344	358	191.65180361538	 81	 1163 0  1244  0  1 0 0 0 0 0
488	00d.ma	412	395	227	309	291	353	171.05382386902	 4753	 9615 0  14368  0  1 0 0 0 0 0
489	00d.ma	412	395	260	114	217	184	134.58073580353	 3418	 2636 0  6052  0  0 0 1 0 0 0
490	00d.ma	412	395	287	215	229	355	176.06601717775	 4467	 2098 0  6564  0  0 0 1 0 0 0
491	00d.ma	412	395	240	304	358	366	184.9949493659	 3436	 8606 0  12042  0  1 0 0 0 0 0
492	00d.ma	412	395	119	220	95	37	197.91168824532	 1774	 2532 0  3969  0  0 0 0 0 1 0
493	00d.ma	412	395	79	160	189	187	166.48023074012	 5439	 3050 0  8488  0  0 0 1 0 0 0
494	00d.ma	412	395	80	186	209	99	198.69343417567	 5761	 2224 0  7985  0  1 0 0 0 0 0
495	00d.ma	412	395	324	179	278	348	193.32590180769	 2147	 2195 0  4342  0  1 0 0 0 0 0
496	00d.ma	412	395	230	156	224	144	118.95331880561	 2302	 3520 0  5821  0  0 0 1 0 0 0
497	00d.ma	412	395	33	52	209	64	185.11269837214	 1154	 1016 0  2084  0  0 0 0 1 0 0
498	00d.ma	412	395	192	18	25	89	196.40916292827	 344	 303 0  647  0  1 0 0 0 0 0
499	00d.ma	412	395	262	358	221	191	189.53910524324	 1400	 2002 0  3401  0  0 0 1 0 0 0
500	00d.ma	412	395	288	231	182	345	180.49242404885	 1228	 3806 0  5034  0  1 0 0 0 0 0
501	00d.ma	412	395	55	137	166	159	168.96551211434	 6501	 1932 0  8369  0  0 0 0 1 0 0
502	00d.ma	412	395	264	192	140	159	196.23759005301	 5467	 4292 0  9758  0  0 0 1 0 0 0
503	00d.ma	412	395	356	123	258	275	196.69343417567	 1648	 1799 0  3447  0  1 0 0 0 0 0
504	00d.ma	412	395	85	147	244	108	199.2792206133	 3545	 2533 0  6077  0  0 0 1 0 0 0
505	00d.ma	412	395	166	348	266	313	157.00714267463	 7364	 2302 0  9666  0  1 0 0 0 0 0
506	00d.ma	412	395	140	40	316	72	201.78174593035	 544	 4415 0  4959  0  1 0 0 0 0 0
507	00d.ma	412	395	201	49	382	98	201.29646455613	 1538	 214 0  1752  0  1 0 0 0 0 0
508	00d.ma	412	395	226	113	81	12	189.17871554989	 2028	 1538 0  3566  0  1 0 0 0 0 0
509	00d.ma	412	395	206	340	286	182	191.1370849896	 190	 77 0  267  0  1 0 0 0 0 0
510	00d.ma	412	395	255	203	233	381	199.53910524324	 4366	 3112 0  7478  0  1 0 0 0 0 0
511	00d.ma	412	395	101	82	41	256	207.33809511642	 1761	 3549 0  5307  0  0 0 1 0 0 0
512	00d.ma	412	395	262	120	335	297	207.23759005301	 862	 90 0  952  0  1 0 0 0 0 0
513	00d.ma	412	395	98	51	129	192	171.35533905925	 3669	 1047 0  4507  0  0 0 0 0 1 0
514	00d.ma	412	395	41	240	156	132	197.9949493659	 6339	 1195 0  7446  0  0 0 0 1 0 0
515	00d.ma	412	395	200	75	44	184	204.07821048648	 1119	 2106 0  1180  0  0 0 0 1 0 0
516	00d.ma	412	395	275	387	272	267	187.7106781185	 9285	 5108 0  14393  0  1 0 0 0 0 0
517	00d.ma	412	395	196	223	111	253	194.72287142723	 5003	 5390 0  10387  0  0 0 1 0 0 0
518	00d.ma	412	395	392	371	187	370	205.41421356237	 205	 102 0  307  0  1 0 0 0 0 0
519	00d.ma	412	395	316	157	267	328	199.49747468295	 3617	 633 0  4201  0  0 0 0 1 0 0
520	00d.ma	412	395	49	107	151	177	177.23759005301	 6791	 2017 0  8808  0  1 0 0 0 0 0
521	00d.ma	412	395	267	216	183	380	198.79393923908	 102	 813 0  915  0  1 0 0 0 0 0
522	00d.ma	412	395	175	164	251	229	118.09545442931	 114	 1767 0  1881  0  1 0 0 0 0 0
523	00d.ma	412	395	387	114	222	16	207.35028842515	 135	 3028 0  3163  0  1 0 0 0 0 0
524	00d.ma	412	395	72	145	172	190	176.1370849896	 7453	 2900 0  10350  0  0 0 1 0 0 0
525	00d.ma	412	395	41	95	233	53	210.22539674428	 2059	 2500 0  4559  0  1 0 0 0 0 0
526	00d.ma	412	395	232	72	35	65	209.01219330873	 2594	 2309 0  4903  0  1 0 0 0 0 0
527	00d.ma	412	395	86	166	230	38	207.5634918607	 2406	 2335 0  4741  0  1 0 0 0 0 0
528	00d.ma	412	395	345	224	250	157	204.89444430249	 6274	 4920 0  11193  0  0 0 1 0 0 0
529	00d.ma	412	395	58	89	164	207	186.9949493659	 3298	 1784 0  5076  0  0 0 0 1 0 0
530	00d.ma	412	395	120	121	302	66	211.36753236798	 1389	 1907 0  3295  0  0 0 1 0 0 0
531	00d.ma	412	395	254	129	179	291	213.40916292827	 3991	 3155 0  6891  0  0 0 0 0 1 0
532	00d.ma	412	395	153	221	83	74	192.09545442931	 2758	 3829 0  6382  0  0 0 0 0 1 0
533	00d.ma	412	395	46	208	189	173	201.37972567671	 7672	 3289 0  10960  0  0 0 0 1 0 0
534	00d.ma	412	395	130	85	329	47	214.74011537006	 571	 1934 0  2505  0  1 0 0 0 0 0
535	00d.ma	412	395	289	275	383	206	184.29646455613	 7113	 3033 0  10146  0  1 0 0 0 0 0
536	00d.ma	412	395	110	134	175	191	179.43860017983	 6303	 4804 0  11103  0  0 0 1 0 0 0
537	00d.ma	412	395	129	260	265	127	211.59292911226	 2093	 2570 0  4662  0  0 0 0 1 0 0
538	00d.ma	412	395	117	193	176	83	168.09545442931	 3377	 2890 0  6266  0  0 0 1 0 0 0
539	00d.ma	412	395	208	98	41	174	214.32085117359	 1748	 5215 0  6398  0  0 0 0 1 0 0
540	00d.ma	412	395	55	93	255	81	214.08326112058	 1937	 1750 0  3560  0  0 0 0 1 0 0
541	00d.ma	412	395	310	70	116	113	217.61017305509	 1196	 2301 0  3497  0  1 0 0 0 0 0
542	00d.ma	412	395	67	6	230	107	207.17871554989	 2288	 2707 0  4995  0  1 0 0 0 0 0
543	00d.ma	412	395	227	73	100	198	216.26702730457	 4098	 5090 0  9188  0  1 0 0 0 0 0
544	00d.ma	412	395	226	100	48	154	217.86500705093	 2232	 5156 0  7031  0  0 0 0 1 0 0
545	00d.ma	412	395	252	392	212	192	218.22539674428	 2432	 2284 0  4715  0  0 0 1 0 0 0
546	00d.ma	412	395	235	132	99	231	204.90663761122	 3191	 3700 0  6832  0  0 0 1 0 0 0
547	00d.ma	412	395	126	290	241	128	216.07821048648	 1872	 1643 0  3499  0  0 0 1 0 0 0
548	00d.ma	412	395	238	165	349	131	209.35028842515	 3629	 8053 0  11422  0  0 0 0 0 1 0
549	00d.ma	412	395	166	385	226	310	175.26702730457	 7580	 1585 0  9165  0  1 0 0 0 0 0
550	00d.ma	412	395	114	214	72	24	215.68124086694	 3018	 3232 0  6245  0  0 0 1 0 0 0
551	00d.ma	412	395	82	194	215	40	221.39191898544	 3126	 3145 0  6271  0  1 0 0 0 0 0
552	00d.ma	412	395	274	156	152	282	219.86500705093	 4100	 3259 0  7359  0  1 0 0 0 0 0
553	00d.ma	412	395	270	171	355	358	222.20815280145	 105	 1691 0  1796  0  1 0 0 0 0 0
554	00d.ma	412	395	282	256	179	352	195.9949493659	 4777	 8723 0  13499  0  0 0 0 1 0 0
555	00d.ma	412	395	269	237	366	384	221.76450198752	 4163	 8581 0  12744  0  1 0 0 0 0 0
556	00d.ma	412	395	385	104	191	46	218.02438661746	 241	 1792 0  2033  0  1 0 0 0 0 0
557	00d.ma	412	395	280	147	115	194	216.16652224116	 4279	 3119 0  7207  0  0 0 0 0 1 0
558	00d.ma	412	395	211	65	43	185	220.63455967255	 1565	 2330 0  1696  0  0 0 0 1 0 0
559	00d.ma	412	395	177	211	73	156	189.45079348856	 3913	 8634 0  12102  0  1 0 0 0 0 0
560	00d.ma	412	395	394	370	300	195	220.96551211434	 265	 3943 0  4208  0  1 0 0 0 0 0
561	00d.ma	412	395	347	58	133	84	224.76955262162	 1835	 410 0  2245  0  1 0 0 0 0 0
562	00d.ma	412	395	375	371	323	179	226.50966799168	 4469	 2070 0  6539  0  1 0 0 0 0 0
563	00d.ma	412	395	225	248	343	384	224.30865786486	 6518	 8970 0  15488  0  1 0 0 0 0 0
564	00d.ma	412	395	347	163	307	336	204.11269837214	 2739	 4665 0  7404  0  1 0 0 0 0 0
565	00d.ma	412	395	213	87	117	213	222.65180361538	 5018	 7358 0  12165  0  0 0 0 0 1 0
566	00d.ma	412	395	283	364	254	190	225.20815280145	 6939	 8049 0  14988  0  1 0 0 0 0 0
567	00d.ma	412	395	309	140	358	345	225.29646455613	 2447	 305 0  2752  0  1 0 0 0 0 0
568	00d.ma	412	395	380	188	188	175	226.37972567671	 3972	 4485 0  8123  0  0 0 0 0 1 0
569	00d.ma	412	395	371	51	165	7	224.22539674428	 1417	 1347 0  2764  0  1 0 0 0 0 0
570	00d.ma	412	395	138	206	134	299	220.52186130041	 7830	 3294 0  11124  0  1 0 0 0 0 0
571	00d.ma	412	395	122	31	341	11	227.2842712474	 1393	 1007 0  2400  0  1 0 0 0 0 0
572	00d.ma	412	395	294	17	73	30	226.38477631081	 1087	 399 0  1486  0  1 0 0 0 0 0
573	00d.ma	412	395	287	338	238	171	224.20815280145	 5576	 7195 0  12763  0  0 0 1 0 0 0
574	00d.ma	412	395	177	210	247	202	76.62741699792	 262	 474 0  736  0  1 0 0 0 0 0
575	00d.ma	412	395	272	149	133	287	227.83556979937	 1875	 3302 0  5177  0  1 0 0 0 0 0
576	00d.ma	412	395	140	271	282	174	229.29141392203	 3960	 7208 0  11168  0  1 0 0 0 0 0
577	00d.ma	412	395	202	187	299	275	162.78174593035	 3110	 2524 0  5416  0  0 0 1 0 0 0
578	00d.ma	412	395	310	59	134	129	226.95331880561	 6106	 809 0  6915  0  1 0 0 0 0 0
579	00d.ma	412	395	103	12	66	213	230.40916292827	 5872	 1350 0  7222  0  1 0 0 0 0 0
580	00d.ma	412	395	179	231	92	265	218.86500705093	 5567	 7076 0  12475  0  0 0 0 0 1 0
581	00d.ma	412	395	281	176	344	384	234.09545442931	 351	 2279 0  2630  0  1 0 0 0 0 0
582	00d.ma	412	395	311	367	277	152	229.91168824532	 1867	 179 0  2046  0  1 0 0 0 0 0
583	00d.ma	412	395	178	352	322	217	219.24978336174	 3656	 3003 0  6659  0  1 0 0 0 0 0
584	00d.ma	412	395	254	81	98	182	233.06601717775	 4009	 5825 0  9530  0  0 0 0 0 1 0
585	00d.ma	412	395	159	31	374	75	233.22539674428	 2418	 498 0  2916  0  1 0 0 0 0 0
586	00d.ma	412	395	335	387	227	234	231.55129855197	 9240	 7078 0  16318  0  1 0 0 0 0 0
587	00d.ma	412	395	167	329	324	181	221.23253941891	 1268	 516 0  1783  0  0 0 0 0 1 0
588	00d.ma	412	395	322	318	224	134	233.96551211434	 4577	 665 0  5242  0  1 0 0 0 0 0
589	00d.ma	412	395	307	373	260	189	226.29646455613	 6715	 5517 0  11818  0  0 0 0 0 1 0
590	00d.ma	412	395	75	81	282	22	233.09545442931	 2399	 3838 0  6237  0  1 0 0 0 0 0
591	00d.ma	412	395	28	176	212	50	237.94826817151	 2445	 2304 0  4748  0  0 0 0 1 0 0
592	00d.ma	412	395	68	263	223	154	228.63455967255	 4775	 3528 0  8100  0  0 0 1 0 0 0
593	00d.ma	412	395	348	331	210	184	230.5634918607	 5955	 5046 0  11001  0  1 0 0 0 0 0
594	00d.ma	412	395	311	321	261	109	232.7106781185	 572	 790 0  1362  0  1 0 0 0 0 0
595	00d.ma	412	395	237	248	341	390	228.93607486278	 6754	 10450 0  17204  0  1 0 0 0 0 0
596	00d.ma	412	395	48	249	173	84	236.24978336174	 5464	 2654 0  7705  0  0 0 0 0 1 0
597	00d.ma	412	395	76	182	235	144	213.89444430249	 6763	 3527 0  10287  0  0 0 1 0 0 0
598	00d.ma	412	395	255	343	313	140	232.88225099376	 892	 4103 0  4995  0  1 0 0 0 0 0
599	00d.ma	412	395	150	364	316	252	235.82337649064	 8520	 5833 0  14353  0  1 0 0 0 0 0
600	00d.ma	412	395	247	231	389	375	237.7056274844	 6289	 6676 0  11692  0  0 0 0 1 0 0
601	00d.ma	412	395	323	86	110	122	241.9949493659	 1835	 3349 0  5184  0  1 0 0 0 0 0
602	00d.ma	412	395	188	186	44	131	210.90663761122	 3434	 8597 0  12031  0  1 0 0 0 0 0
603	00d.ma	412	395	45	53	156	205	217.89444430249	 5772	 1858 0  7630  0  1 0 0 0 0 0
604	00d.ma	412	395	163	174	222	253	116.91168824532	 1274	 625 0  1899  0  1 0 0 0 0 0
605	00d.ma	412	395	244	321	314	139	236.18376618399	 893	 7919 0  8812  0  1 0 0 0 0 0
606	00d.ma	412	395	135	212	129	25	221.46803743139	 2732	 5735 0  8467  0  1 0 0 0 0 0
607	00d.ma	412	395	275	181	379	380	242.07821048648	 742	 495 0  1237  0  1 0 0 0 0 0
608	00d.ma	412	395	115	70	321	22	229.78174593035	 1557	 3412 0  4312  0  0 0 0 1 0 0
609	00d.ma	412	395	250	308	369	167	216.55129855197	 7112	 2676 0  9788  0  1 0 0 0 0 0
610	00d.ma	412	395	187	213	249	267	117.88225099376	 1372	 3229 0  4601  0  1 0 0 0 0 0
611	00d.ma	412	395	221	101	388	144	244.50966799168	 4638	 3387 0  8020  0  0 0 1 0 0 0
612	00d.ma	412	395	282	144	105	212	233.30865786486	 4556	 3847 0  8402  0  0 0 1 0 0 0
613	00d.ma	412	395	250	131	326	345	245.48023074012	 1040	 568 0  1608  0  1 0 0 0 0 0
614	00d.ma	412	395	54	207	182	232	235.69343417567	 11427	 6124 0  17550  0  0 0 1 0 0 0
615	00d.ma	412	395	309	185	155	352	230.78888860498	 83	 87 0  170  0  1 0 0 0 0 0
616	00d.ma	412	395	349	337	222	163	243.63455967255	 6146	 4974 0  11120  0  1 0 0 0 0 0
617	00d.ma	412	395	77	261	158	51	244.96551211434	 2873	 182 0  3055  0  1 0 0 0 0 0
618	00d.ma	412	395	114	300	126	203	239.97770542307	 3167	 10808 0  13926  0  0 0 1 0 0 0
619	00d.ma	412	395	284	26	117	155	245.17871554989	 7144	 1715 0  8859  0  1 0 0 0 0 0
620	00d.ma	412	395	183	322	241	130	234.83556979937	 4780	 3223 0  8003  0  1 0 0 0 0 0
621	00d.ma	412	395	151	341	320	177	239.85995641683	 930	 691 0  1620  0  0 0 0 1 0 0
622	00d.ma	412	395	76	253	143	35	245.75230867879	 700	 676 0  1376  0  1 0 0 0 0 0
623	00d.ma	412	395	196	190	48	129	218.5634918607	 3901	 8740 0  12619  0  0 0 0 1 0 0
624	00d.ma	412	395	174	152	262	265	163.79393923908	 1126	 3029 0  4155  0  1 0 0 0 0 0
625	00d.ma	412	395	141	208	139	25	226.43860017983	 3307	 7439 0  10746  0  1 0 0 0 0 0
626	00d.ma	412	395	351	234	272	334	245.75230867879	 3362	 16440 0  19801  0  0 0 0 1 0 0
627	00d.ma	412	395	91	231	217	104	249.20815280145	 9473	 3430 0  12903  0  1 0 0 0 0 0
628	00d.ma	412	395	37	226	185	46	247.74725804469	 1798	 2191 0  3878  0  0 0 0 1 0 0
629	00d.ma	412	395	9	91	237	113	249.15432893243	 3976	 2252 0  6132  0  0 0 0 1 0 0
630	00d.ma	412	395	318	174	144	144	239.62236636382	 9055	 3225 0  12265  0  0 0 1 0 0 0
631	00d.ma	412	395	59	187	237	64	251.87720035966	 2960	 5721 0  8680  0  0 0 1 0 0 0
632	00d.ma	412	395	155	257	102	170	219.37972567671	 5109	 12265 0  17178  0  0 0 0 0 1 0
633	00d.ma	412	395	366	79	141	11	253.16652224116	 2371	 1017 0  3388  0  1 0 0 0 0 0
634	00d.ma	412	395	21	201	201	183	238.20815280145	 10316	 4218 0  14520  0  0 0 1 0 0 0
635	00d.ma	412	395	15	43	252	35	251.91168824532	 2498	 3445 0  5935  0  0 0 0 0 1 0
636	00d.ma	412	395	344	335	227	144	252.93607486278	 5975	 489 0  6464  0  1 0 0 0 0 0
637	00d.ma	412	395	194	200	268	298	140.8528137422	 589	 2689 0  3278  0  1 0 0 0 0 0
638	00d.ma	412	395	174	14	19	185	254.19090885862	 6084	 4426 0  10510  0  1 0 0 0 0 0
639	00d.ma	412	395	351	139	263	333	248.02438661746	 5096	 3203 0  8296  0  0 0 0 1 0 0
640	00d.ma	412	395	196	173	99	109	218.43860017983	 6176	 9711 0  15635  0  0 0 1 0 0 0
641	00d.ma	412	395	226	120	91	221	256.59292911226	 3487	 11291 0  14778  0  1 0 0 0 0 0
642	00d.ma	412	395	68	11	84	252	257.5685424948	 3281	 3898 0  7179  0  1 0 0 0 0 0
643	00d.ma	412	395	234	3	77	122	257.07821048648	 11263	 1685 0  12948  0  1 0 0 0 0 0
644	00d.ma	412	395	261	136	78	205	241.62236636382	 4226	 6598 0  10606  0  0 0 0 0 1 0
645	00d.ma	412	395	153	374	313	220	241.36248173388	 4611	 2244 0  6855  0  1 0 0 0 0 0
646	00d.ma	412	395	270	37	26	39	258.08326112058	 3537	 2528 0  5919  0  0 0 0 1 0 0
647	00d.ma	412	395	293	139	341	369	255.74011537006	 898	 5221 0  6119  0  1 0 0 0 0 0
648	00d.ma	412	395	149	176	226	217	110.36753236798	 502	 1238 0  1732  0  0 0 1 0 0 0
649	00d.ma	412	395	167	264	333	164	257.96551211434	 5062	 9984 0  14999  0  0 0 0 1 0 0
650	00d.ma	412	395	313	330	212	156	255.06601717775	 9274	 6010 0  15284  0  1 0 0 0 0 0
651	00d.ma	412	395	121	116	350	45	260.16652224116	 397	 3337 0  3734  0  1 0 0 0 0 0
652	00d.ma	412	395	292	306	197	190	160.62236636382	 1395	 1136 0  2133  0  1 0 0 0 0 0
653	00d.ma	412	395	199	317	210	162	179.63961030665	 2809	 2171 0  4980  0  1 0 0 0 0 0
654	00d.ma	412	395	248	336	262	123	249.75230867879	 2684	 5294 0  7000  0  0 0 0 1 0 0
655	00d.ma	412	395	327	182	170	356	248.64675298128	 268	 3017 0  3285  0  1 0 0 0 0 0
656	00d.ma	412	395	191	286	191	179	134.53910524324	 1009	 2184 0  3193  0  1 0 0 0 0 0
657	00d.ma	412	395	205	179	9	218	250.23759005301	 3850	 9130 0  12751  0  0 0 0 0 1 0
658	00d.ma	412	395	362	387	225	215	261.00714267463	 9618	 7566 0  17184  0  1 0 0 0 0 0
659	00d.ma	412	395	166	158	78	74	227.82337649064	 3913	 15538 0  19447  0  0 0 1 0 0 0
660	00d.ma	412	395	235	347	332	211	256.11984104677	 16143	 6426 0  22179  0  0 0 0 0 1 0
661	00d.ma	412	395	72	129	271	67	259.79393923908	 2486	 7704 0  10190  0  1 0 0 0 0 0
662	00d.ma	412	395	23	216	191	28	264.03152929209	 2249	 3071 0  5320  0  1 0 0 0 0 0
663	00d.ma	412	395	362	366	256	161	265.93607486278	 6955	 3901 0  10856  0  1 0 0 0 0 0
664	00d.ma	412	395	249	347	341	176	231.26702730457	 3824	 5407 0  9230  0  0 0 1 0 0 0
665	00d.ma	412	395	387	164	207	46	264.06601717775	 1055	 10154 0  11209  0  1 0 0 0 0 0
666	00d.ma	412	395	290	365	259	132	263.23759005301	 3347	 5664 0  9011  0  1 0 0 0 0 0
667	00d.ma	412	395	354	319	202	143	266.49242404885	 6839	 3890 0  10729  0  1 0 0 0 0 0
668	00d.ma	412	395	271	82	146	290	263.87720035966	 2046	 2987 0  5033  0  1 0 0 0 0 0
669	00d.ma	412	395	249	128	367	345	265.87720035966	 638	 488 0  1126  0  1 0 0 0 0 0
670	00d.ma	412	395	159	137	244	261	167.40916292827	 1551	 1978 0  3528  0  0 0 1 0 0 0
671	00d.ma	412	395	216	146	91	123	236.79393923908	 5626	 9947 0  15572  0  0 0 1 0 0 0
672	00d.ma	412	395	156	163	302	277	216.69343417567	 4168	 2916 0  7084  0  1 0 0 0 0 0
673	00d.ma	412	395	164	150	90	65	235.50966799168	 4130	 18610 0  22514  0  0 0 0 0 1 0
674	00d.ma	412	395	98	228	225	15	270.29141392203	 2842	 4207 0  7049  0  1 0 0 0 0 0
675	00d.ma	412	395	165	24	55	246	268.73506473596	 2706	 975 0  3681  0  1 0 0 0 0 0
676	00d.ma	412	395	295	138	283	383	268.98275605717	 5178	 4558 0  9736  0  1 0 0 0 0 0
677	00d.ma	412	395	314	6	76	74	266.16652224116	 3383	 2897 0  6280  0  1 0 0 0 0 0
678	00d.ma	412	395	87	227	242	60	271.03657992619	 7808	 5546 0  13354  0  1 0 0 0 0 0
679	00d.ma	412	395	351	360	284	121	269.68124086694	 4809	 1235 0  6044  0  1 0 0 0 0 0
680	00d.ma	412	395	229	225	145	162	130.68124086694	 1748	 1382 0  2655  0  0 0 0 0 1 0
681	00d.ma	412	395	359	202	365	343	238.23759005301	 3523	 9574 0  13097  0  1 0 0 0 0 0
682	00d.ma	412	395	253	161	363	370	271.59292911226	 4327	 7197 0  11524  0  1 0 0 0 0 0
683	00d.ma	412	395	11	159	219	22	273.19090885862	 2637	 5633 0  8207  0  0 0 0 1 0 0
684	00d.ma	412	395	109	58	355	72	255.94112549688	 1119	 2077 0  3196  0  1 0 0 0 0 0
685	00d.ma	412	395	203	178	206	313	153.84062043347	 1351	 2080 0  3431  0  1 0 0 0 0 0
686	00d.ma	412	395	298	205	138	278	225.49242404885	 8597	 3333 0  11929  0  0 0 1 0 0 0
687	00d.ma	412	395	275	125	320	380	273.63961030665	 517	 3005 0  3522  0  1 0 0 0 0 0
688	00d.ma	412	395	238	31	43	195	271.71782079313	 3122	 2896 0  3644  0  0 0 0 1 0 0
689	00d.ma	412	395	387	87	144	16	273.58073580353	 168	 5430 0  5598  0  1 0 0 0 0 0
690	00d.ma	412	395	208	222	55	144	242.90663761122	 4852	 11322 0  15865  0  0 0 0 0 1 0
691	00d.ma	412	395	258	168	194	218	108.5685424948	 2417	 501 0  2918  0  1 0 0 0 0 0
692	00d.ma	412	395	204	226	255	281	158.02438661746	 1795	 8099 0  9894  0  1 0 0 0 0 0
693	00d.ma	412	395	163	156	231	164	109.43860017983	 1577	 1253 0  2828  0  0 0 1 0 0 0
694	00d.ma	412	395	248	132	365	361	277.46298679729	 1783	 152 0  1935  0  1 0 0 0 0 0
695	00d.ma	412	395	290	136	211	372	268.72287142723	 160	 1309 0  1469  0  1 0 0 0 0 0
696	00d.ma	412	395	271	31	55	176	277.81832585654	 4228	 3085 0  7313  0  1 0 0 0 0 0
697	00d.ma	412	395	305	114	67	74	275.53910524324	 1887	 6816 0  8700  0  0 0 1 0 0 0
698	00d.ma	412	395	291	38	29	41	277.32590180769	 4633	 2993 0  7626  0  1 0 0 0 0 0
699	00d.ma	412	395	183	223	231	168	80.15432893243	 318	 573 0  890  0  0 0 0 1 0 0
700	00d.ma	412	395	202	190	188	293	127.22539674428	 1590	 1139 0  2729  0  1 0 0 0 0 0
701	00d.ma	412	395	129	267	276	221	196.62236636382	 2810	 6138 0  8788  0  0 0 0 0 1 0
702	00d.ma	412	395	365	370	239	159	280.22034611018	 7317	 5582 0  12899  0  1 0 0 0 0 0
703	00d.ma	412	395	144	150	234	243	163.9949493659	 1914	 2685 0  4598  0  0 0 1 0 0 0
704	00d.ma	412	395	257	323	368	195	242.39696961954	 8930	 5974 0  14554  0  0 0 0 0 1 0
705	00d.ma	412	395	249	129	73	269	269.50461735758	 4471	 5454 0  9725  0  0 0 0 0 1 0
706	00d.ma	412	395	112	252	224	106	278.45079348856	 9724	 5075 0  14624  0  0 0 0 0 1 0
707	00d.ma	412	395	153	270	255	213	155.02438661746	 2235	 3938 0  6173  0  1 0 0 0 0 0
708	00d.ma	412	395	377	366	352	223	279.03657992619	 11839	 3458 0  15297  0  1 0 0 0 0 0
709	00d.ma	412	395	260	157	65	177	259.10764773804	 5222	 9610 0  14407  0  1 0 0 0 0 0
710	00d.ma	412	395	112	142	345	68	279.50966799168	 3036	 5402 0  8011  0  0 0 0 0 1 0
711	00d.ma	412	395	350	213	262	369	268.16652224116	 4529	 15816 0  20345  0  1 0 0 0 0 0
712	00d.ma	412	395	52	50	315	44	277.08326112058	 2483	 3482 0  5964  0  0 0 1 0 0 0
713	00d.ma	412	395	265	34	25	136	285.421356237	 5659	 3217 0  8876  0  1 0 0 0 0 0
714	00d.ma	412	395	354	227	369	369	282.37972567671	 3444	 12729 0  16173  0  1 0 0 0 0 0
715	00d.ma	412	395	278	49	17	47	274.25483399584	 3586	 3325 0  5967  0  0 0 0 0 1 0
716	00d.ma	412	395	171	350	224	140	252.03657992619	 5705	 3592 0  9297  0  1 0 0 0 0 0
717	00d.ma	412	395	152	367	314	162	272.10259710394	 106	 128 0  234  0  1 0 0 0 0 0
718	00d.ma	412	395	31	44	285	70	274.7106781185	 4618	 2923 0  6858  0  0 0 0 0 1 0
719	00d.ma	412	395	267	77	92	111	281.46803743139	 13174	 3791 0  16963  0  0 0 1 0 0 0
720	00d.ma	412	395	348	221	207	216	258.14927829833	 9892	 7285 0  17002  0  0 0 0 0 1 0
721	00d.ma	412	395	249	19	103	225	288.04877323492	 7635	 6275 0  13869  0  0 0 1 0 0 0
722	00d.ma	412	395	344	57	70	72	287.66904755821	 3967	 2218 0  6185  0  1 0 0 0 0 0
723	00d.ma	412	395	300	64	53	130	287.69343417567	 5375	 3086 0  8191  0  0 0 0 1 0 0
724	00d.ma	412	395	144	205	288	251	236.10764773804	 4484	 12630 0  16807  0  0 0 1 0 0 0
725	00d.ma	412	395	160	252	321	247	218.35028842515	 2792	 9795 0  12568  0  0 0 1 0 0 0
726	00d.ma	412	395	69	124	290	84	283.83556979937	 6530	 8106 0  14192  0  0 0 0 0 1 0
727	00d.ma	412	395	325	368	277	101	287.7106781185	 4093	 766 0  4859  0  1 0 0 0 0 0
728	00d.ma	412	395	141	264	346	179	272.43354954573	 4749	 9084 0  13826  0  0 0 1 0 0 0
729	00d.ma	412	395	350	64	106	147	290.33809511642	 5588	 2635 0  7423  0  0 0 0 1 0 0
730	00d.ma	412	395	172	165	121	41	258.53910524324	 5922	 19796 0  25718  0  1 0 0 0 0 0
731	00d.ma	412	395	179	225	372	224	267.46298679729	 8246	 5208 0  13123  0  0 0 0 0 0 1
732	00d.ma	412	395	210	130	179	340	242.92388155405	 3357	 4619 0  7976  0  1 0 0 0 0 0
733	00d.ma	412	395	339	198	357	369	245.7106781185	 3270	 9247 0  12517  0  1 0 0 0 0 0
734	00d.ma	412	395	264	219	103	216	230.00714267463	 9171	 5348 0  14237  0  0 0 0 0 1 0
735	00d.ma	412	395	250	138	43	167	270.59292911226	 4882	 10797 0  15678  0  0 0 1 0 0 0
736	00d.ma	412	395	61	139	237	126	259.67619023284	 12235	 4869 0  16967  0  0 0 1 0 0 0
737	00d.ma	412	395	59	106	323	51	292.29646455613	 1706	 5244 0  6950  0  1 0 0 0 0 0
738	00d.ma	412	395	276	244	148	274	194.93607486278	 7921	 3071 0  10858  0  1 0 0 0 0 0
739	00d.ma	412	395	185	350	342	219	277.88939366839	 15584	 1869 0  17453  0  1 0 0 0 0 0
740	00d.ma	412	395	326	144	221	387	286.49242404885	 3590	 2709 0  6299  0  1 0 0 0 0 0
741	00d.ma	412	395	277	97	202	354	288.06601717775	 801	 377 0  1178  0  1 0 0 0 0 0
742	00d.ma	412	395	156	252	57	187	269.421356237	 6329	 15915 0  21987  0  0 0 1 0 0 0
743	00d.ma	412	395	144	262	316	238	227.421356237	 3031	 9549 0  12579  0  0 0 0 1 0 0
744	00d.ma	412	395	158	204	218	114	271.421356237	 10896	 8751 0  19634  0  0 0 1 0 0 0
745	00d.ma	412	395	383	194	301	357	256.35533905925	 3503	 12463 0  15966  0  1 0 0 0 0 0
746	00d.ma	412	395	16	176	205	227	272.79393923908	 13395	 5807 0  19201  0  0 0 1 0 0 0
747	00d.ma	412	395	359	34	98	128	299.93607486278	 3821	 352 0  4173  0  1 0 0 0 0 0
748	00d.ma	412	395	201	181	232	332	169.84062043347	 908	 1818 0  2725  0  0 0 1 0 0 0
749	00d.ma	412	395	179	220	289	308	185.76450198752	 1750	 6537 0  8287  0  1 0 0 0 0 0
750	00d.ma	412	395	377	379	349	134	292.86500705093	 6785	 4891 0  11676  0  1 0 0 0 0 0
751	00d.ma	412	395	228	207	159	201	144.23759005301	 5535	 1555 0  7090  0  1 0 0 0 0 0
752	00d.ma	412	395	296	209	114	232	266.46298679729	 14719	 5646 0  20056  0  0 0 0 0 1 0
753	00d.ma	412	395	152	331	206	161	212.45079348856	 2950	 3036 0  5986  0  1 0 0 0 0 0
754	00d.ma	412	395	303	359	386	210	267.74011537006	 15130	 3389 0  18519  0  1 0 0 0 0 0
755	00d.ma	412	395	29	221	248	60	301.50461735758	 5680	 4990 0  8417  0  0 0 0 1 0 0
756	00d.ma	412	395	208	142	296	367	288.48023074012	 7807	 8961 0  16767  0  0 0 0 1 0 0
757	00d.ma	412	395	360	45	115	142	298.65180361538	 8201	 1472 0  9673  0  1 0 0 0 0 0
758	00d.ma	412	395	197	362	216	129	260.95331880561	 5648	 3364 0  9012  0  1 0 0 0 0 0
759	00d.ma	412	395	242	17	123	195	266.60512242099	 11070	 5230 0  16297  0  0 0 0 1 0 0
760	00d.ma	412	395	120	133	371	98	300.65180361538	 4741	 4599 0  9259  0  0 0 0 1 0 0
761	00d.ma	412	395	224	377	275	108	295.09545442931	 2606	 3616 0  6222  0  1 0 0 0 0 0
762	00d.ma	412	395	270	143	53	159	281.83556979937	 6181	 10824 0  16709  0  0 0 0 0 1 0
763	00d.ma	412	395	161	150	339	291	254.01933598336	 3524	 5197 0  8330  0  0 0 0 0 1 0
764	00d.ma	412	395	254	193	156	272	152.29646455613	 2855	 1838 0  4693  0  1 0 0 0 0 0
765	00d.ma	412	395	173	248	234	282	167.46803743139	 3237	 8444 0  11681  0  1 0 0 0 0 0
766	00d.ma	412	395	300	41	15	64	297.01219330873	 3426	 3200 0  6626  0  1 0 0 0 0 0
767	00d.ma	412	395	218	365	205	134	245.69848480977	 3462	 1479 0  4941  0  1 0 0 0 0 0
768	00d.ma	412	395	221	364	207	129	251.76955262162	 3576	 1696 0  4960  0  0 0 1 0 0 0
769	00d.ma	412	395	306	27	14	44	304.84062043347	 4429	 2719 0  7148  0  1 0 0 0 0 0
770	00d.ma	412	395	118	131	366	101	295.72287142723	 4879	 4001 0  8523  0  0 0 0 0 0 1
771	00d.ma	412	395	199	201	298	329	220.01219330873	 7979	 7468 0  14995  0  0 0 1 0 0 0
772	00d.ma	412	395	45	177	153	276	285.35028842515	 16879	 5223 0  22101  0  0 0 1 0 0 0
773	00d.ma	412	395	178	206	189	301	155.29646455613	 3128	 3622 0  6750  0  1 0 0 0 0 0
774	00d.ma	412	395	274	39	20	150	308.421356237	 7088	 3332 0  10420  0  1 0 0 0 0 0
775	00d.ma	412	395	316	169	112	304	302.20310216735	 11647	 3956 0  15602  0  0 0 1 0 0 0
776	00d.ma	412	395	71	247	297	131	301.36248173388	 6092	 5820 0  11910  0  0 0 1 0 0 0
777	00d.ma	412	395	46	25	334	61	303.74011537006	 1969	 4155 0  6124  0  1 0 0 0 0 0
778	00d.ma	412	395	29	68	317	89	309.12489168087	 4580	 3749 0  8328  0  0 0 1 0 0 0
779	00d.ma	412	395	344	72	61	31	299.98275605717	 3692	 873 0  4565  0  1 0 0 0 0 0
780	00d.ma	412	395	151	214	231	205	155.50966799168	 1708	 6094 0  7802  0  1 0 0 0 0 0
781	00d.ma	412	395	115	249	291	210	277.63455967255	 5767	 18088 0  23844  0  0 0 1 0 0 0
782	00d.ma	412	395	205	148	36	94	278.60512242099	 5150	 18962 0  24105  0  0 0 1 0 0 0
783	00d.ma	412	395	273	165	44	218	303.94826817151	 8927	 12531 0  21085  0  0 0 0 0 1 0
784	00d.ma	412	395	333	341	184	183	257.24978336174	 7757	 7397 0  15154  0  1 0 0 0 0 0
785	00d.ma	412	395	19	137	213	128	287.29141392203	 17403	 4715 0  22116  0  0 0 0 1 0 0
786	00d.ma	412	395	255	48	133	206	284.24978336174	 11951	 8144 0  20094  0  0 0 1 0 0 0
787	00d.ma	412	395	374	379	369	162	288.79393923908	 8133	 3875 0  12008  0  1 0 0 0 0 0
788	00d.ma	412	395	156	131	18	63	281.36248173388	 2670	 18686 0  21356  0  1 0 0 0 0 0
789	00d.ma	412	395	227	135	151	110	278.50461735758	 13550	 14384 0  27933  0  0 0 1 0 0 0
790	00d.ma	412	395	228	377	348	125	306.39191898544	 3027	 3997 0  6889  0  0 0 0 1 0 0
791	00d.ma	412	395	209	373	349	164	281.53405460914	 5660	 2505 0  8165  0  1 0 0 0 0 0
792	00d.ma	412	395	48	184	134	267	291.73506473596	 17716	 5369 0  23083  0  0 0 1 0 0 0
793	00d.ma	412	395	366	89	73	64	312.46803743139	 4414	 4549 0  8963  0  1 0 0 0 0 0
794	00d.ma	412	395	351	56	51	67	312.01219330873	 4090	 2586 0  6676  0  1 0 0 0 0 0
795	00d.ma	412	395	304	3	49	121	313.83556979937	 6865	 3325 0  10189  0  0 0 1 0 0 0
796	00d.ma	412	395	107	113	257	145	283.96551211434	 18288	 9942 0  27929  0  0 0 1 0 0 0
797	00d.ma	412	395	172	374	265	104	308.52186130041	 208	 825 0  1033  0  1 0 0 0 0 0
798	00d.ma	412	395	332	19	92	168	316.94826817151	 9385	 2531 0  11916  0  1 0 0 0 0 0
799	00d.ma	412	395	84	110	287	11	313.76450198752	 1214	 15696 0  16910  0  1 0 0 0 0 0
800	00d.ma	412	395	167	147	81	35	278.16652224116	 5321	 21503 0  26823  0  0 0 1 0 0 0
801	00d.ma	412	395	174	179	193	64	286.63455967255	 14679	 21069 0  35482  0  0 0 0 0 1 0
802	00d.ma	412	395	201	159	287	371	261.23759005301	 3924	 4178 0  8101  0  0 0 1 0 0 0
803	00d.ma	412	395	308	178	113	249	309.22034611018	 20135	 7651 0  27430  0  0 0 0 0 1 0
804	00d.ma	412	395	162	214	240	110	296.97770542307	 10960	 9918 0  20873  0  0 0 1 0 0 0
805	00d.ma	412	395	320	55	18	71	316.08326112058	 3813	 3012 0  6616  0  0 0 0 1 0 0
806	00d.ma	412	395	222	236	145	278	158.09545442931	 4544	 2781 0  7325  0  1 0 0 0 0 0
807	00d.ma	412	395	193	183	267	343	208.12489168087	 4450	 2512 0  6959  0  0 0 1 0 0 0
808	00d.ma	412	395	264	311	139	188	236.83556979937	 8567	 3901 0  12468  0  1 0 0 0 0 0
809	00d.ma	412	395	168	75	196	199	287.36248173388	 19493	 16057 0  35549  0  0 0 1 0 0 0
810	00d.ma	412	395	234	235	143	288	172.89444430249	 5937	 2774 0  8711  0  1 0 0 0 0 0
811	00d.ma	412	395	124	193	219	252	190.75230867879	 4404	 5587 0  9985  0  0 0 1 0 0 0
812	00d.ma	412	395	16	92	214	158	293.74725804469	 17784	 5247 0  22713  0  0 0 0 0 0 1
813	00d.ma	412	395	91	109	308	63	321.46803743139	 2035	 17543 0  19578  0  1 0 0 0 0 0
814	00d.ma	412	395	247	223	97	206	211.93607486278	 7068	 4890 0  11958  0  1 0 0 0 0 0
815	00d.ma	412	395	54	192	305	77	322.87720035966	 4995	 6302 0  11295  0  0 0 1 0 0 0
816	00d.ma	412	395	46	143	266	126	298.50461735758	 14103	 6457 0  20559  0  0 0 1 0 0 0
817	00d.ma	412	395	43	156	309	18	324.91883091995	 2810	 6574 0  9384  0  1 0 0 0 0 0
818	00d.ma	412	395	171	179	218	342	195.84062043347	 2408	 4107 0  6515  0  1 0 0 0 0 0
819	00d.ma	412	395	320	209	94	215	296.39191898544	 13600	 7036 0  20226  0  0 0 0 0 1 0
820	00d.ma	412	395	290	222	122	308	248.73506473596	 11419	 3299 0  14718  0  1 0 0 0 0 0
821	00d.ma	412	395	303	269	144	272	250.14927829833	 15616	 4172 0  19572  0  0 0 0 0 1 0
822	00d.ma	412	395	177	241	346	294	248.29141392203	 4017	 13295 0  16843  0  0 0 0 0 1 0
823	00d.ma	412	395	247	313	177	251	205.19595949272	 9121	 3497 0  12618  0  1 0 0 0 0 0
824	00d.ma	412	395	140	293	325	234	267.07821048648	 3534	 14841 0  18116  0  0 0 0 0 1 0
825	00d.ma	412	395	224	172	159	259	119.19595949272	 689	 1076 0  1765  0  1 0 0 0 0 0
826	00d.ma	412	395	138	252	39	135	299.8477631081	 5767	 21134 0  26696  0  1 0 0 0 0 0
827	00d.ma	412	395	70	82	377	74	317.76955262162	 3272	 2637 0  5439  0  1 0 0 0 0 0
828	00d.ma	412	395	294	79	17	183	330.11984104677	 3197	 5910 0  8579  0  0 0 1 0 0 0
829	00d.ma	412	395	50	159	330	90	327.73506473596	 6657	 3198 0  9825  0  0 0 1 0 0 0
830	00d.ma	412	395	240	333	392	192	286.29646455613	 15492	 6162 0  21232  0  0 0 0 0 1 0
831	00d.ma	412	395	260	197	130	294	189.40916292827	 3211	 2439 0  5650  0  1 0 0 0 0 0
832	00d.ma	412	395	64	142	288	137	301.29141392203	 12209	 7813 0  19709  0  0 0 1 0 0 0
833	00d.ma	412	395	185	185	161	337	197.96551211434	 3506	 4137 0  7643  0  1 0 0 0 0 0
834	00d.ma	412	395	71	79	385	99	333.88225099376	 4972	 3285 0  8253  0  0 0 1 0 0 0
835	00d.ma	412	395	51	188	278	125	307.32085117359	 12468	 7172 0  19638  0  0 0 0 1 0 0
836	00d.ma	412	395	209	71	172	145	299.97770542307	 24156	 12614 0  36762  0  0 0 1 0 0 0
837	00d.ma	412	395	260	200	129	296	190.58073580353	 3333	 2440 0  5773  0  1 0 0 0 0 0
838	00d.ma	412	395	111	196	284	243	253.76450198752	 5885	 9629 0  15510  0  0 0 1 0 0 0
839	00d.ma	412	395	76	180	275	212	267.14927829833	 8170	 9564 0  17732  0  0 0 1 0 0 0
840	00d.ma	412	395	228	313	183	250	193.84062043347	 7854	 3512 0  11366  0  1 0 0 0 0 0
841	00d.ma	412	395	106	213	320	49	335.86500705093	 9509	 13465 0  22974  0  1 0 0 0 0 0
842	00d.ma	412	395	82	203	344	152	319.79393923908	 7425	 10210 0  17633  0  0 0 1 0 0 0
843	00d.ma	412	395	246	68	149	168	305.10764773804	 20022	 14867 0  34884  0  0 0 1 0 0 0
844	00d.ma	412	395	231	388	207	166	242.91168824532	 4155	 1189 0  5290  0  0 0 0 1 0 0
845	00d.ma	412	395	374	92	60	96	335.53910524324	 3145	 4360 0  7329  0  0 0 0 1 0 0
846	00d.ma	412	395	107	148	127	305	303.04877323492	 18184	 4313 0  22496  0  0 0 1 0 0 0
847	00d.ma	412	395	53	239	119	304	327.47518010602	 15174	 4586 0  19758  0  0 0 1 0 0 0
848	00d.ma	412	395	245	213	92	203	209.55129855197	 6073	 4903 0  10976  0  1 0 0 0 0 0
849	00d.ma	412	395	327	54	113	206	336.69343417567	 14458	 9208 0  23666  0  1 0 0 0 0 0
850	00d.ma	412	395	64	240	322	154	329.22034611018	 9064	 12441 0  21010  0  0 0 0 0 1 0
851	00d.ma	412	395	50	57	199	149	307.14927829833	 23723	 6368 0  30067  0  0 0 0 1 0 0
852	00d.ma	412	395	244	137	59	97	306.8477631081	 8025	 22613 0  30391  0  0 0 0 1 0 0
853	00d.ma	412	395	161	262	89	119	309.19090885862	 8866	 16692 0  25239  0  0 0 0 0 1 0
854	00d.ma	412	395	325	131	69	182	316.2792206133	 8039	 8892 0  16931  0  1 0 0 0 0 0
855	00d.ma	412	395	143	49	382	150	337.48023074012	 14352	 6894 0  21010  0  0 0 0 0 1 0
856	00d.ma	412	395	89	165	327	153	307.76450198752	 8770	 10620 0  19066  0  0 0 0 0 1 0
857	00d.ma	412	395	14	122	298	11	337.04877323492	 3207	 8344 0  9977  0  0 0 0 1 0 0
858	00d.ma	412	395	345	31	17	40	340.84062043347	 4495	 2623 0  6932  0  0 0 0 0 1 0
859	00d.ma	412	395	201	187	199	365	198.08326112058	 1615	 4208 0  5823  0  1 0 0 0 0 0
860	00d.ma	412	395	271	77	139	184	313.10764773804	 16470	 14854 0  31323  0  0 0 1 0 0 0
861	00d.ma	412	395	258	247	91	239	250.9898987318	 12459	 6284 0  18688  0  0 0 0 1 0 0
862	00d.ma	412	395	276	341	161	171	250.92388155405	 5043	 5470 0  10508  0  0 0 0 1 0 0
863	00d.ma	412	395	124	149	284	185	309.36248173388	 14460	 20525 0  34960  0  0 0 1 0 0 0
864	00d.ma	412	395	190	202	190	57	314.40411229417	 17831	 22836 0  40666  0  0 0 1 0 0 0
865	00d.ma	412	395	96	135	282	188	311.39191898544	 16759	 17401 0  34158  0  0 0 1 0 0 0
866	00d.ma	412	395	340	50	40	135	343.59292911226	 7978	 3285 0  11263  0  1 0 0 0 0 0
867	00d.ma	412	395	184	219	124	39	311.96551211434	 11549	 22918 0  34466  0  0 0 1 0 0 0
868	00d.ma	412	395	157	168	188	331	215.82337649064	 4898	 5013 0  9911  0  1 0 0 0 0 0
869	00d.ma	412	395	110	150	314	153	310.2792206133	 13009	 15076 0  27649  0  0 0 0 0 1 0
870	00d.ma	412	395	175	182	151	338	214.35028842515	 4359	 4424 0  8783  0  1 0 0 0 0 0
871	00d.ma	412	395	215	157	181	82	315.63455967255	 19413	 27224 0  46375  0  0 0 1 0 0 0
872	00d.ma	412	395	111	146	319	143	314.62236636382	 13137	 13997 0  27017  0  0 0 0 0 1 0
873	00d.ma	412	395	99	88	256	129	317.07821048648	 25681	 10778 0  36456  0  0 0 1 0 0 0
874	00d.ma	412	395	193	194	125	16	318.20815280145	 11893	 23967 0  35860  0  1 0 0 0 0 0
875	00d.ma	412	395	181	232	220	328	190.01219330873	 3389	 9298 0  12686  0  0 0 1 0 0 0
876	00d.ma	412	395	276	117	135	122	316.33304448232	 14641	 21887 0  36527  0  0 0 1 0 0 0
877	00d.ma	412	395	115	235	258	186	219.03657992619	 4244	 7510 0  11595  0  0 0 0 0 1 0
878	00d.ma	412	395	248	163	132	270	168.52186130041	 1340	 1526 0  2561  0  0 0 0 0 1 0
879	00d.ma	412	395	392	140	95	87	347.92388155405	 3764	 9705 0  13068  0  0 0 0 0 1 0
880	00d.ma	412	395	384	81	63	50	339.15432893243	 5365	 3148 0  8513  0  1 0 0 0 0 0
881	00d.ma	412	395	93	206	368	166	339.83556979937	 8171	 13262 0  21107  0  0 0 0 0 1 0
882	00d.ma	412	395	108	252	241	240	239.97770542307	 5783	 13527 0  19308  0  0 0 1 0 0 0
883	00d.ma	412	395	394	210	205	351	307.74725804469	 3068	 18741 0  21809  0  1 0 0 0 0 0
884	00d.ma	412	395	229	294	125	190	236.30865786486	 8388	 5814 0  14200  0  0 0 1 0 0 0
885	00d.ma	412	395	63	203	311	131	340.77669529625	 12588	 12852 0  25048  0  0 0 0 0 1 0
886	00d.ma	412	395	98	240	235	213	209.07821048648	 5025	 7248 0  12271  0  0 0 1 0 0 0
887	00d.ma	412	395	126	302	115	132	319.77669529625	 4967	 19955 0  24803  0  0 0 1 0 0 0
888	00d.ma	412	395	107	248	255	253	255.19090885862	 6016	 15032 0  21036  0  0 0 1 0 0 0
889	00d.ma	412	395	265	255	87	196	250.22034611018	 9718	 6315 0  15871  0  0 0 0 1 0 0
890	00d.ma	412	395	143	249	37	103	318.81832585654	 6477	 22308 0  28784  0  0 0 1 0 0 0
891	00d.ma	412	395	262	87	24	215	345.50461735758	 5678	 18032 0  23423  0  0 0 0 0 1 0
892	00d.ma	412	395	44	176	312	131	331.59292911226	 11982	 8097 0  19788  0  0 0 1 0 0 0
893	00d.ma	412	395	176	233	131	50	318.69343417567	 12231	 23192 0  35412  0  0 0 1 0 0 0
894	00d.ma	412	395	158	200	276	72	328.10764773804	 13641	 17356 0  30994  0  0 0 1 0 0 0
895	00d.ma	412	395	42	230	297	79	356.19090885862	 13780	 7575 0  20869  0  0 0 1 0 0 0
896	00d.ma	412	395	354	366	172	173	307.09040379521	 10920	 8402 0  19322  0  1 0 0 0 0 0
897	00d.ma	412	395	338	6	15	77	352.40916292827	 5030	 2640 0  7670  0  1 0 0 0 0 0
898	00d.ma	412	395	214	6	162	171	324.54624791787	 22737	 12661 0  35398  0  1 0 0 0 0 0
899	00d.ma	412	395	112	60	165	251	323.37972567671	 23107	 10754 0  33597  0  0 0 0 0 1 0
900	00d.ma	412	395	253	352	170	193	215.53910524324	 5242	 3019 0  8206  0  0 0 0 1 0 0
901	00d.ma	412	395	54	44	378	102	352.16652224116	 4890	 5601 0  10491  0  1 0 0 0 0 0
902	00d.ma	412	395	266	246	86	177	252.7056274844	 9832	 7028 0  16860  0  1 0 0 0 0 0
903	00d.ma	412	395	318	195	88	159	320.91883091995	 17709	 11735 0  29072  0  0 0 0 0 1 0
904	00d.ma	412	395	320	31	15	150	359.80613254781	 8871	 3921 0  12792  0  1 0 0 0 0 0
905	00d.ma	412	395	121	305	226	249	209.69343417567	 2863	 8761 0  11624  0  1 0 0 0 0 0
906	00d.ma	412	395	103	186	317	247	287.53405460914	 5912	 12952 0  18855  0  0 0 1 0 0 0
907	00d.ma	412	395	114	25	190	222	327.30865786486	 24236	 11295 0  35530  0  0 0 1 0 0 0
908	00d.ma	412	395	58	170	306	200	325.26197667047	 12897	 15179 0  27613  0  0 0 0 0 1 0
909	00d.ma	412	395	337	293	159	272	282.01933598336	 21018	 4647 0  25658  0  0 0 1 0 0 0
910	00d.ma	412	395	271	81	160	385	349.97770542307	 869	 218 0  1087  0  1 0 0 0 0 0
911	00d.ma	412	395	299	153	44	189	339.87720035966	 12058	 15805 0  27862  0  0 0 1 0 0 0
912	00d.ma	412	395	300	149	54	148	335.57568516943	 10456	 16807 0  26865  0  0 0 0 0 1 0
913	00d.ma	412	395	66	116	281	118	330.64675298128	 18717	 8850 0  27294  0  0 0 0 0 1 0
914	00d.ma	412	395	271	105	108	96	331.7056274844	 10623	 27055 0  37673  0  0 0 1 0 0 0
915	00d.ma	412	395	381	377	184	174	319.20310216735	 9942	 7972 0  17914  0  1 0 0 0 0 0
916	00d.ma	412	395	300	26	78	245	364.8477631081	 12546	 10941 0  23487  0  1 0 0 0 0 0
917	00d.ma	412	395	214	208	121	238	179.89444430249	 6050	 3996 0  10045  0  0 0 1 0 0 0
918	00d.ma	412	395	199	366	179	203	213.91168824532	 7816	 3596 0  11412  0  1 0 0 0 0 0
919	00d.ma	412	395	268	279	115	241	276.26197667047	 15840	 6201 0  22036  0  0 0 1 0 0 0
920	00d.ma	412	395	14	70	357	40	357.91168824532	 3557	 5136 0  8693  0  1 0 0 0 0 0
921	00d.ma	412	395	252	263	109	253	268.11984104677	 17291	 6449 0  23738  0  0 0 1 0 0 0
922	00d.ma	412	395	43	104	375	106	362.65180361538	 6559	 3262 0  9660  0  0 0 0 1 0 0
923	00d.ma	412	395	331	34	47	201	367.81832585654	 10915	 4090 0  15005  0  1 0 0 0 0 0
924	00d.ma	412	395	60	256	285	25	368.71782079313	 11317	 10519 0  21836  0  1 0 0 0 0 0
925	00d.ma	412	395	194	365	167	164	241.92388155405	 6743	 3858 0  10601  0  1 0 0 0 0 0
926	00d.ma	412	395	275	99	127	110	333.23253941891	 12558	 26508 0  39065  0  0 0 0 1 0 0
927	00d.ma	412	395	320	95	45	214	368.57568516943	 7425	 15255 0  22679  0  0 0 1 0 0 0
928	00d.ma	412	395	314	88	61	231	368.39191898544	 9820	 14953 0  24271  0  0 0 0 0 1 0
929	00d.ma	412	395	48	98	267	118	338.78888860498	 24971	 7993 0  32962  0  0 0 1 0 0 0
930	00d.ma	412	395	38	202	295	197	351.44574285446	 15602	 19055 0  34356  0  0 0 0 0 1 0
931	00d.ma	412	395	228	147	173	93	337.91883091995	 22470	 28240 0  50706  0  0 0 1 0 0 0
932	00d.ma	412	395	389	193	138	298	351.40411229417	 11959	 5923 0  17629  0  0 0 0 0 1 0
933	00d.ma	412	395	292	268	92	195	300.07821048648	 15960	 9733 0  25450  0  0 0 0 0 1 0
934	00d.ma	412	395	269	292	101	211	280.01933598336	 14111	 7680 0  21481  0  0 0 0 0 1 0
935	00d.ma	412	395	65	267	252	229	275.71782079313	 7053	 13075 0  20127  0  0 0 1 0 0 0
936	00d.ma	412	395	337	65	27	202	371.91883091995	 4949	 4349 0  9127  0  0 0 0 1 0 0
937	00d.ma	412	395	81	124	262	95	338.71782079313	 19894	 9274 0  28678  0  0 0 0 0 0 1
938	00d.ma	412	395	53	193	326	142	354.10764773804	 13378	 14228 0  27195  0  0 0 0 0 1 0
939	00d.ma	412	395	230	64	184	192	339.01933598336	 25221	 23546 0  48761  0  0 0 1 0 0 0
940	00d.ma	412	395	236	265	88	191	246.79393923908	 9635	 8387 0  18009  0  0 0 1 0 0 0
941	00d.ma	412	395	45	252	282	221	318.57568516943	 8694	 15780 0  24472  0  0 0 0 1 0 0
942	00d.ma	412	395	251	223	44	229	275.73506473596	 9703	 8763 0  18164  0  0 0 0 0 1 0
943	00d.ma	412	395	321	330	151	191	319.43354954573	 25408	 7832 0  33235  0  0 0 1 0 0 0
944	00d.ma	412	395	174	195	235	101	344.11984104677	 27362	 22579 0  49939  0  0 0 1 0 0 0
945	00d.ma	412	395	223	268	105	201	229.89444430249	 8924	 7408 0  16331  0  0 0 1 0 0 0
946	00d.ma	412	395	110	250	314	33	375.14927829833	 10604	 16461 0  27065  0  1 0 0 0 0 0
947	00d.ma	412	395	352	73	61	193	375.43354954573	 11004	 5225 0  16228  0  0 0 1 0 0 0
948	00d.ma	412	395	211	195	100	228	170.20815280145	 3917	 4319 0  8231  0  0 0 1 0 0 0
949	00d.ma	412	395	378	172	112	112	379.07821048648	 3923	 17625 0  21300  0  0 0 0 0 1 0
950	00d.ma	412	395	2	138	269	124	350.06096654365	 18243	 7389 0  25304  0  0 0 0 0 1 0
951	00d.ma	412	395	145	381	369	201	333.87214972556	 12770	 2744 0  15514  0  1 0 0 0 0 0
952	00d.ma	412	395	105	196	358	230	351.33304448232	 11836	 12166 0  23668  0  0 0 1 0 0 0
953	00d.ma	412	395	308	59	137	227	360.32085117359	 18886	 11160 0  30006  0  0 0 0 1 0 0
954	00d.ma	412	395	382	172	104	63	378.37972567671	 4339	 18726 0  23064  0  0 0 0 1 0 0
955	00d.ma	412	395	130	292	25	151	354.19090885862	 5968	 20747 0  26713  0  0 0 1 0 0 0
956	00d.ma	412	395	181	175	235	32	348.64675298128	 20884	 26205 0  47088  0  0 0 1 0 0 0
957	00d.ma	412	395	126	288	395	208	361.51681066631	 6730	 10572 0  16879  0  1 0 0 0 0 0
958	00d.ma	412	395	78	171	358	179	353.94826817151	 11044	 15899 0  26611  0  0 0 0 0 1 0
959	00d.ma	412	395	129	237	306	277	321.91883091995	 7578	 27435 0  35008  0  0 0 1 0 0 0
960	00d.ma	412	395	16	43	176	234	349.47518010602	 21282	 7596 0  28878  0  1 0 0 0 0 0
961	00d.ma	412	395	152	106	131	295	352.03152929209	 18439	 7346 0  25784  0  0 0 1 0 0 0
962	00d.ma	412	395	344	146	44	181	361.10764773804	 10348	 11880 0  21626  0  0 0 0 0 1 0
963	00d.ma	412	395	48	245	248	229	277.8477631081	 8280	 11183 0  19238  0  0 0 0 0 1 0
964	00d.ma	412	395	86	221	283	285	312.06096654365	 9682	 16849 0  26527  0  0 0 1 0 0 0
965	00d.ma	412	395	90	110	369	69	383.53910524324	 3120	 17462 0  20580  0  0 0 1 0 0 0
966	00d.ma	412	395	99	90	277	98	350.09040379521	 29151	 10740 0  39554  0  0 0 0 0 1 0
967	00d.ma	412	395	257	139	97	50	352.76450198752	 14917	 29519 0  44073  0  0 0 0 0 1 0
968	00d.ma	412	395	13	57	370	92	375.63961030665	 5041	 4903 0  9944  0  1 0 0 0 0 0
969	00d.ma	412	395	114	231	228	159	205.17871554989	 4938	 5414 0  10118  0  0 0 0 0 1 0
970	00d.ma	412	395	352	122	53	236	375.29141392203	 11426	 9803 0  20619  0  0 0 0 0 1 0
971	00d.ma	412	395	49	193	307	213	344.63455967255	 14162	 18755 0  32627  0  0 0 0 0 1 0
972	00d.ma	412	395	319	216	86	141	332.04877323492	 18868	 12709 0  31211  0  0 0 0 0 1 0
973	00d.ma	412	395	313	254	75	182	316.09040379521	 14944	 8436 0  23379  0  0 0 1 0 0 0
974	00d.ma	412	395	388	380	169	175	337.34523779105	 10665	 8133 0  18798  0  1 0 0 0 0 0
975	00d.ma	412	395	12	66	361	100	374.43860017983	 7445	 4725 0  11886  0  0 0 0 1 0 0
976	00d.ma	412	395	61	201	250	222	281.36248173388	 11403	 13237 0  24310  0  0 0 0 0 1 0
977	00d.ma	412	395	75	229	352	69	389.24978336174	 12564	 13016 0  25109  0  0 0 0 0 1 0
978	00d.ma	412	395	211	141	186	36	354.37467504261	 19065	 32008 0  51073  0  1 0 0 0 0 0
979	00d.ma	412	395	172	258	124	34	358.45079348856	 12496	 26262 0  38346  0  0 0 1 0 0 0
980	00d.ma	412	395	298	369	179	232	279.37972567671	 18712	 7201 0  25225  0  1 0 0 0 0 0
981	00d.ma	412	395	222	73	183	226	360.87720035966	 25506	 23148 0  48651  0  0 0 1 0 0 0
982	00d.ma	412	395	129	99	268	84	357.16147160706	 31219	 12934 0  44152  0  0 0 0 1 0 0
983	00d.ma	412	395	88	233	288	286	318.44574285446	 8981	 18925 0  27903  0  0 0 1 0 0 0
984	00d.ma	412	395	253	135	43	57	360.81832585654	 9718	 26433 0  36146  0  0 0 1 0 0 0
985	00d.ma	412	395	286	114	12	223	391.51681066631	 4703	 19151 0  23510  0  0 0 1 0 0 0
986	00d.ma	412	395	177	257	73	41	359.5634918607	 10550	 26571 0  37119  0  0 0 1 0 0 0
987	00d.ma	412	395	349	67	123	193	355.37972567671	 16277	 11991 0  28267  0  0 0 1 0 0 0
988	00d.ma	412	395	159	43	158	245	359.67619023284	 26411	 13789 0  40190  0  0 0 1 0 0 0
989	00d.ma	412	395	262	166	86	64	361.22034611018	 17362	 30379 0  47740  0  0 0 1 0 0 0
990	00d.ma	412	395	350	44	117	203	364.83556979937	 16721	 10854 0  27575  0  1 0 0 0 0 0
991	00d.ma	412	395	94	63	278	157	365.32085117359	 30146	 18100 0  47859  0  0 0 0 0 1 0
992	00d.ma	412	395	369	89	113	220	394.76450198752	 15571	 16575 0  31801  0  0 0 0 0 1 0
993	00d.ma	412	395	342	187	46	217	380.47518010602	 19864	 14271 0  33567  0  1 0 0 0 0 0
994	00d.ma	412	395	280	247	54	258	335.47518010602	 18136	 9540 0  27675  0  0 0 1 0 0 0
995	00d.ma	412	395	200	139	152	9	364.73506473596	 15584	 31620 0  47204  0  1 0 0 0 0 0
996	00d.ma	412	395	217	206	69	236	213.17871554989	 5298	 6770 0  12067  0  0 0 1 0 0 0
997	00d.ma	412	395	320	56	43	244	394.01933598336	 12556	 13132 0  25617  0  0 0 0 1 0 0
998	00d.ma	412	395	232	22	183	196	362.58787847816	 26629	 21780 0  48403  0  0 0 1 0 0 0
999	00d.ma	412	395	307	283	95	191	318.29141392203	 19096	 9839 0  28932  0  0 0 0 1 0 0
1000	00d.ma	412	395	16	116	131	297	369.83051916527	 23081	 5724 0  28623  0  0 0 0 0 1 0
1001	00d.ma	412	395	94	141	362	165	369.66399692411	 18165	 17384 0  35187  0  0 0 0 0 1 0
1002	00d.ma	412	395	273	38	169	156	369.50461735758	 24964	 21032 0  45995  0  0 0 1 0 0 0
1003	00d.ma	412	395	183	354	157	131	272.62236636382	 6428	 5083 0  11511  0  1 0 0 0 0 0
1004	00d.ma	412	395	268	109	87	64	366.91883091995	 12542	 30572 0  43111  0  0 0 1 0 0 0
1005	00d.ma	412	395	192	386	183	217	242.12489168087	 10260	 4298 0  14558  0  1 0 0 0 0 0
1006	00d.ma	412	395	307	330	143	220	341.7056274844	 32047	 8774 0  40820  0  0 0 1 0 0 0
1007	00d.ma	412	395	114	119	340	133	368.00714267463	 24454	 17189 0  41445  0  0 0 1 0 0 0
1008	00d.ma	412	395	296	245	46	240	340.64675298128	 18129	 9478 0  27346  0  0 0 0 0 1 0
1009	00d.ma	412	395	253	134	113	31	368.17871554989	 16142	 30578 0  46718  0  0 0 1 0 0 0
1010	00d.ma	412	395	193	297	117	220	263.73506473596	 13468	 10555 0  24022  0  0 0 1 0 0 0
1011	00d.ma	412	395	316	149	101	88	372.10764773804	 19628	 28191 0  47497  0  0 0 1 0 0 0
1012	00d.ma	412	395	309	228	67	138	334.57568516943	 17323	 11750 0  28738  0  0 0 1 0 0 0
1013	00d.ma	412	395	343	58	147	199	376.2792206133	 20339	 15380 0  35719  0  1 0 0 0 0 0
1014	00d.ma	412	395	99	157	245	180	229.20815280145	 7791	 6782 0  14360  0  0 0 0 0 0 1
1015	00d.ma	412	395	299	340	141	210	339.2792206133	 30632	 10166 0  40797  0  0 0 1 0 0 0
1016	00d.ma	412	395	181	183	254	23	373.2741699792	 24206	 26462 0  50434  0  0 0 0 0 1 0
1017	00d.ma	412	395	226	236	104	144	244.79393923908	 9967	 9156 0  19122  0  0 0 1 0 0 0
1018	00d.ma	412	395	292	225	44	140	331.47518010602	 14471	 13326 0  27396  0  0 0 0 0 1 0
1019	00d.ma	412	395	149	108	289	199	359.2741699792	 20176	 28406 0  48139  0  0 0 1 0 0 0
1020	00d.ma	412	395	332	58	71	262	403.49242404885	 13759	 12472 0  26231  0  1 0 0 0 0 0
1021	00d.ma	412	395	152	158	199	358	276.1370849896	 6612	 10306 0  16918  0  1 0 0 0 0 0
1022	00d.ma	412	395	209	283	90	226	270.83556979937	 13779	 10709 0  24484  0  0 0 1 0 0 0
1023	00d.ma	412	395	63	237	345	231	400.2741699792	 14324	 16395 0  30717  0  0 0 1 0 0 0
1024	00d.ma	412	395	47	118	331	153	376.16147160706	 20938	 13165 0  34099  0  0 0 1 0 0 0
1025	00d.ma	412	395	256	337	151	157	272.37972567671	 8392	 5553 0  13944  0  0 0 1 0 0 0
1026	00d.ma	412	395	84	173	388	138	407.67619023284	 20542	 6359 0  26594  0  0 0 0 0 1 0
1027	00d.ma	412	395	146	162	307	92	379.39191898544	 22687	 22353 0  44833  0  0 0 1 0 0 0
1028	00d.ma	412	395	227	107	205	145	373.9898987318	 29805	 31592 0  61390  0  0 0 1 0 0 0
1029	00d.ma	412	395	173	152	241	386	276.75230867879	 3433	 7628 0  10628  0  0 0 0 1 0 0
1030	00d.ma	412	395	208	208	69	17	372.77669529625	 10167	 28051 0  37962  0  0 0 0 0 1 0
1031	00d.ma	412	395	38	96	115	303	382.21529547608	 26468	 5836 0  32303  0  0 0 1 0 0 0
1032	00d.ma	412	395	20	171	343	163	390.32085117359	 15518	 14153 0  29308  0  0 0 0 0 1 0
1033	00d.ma	412	395	219	297	118	244	276.55129855197	 19056	 7816 0  26867  0  0 0 1 0 0 0
1034	00d.ma	412	395	319	362	151	201	358.8477631081	 30324	 10028 0  40349  0  0 0 1 0 0 0
1035	00d.ma	412	395	62	214	313	242	356.78888860498	 11084	 22553 0  33634  0  0 0 1 0 0 0
1036	00d.ma	412	395	79	68	276	100	377.96046148024	 30865	 11492 0  42356  0  0 0 1 0 0 0
1037	00d.ma	412	395	49	93	291	192	380.58787847816	 30068	 19568 0  49248  0  0 0 0 0 0 1
1038	00d.ma	412	395	140	74	263	190	380.60512242099	 35079	 26496 0  61573  0  0 0 1 0 0 0
1039	00d.ma	412	395	172	65	267	121	379.75945135342	 34442	 22757 0  57198  0  0 0 1 0 0 0
1040	00d.ma	412	395	205	369	136	161	280.23759005301	 10107	 6488 0  16595  0  1 0 0 0 0 0
1041	00d.ma	412	395	43	171	329	238	362.01933598336	 13217	 16449 0  28622  0  0 0 0 0 1 0
1042	00d.ma	412	395	223	175	102	165	203.79393923908	 5685	 7270 0  12952  0  0 0 1 0 0 0
1043	00d.ma	412	395	242	156	73	232	248.94826817151	 6066	 8633 0  14563  0  0 0 0 0 0 1
1044	00d.ma	412	395	25	203	358	139	405.63455967255	 15903	 13894 0  29793  0  0 0 0 0 1 0
1045	00d.ma	412	395	145	254	343	353	337.57568516943	 7649	 24123 0  31543  0  0 0 0 0 1 0
1046	00d.ma	412	395	112	297	188	283	258.97770542307	 3451	 14609 0  17975  0  0 0 1 0 0 0
1047	00d.ma	412	395	196	11	197	226	383.34523779105	 28097	 18546 0  46643  0  1 0 0 0 0 0
1048	00d.ma	412	395	340	352	132	197	361.47518010602	 27930	 10017 0  37580  0  0 0 0 0 1 0
1049	00d.ma	412	395	109	209	215	315	277.62236636382	 9592	 14781 0  24372  0  0 0 1 0 0 0
1050	00d.ma	412	395	110	121	292	243	335.7056274844	 16261	 22967 0  38944  0  0 0 0 0 1 0
1051	00d.ma	412	395	121	135	297	254	339.33304448232	 14138	 24368 0  38504  0  0 0 1 0 0 0
1052	00d.ma	412	395	257	15	186	190	387.48737341475	 26972	 25278 0  52249  0  0 0 1 0 0 0
1053	00d.ma	412	395	235	341	130	190	284.20815280145	 14965	 7648 0  22160  0  1 0 0 0 0 0
1054	00d.ma	412	395	97	236	326	306	362.58787847816	 9800	 31824 0  41381  0  0 0 1 0 0 0
1055	00d.ma	412	395	52	161	356	202	391.61731572972	 16838	 17875 0  34288  0  0 0 0 0 1 0
1056	00d.ma	412	395	123	153	321	253	343.9898987318	 10328	 25343 0  35663  0  0 0 1 0 0 0
1057	00d.ma	412	395	108	221	308	325	358.23253941891	 11821	 32431 0  44038  0  0 0 0 0 1 0
1058	00d.ma	412	395	160	205	246	345	289.90663761122	 5894	 20256 0  26103  0  0 0 0 1 0 0
1059	00d.ma	412	395	148	290	25	65	391.34523779105	 7432	 26037 0  33077  0  1 0 0 0 0 0
1060	00d.ma	412	395	331	150	48	104	388.50461735758	 14976	 26363 0  40906  0  0 0 0 0 1 0
1061	00d.ma	412	395	138	271	191	86	390.61731572972	 14619	 27884 0  42501  0  0 0 1 0 0 0
1062	00d.ma	412	395	146	169	242	378	287.89444430249	 5361	 11780 0  16918  0  0 0 0 0 0 1
1063	00d.ma	412	395	256	199	27	200	294.83556979937	 8863	 12544 0  21129  0  0 0 0 0 1 0
1064	00d.ma	412	395	91	247	267	317	332.71782079313	 9368	 18916 0  28278  0  0 0 1 0 0 0
1065	00d.ma	412	395	180	106	137	259	390.37467504261	 26956	 15841 0  42791  0  0 0 1 0 0 0
1066	00d.ma	412	395	313	212	14	154	381.43354954573	 17180	 16717 0  33896  0  0 0 0 1 0 0
1067	00d.ma	412	395	152	195	231	365	290.37972567671	 6905	 16119 0  22953  0  0 0 0 1 0 0
1068	00d.ma	412	395	267	35	195	176	392.40411229417	 27651	 28331 0  55980  0  0 0 1 0 0 0
1069	00d.ma	412	395	310	128	94	70	391.5634918607	 18137	 31046 0  49160  0  0 0 1 0 0 0
1070	00d.ma	412	395	71	127	335	181	385.44574285446	 18940	 21637 0  40234  0  0 0 0 0 1 0
1071	00d.ma	412	395	154	46	146	280	391.64675298128	 28414	 11985 0  40391  0  0 0 1 0 0 0
1072	00d.ma	412	395	355	346	156	275	346.71782079313	 24952	 7052 0  31714  0  0 0 0 0 1 0
1073	00d.ma	412	395	375	160	47	94	426.69343417567	 4229	 26558 0  30346  0  0 0 0 0 1 0
1074	00d.ma	412	395	93	204	179	297	287.87720035966	 14578	 12420 0  26997  0  0 0 1 0 0 0
1075	00d.ma	412	395	378	380	162	134	376.4163056029	 13240	 8264 0  21504  0  1 0 0 0 0 0
1076	00d.ma	412	395	163	247	144	356	270.29141392203	 4499	 11315 0  15814  0  1 0 0 0 0 0
1077	00d.ma	412	395	168	248	184	12	396.96046148024	 16832	 28909 0  45741  0  1 0 0 0 0 0
1078	00d.ma	412	395	124	308	314	318	347.9898987318	 4748	 32214 0  36959  0  0 0 1 0 0 0
1079	00d.ma	412	395	347	77	66	268	426.14927829833	 13318	 13771 0  26858  0  0 0 0 1 0 0
1080	00d.ma	412	395	70	171	282	294	324.06096654365	 11558	 14961 0  26147  0  0 0 0 0 1 0
1081	00d.ma	412	395	74	246	371	96	432.46298679729	 16802	 14371 0  30826  0  0 0 0 0 1 0
1082	00d.ma	412	395	281	215	109	75	357.5634918607	 22962	 26719 0  49680  0  0 0 1 0 0 0
1083	00d.ma	412	395	68	153	310	272	351.2741699792	 13622	 19713 0  32925  0  0 0 0 0 1 0
1084	00d.ma	412	395	136	277	324	354	352.16147160706	 6734	 29614 0  36049  0  0 0 0 0 1 0
1085	00d.ma	412	395	170	173	298	54	390.462986797291	 27741	 24874 0  52588  0  0 0 1 0 0 0
1086	00d.ma	412	395	63	265	349	91	431.36248173388	 15492	 12768 0  28240  0  0 0 0 1 0 0
1087	00d.ma	412	395	391	127	45	185	430.03152929209	 5053	 18587 0  23638  0  0 0 1 0 0 0
1088	00d.ma	412	395	228	241	26	204	302.36248173388	 12222	 13544 0  25352  0  0 0 0 0 1 0
1089	00d.ma	412	395	78	250	313	297	371.83051916527	 10663	 32338 0  42995  0  0 0 1 0 0 0
1090	00d.ma	412	395	382	154	70	173	431.96046148024	 4922	 26482 0  31403  0  0 0 1 0 0 0
1091	00d.ma	412	395	60	90	267	224	341.81832585654	 20752	 17086 0  37422  0  0 0 0 0 1 0
1092	00d.ma	412	395	126	111	250	252	312.8477631081	 15711	 20837 0  36547  0  0 0 1 0 0 0
1093	00d.ma	412	395	82	135	246	216	295.43354954573	 9936	 15283 0  24838  0  0 0 0 0 1 0
1094	00d.ma	412	395	225	144	222	11	401.77164466215	 23154	 32586 0  55709  0  0 0 0 1 0 0
1095	00d.ma	412	395	334	268	45	237	383.83051916527	 24860	 9445 0  34302  0  0 0 1 0 0 0
1096	00d.ma	412	395	83	185	209	297	284.20815280145	 12957	 11778 0  24730  0  0 0 1 0 0 0
1097	00d.ma	412	395	29	205	304	255	375.51681066631	 14378	 20772 0  34943  0  0 0 0 0 1 0
1098	00d.ma	412	395	246	231	131	100	305.01933598336	 19560	 16417 0  35976  0  0 0 1 0 0 0
1099	00d.ma	412	395	66	179	245	306	318.49242404885	 13613	 12584 0  26192  0  0 0 1 0 0 0
1100	00d.ma	412	395	153	106	259	217	315.33304448232	 12593	 23825 0  35945  0  0 0 1 0 0 0
1101	00d.ma	412	395	240	142	230	109	407.03152929209	 35448	 31961 0  67408  0  0 0 1 0 0 0
1102	00d.ma	412	395	54	138	319	257	362.5584412266	 13022	 19580 0  32056  0  0 0 0 0 1 0
1103	00d.ma	412	395	346	146	6	145	415.73506473596	 11969	 18869 0  30434  0  0 0 0 0 1 0
1104	00d.ma	412	395	350	214	31	221	422.37467504261	 19334	 15928 0  34991  0  0 0 0 0 1 0
1105	00d.ma	412	395	17	192	236	240	306.46298679729	 13639	 10620 0  23940  0  0 0 0 0 1 0
1106	00d.ma	412	395	274	46	193	200	402.78888860498	 27940	 31576 0  59507  0  0 0 1 0 0 0
1107	00d.ma	412	395	235	279	43	170	314.07821048648	 12755	 15859 0  28297  0  0 0 0 0 1 0
1108	00d.ma	412	395	145	290	180	105	410.03152929209	 13609	 26662 0  40269  0  0 0 1 0 0 0
1109	00d.ma	412	395	366	199	135	136	408.61731572972	 23750	 22814 0  46554  0  0 0 1 0 0 0
1110	00d.ma	412	395	312	196	66	91	399.90158697712	 24334	 32342 0  56118  0  0 0 0 0 1 0
1111	00d.ma	412	395	261	138	64	8	412.8477631081	 16249	 29662 0  45909  0  0 0 1 0 0 0
1112	00d.ma	412	395	298	221	88	83	371.94826817151	 23329	 26373 0  49127  0  0 0 0 0 1 0
1113	00d.ma	412	395	328	360	147	285	363.26197667047	 29891	 6752 0  36641  0  0 0 1 0 0 0
1114	00d.ma	412	395	69	162	213	176	220.35028842515	 10258	 4701 0  14599  0  0 0 0 0 1 0
1115	00d.ma	412	395	176	30	265	123	411.83051916527	 36444	 24266 0  60494  0  0 0 0 0 1 0
1116	00d.ma	412	395	58	235	197	275	305.87720035966	 13636	 15505 0  29014  0  0 0 0 0 1 0
1117	00d.ma	412	395	216	187	52	206	237.39191898544	 6577	 10113 0  16689  0  0 0 1 0 0 0
1118	00d.ma	412	395	111	158	300	301	341.06096654365	 10391	 20636 0  30704  0  0 0 0 0 1 0
1119	00d.ma	412	395	47	161	381	202	421.617315729721	 18340	 17375 0  35227  0  0 0 0 0 1 0
1120	00d.ma	412	395	195	95	149	288	410.78888860498	 28430	 14551 0  42611  0  0 0 1 0 0 0
1121	00d.ma	412	395	277	180	17	54	415.04372260082	 17794	 29477 0  47270  0  0 0 1 0 0 0
1122	00d.ma	412	395	265	205	83	50	389.77669529625	 21885	 32880 0  54764  0  0 0 1 0 0 0
1123	00d.ma	412	395	22	76	116	312	416.842712474	 27750	 6255 0  34004  0  0 0 1 0 0 0
1124	00d.ma	412	395	150	24	276	127	416.40411229417	 36078	 22841 0  58915  0  0 0 1 0 0 0
1125	00d.ma	412	395	302	222	38	94	381.10259710394	 19187	 23118 0  42304  0  0 0 1 0 0 0
1126	00d.ma	412	395	134	287	200	88	418.10259710394	 14100	 29920 0  43989  0  0 0 1 0 0 0
1127	00d.ma	412	395	190	60	287	134	414.44574285446	 35665	 27581 0  63243  0  0 0 1 0 0 0
1128	00d.ma	412	395	128	303	17	65	415.94321753741	 6803	 27035 0  33810  0  0 0 1 0 0 0
1129	00d.ma	412	395	336	370	161	216	393.03152929209	 31086	 9753 0  40838  0  0 0 1 0 0 0
1130	00d.ma	412	395	304	238	50	108	370.75945135342	 19448	 20011 0  39458  0  0 0 1 0 0 0
1131	00d.ma	412	395	137	198	199	388	320.79393923908	 10443	 14769 0  25212  0  1 0 0 0 0 0
1132	00d.ma	412	395	178	50	298	132	421.93102422868	 36117	 26161 0  62277  0  0 0 1 0 0 0
1133	00d.ma	412	395	130	268	198	39	420.28636328793	 14904	 32142 0  47042  0  0 0 1 0 0 0
1134	00d.ma	412	395	106	79	263	248	340.53405460914	 20300	 20429 0  39764  0  1 0 0 0 0 0
1135	00d.ma	412	395	70	34	298	143	420.94826817151	 31907	 19498 0  51194  0  0 0 1 0 0 0
1136	00d.ma	412	395	48	112	318	240	382.4163056029	 19886	 21242 0  40547  0  0 0 0 0 1 0
1137	00d.ma	412	395	123	89	361	141	419.421356237001	 31250	 20654 0  51898  0  0 0 1 0 0 0
1138	00d.ma	412	395	242	45	233	141	415.75945135342	 32609	 29808 0  62410  0  0 0 1 0 0 0
1139	00d.ma	412	395	259	21	203	144	420.24473272764	 31008	 27168 0  58128  0  0 0 1 0 0 0
1140	00d.ma	412	395	278	308	50	213	362.34523779105	 19396	 13360 0  32421  0  0 0 1 0 0 0
1141	00d.ma	412	395	241	243	53	98	322.64675298128	 12357	 17205 0  29559  0  0 0 1 0 0 0
1142	00d.ma	412	395	188	82	300	162	422.96046148024	 35758	 31396 0  67153  0  0 0 0 1 0 0
1143	00d.ma	412	395	50	169	266	309	350.33304448232	 15576	 15030 0  30601  0  0 0 1 0 0 0
1144	00d.ma	412	395	134	7	276	155	424.29141392203	 34417	 23635 0  58051  0  0 0 1 0 0 0
1145	00d.ma	412	395	184	207	290	46	421.47518010602	 32512	 27513 0  60021  0  0 0 1 0 0 0
1146	00d.ma	412	395	314	198	64	77	414.24473272764	 24950	 34264 0  58710  0  0 0 0 0 1 0
1147	00d.ma	412	395	73	67	333	155	424.190908858621	 33097	 21196 0  54291  0  0 0 1 0 0 0
1148	00d.ma	412	395	154	103	248	204	302.36248173388	 11244	 19970 0  31213  0  0 0 1 0 0 0
1149	00d.ma	412	395	243	289	36	203	347.57568516943	 18431	 15238 0  33115  0  1 0 0 0 0 0
1150	00d.ma	412	395	152	105	255	255	334.68838354157	 12788	 26900 0  39254  0  0 0 0 0 0 1
1151	00d.ma	412	395	242	356	131	286	303.00714267463	 21292	 3884 0  25175  0  0 0 1 0 0 0
1152	00d.ma	412	395	100	88	327	235	396.77669529625	 25598	 26569 0  51774  0  0 0 0 0 1 0
1153	00d.ma	412	395	189	344	104	207	323.22034611018	 16479	 14398 0  30873  0  0 0 1 0 0 0
1154	00d.ma	412	395	123	111	298	266	376.57568516943	 20581	 28554 0  49134  0  0 0 1 0 0 0
1155	00d.ma	412	395	317	176	18	74	427.7005768503	 19990	 30763 0  50324  0  0 0 0 0 1 0
1156	00d.ma	412	395	21	97	331	189	428.11479041267	 29916	 20181 0  50093  0  0 0 1 0 0 0
1157	00d.ma	412	395	253	178	13	198	311.46298679729	 7879	 13884 0  21760  0  0 0 1 0 0 0
1158	00d.ma	412	395	262	197	191	74	416.37467504261	 34885	 37679 0  72563  0  0 0 1 0 0 0
1159	00d.ma	412	395	53	148	368	221	428.558441226601	 23959	 16794 0  40749  0  0 0 1 0 0 0
1160	00d.ma	412	395	272	350	117	230	349.87720035966	 28460	 10381 0  38837  0  0 0 1 0 0 0
1161	00d.ma	412	395	27	133	216	208	266.53405460914	 12824	 5468 0  18292  0  1 0 0 0 0 0
1162	00d.ma	412	395	291	346	92	207	377.80613254781	 30706	 14414 0  45113  0  0 0 1 0 0 0
1163	00d.ma	412	395	200	178	311	62	431.048773234921	 36251	 26264 0  62508  0  0 0 1 0 0 0
1164	00d.ma	412	395	162	135	309	12	430.859956416831	 22128	 25344 0  47439  0  0 0 0 1 0 0
1165	00d.ma	412	395	202	138	270	33	431.85995641683	 29680	 31041 0  60717  0  0 0 1 0 0 0
1166	00d.ma	412	395	104	136	274	315	351.67619023284	 12241	 18391 0  30329  0  0 0 0 0 1 0
1167	00d.ma	412	395	294	317	75	177	386.78888860498	 31300	 18473 0  49356  0  1 0 0 0 0 0
1168	00d.ma	412	395	18	121	359	111	438.93102422868	 26650	 10467 0  36766  0  0 0 0 0 1 0
1169	00d.ma	412	395	223	279	49	194	318.86500705093	 16627	 15372 0  31995  0  0 0 1 0 0 0
1170	00d.ma	412	395	285	187	75	35	431.10259710394	 24469	 34995 0  59463  0  0 0 1 0 0 0
1171	00d.ma	412	395	82	173	220	319	309.2792206133	 13784	 14009 0  27518  0  0 0 0 0 1 0
1172	00d.ma	412	395	344	225	79	124	433.73001410186	 22845	 24962 0  47722  0  0 0 1 0 0 0
1173	00d.ma	412	395	61	178	340	305	393.34523779105	 14133	 27466 0  41598  0  0 0 0 1 0 0
1174	00d.ma	412	395	47	141	303	288	381.31580053949	 17314	 20745 0  37550  0  0 0 0 0 1 0
1175	00d.ma	412	395	149	112	237	186	284.19090885862	 12672	 15117 0  27788  0  0 0 0 1 0 0
1176	00d.ma	412	395	257	321	97	204	327.20815280145	 18362	 12538 0  30899  0  0 0 1 0 0 0
1177	00d.ma	412	395	81	255	361	310	407.88434303429	 8989	 32859 0  41596  0  0 0 0 0 1 0
1178	00d.ma	412	395	178	217	284	15	438.31580053949	 29778	 28352 0  58127  0  0 0 1 0 0 0
1179	00d.ma	412	395	263	102	217	72	432.75945135342	 29527	 37491 0  67013  0  0 0 1 0 0 0
1180	00d.ma	412	395	66	23	304	145	437.94826817151	 32387	 20222 0  52603  0  0 0 1 0 0 0
1181	00d.ma	412	395	191	170	322	71	438.190908858621	 37444	 24950 0  62371  0  0 0 1 0 0 0
1182	00d.ma	412	395	117	146	199	294	312.39191898544	 15595	 16525 0  32119  0  0 0 1 0 0 0
1183	00d.ma	412	395	319	279	137	126	389.073159852381	 33929	 17207 0  50742  0  0 0 0 0 1 0
1184	00d.ma	412	395	270	307	32	173	366.33304448232	 15972	 16030 0  31997  0  0 0 1 0 0 0
1185	00d.ma	412	395	8	171	244	175	301.66399692411	 13389	 6294 0  19682  0  0 0 0 1 0 0
1186	00d.ma	412	395	141	50	317	156	432.04877323492	 35083	 26599 0  61681  0  0 0 0 1 0 0
1187	00d.ma	412	395	259	247	32	86	354.80108191371	 13924	 18630 0  32553  0  0 0 1 0 0 0
1188	00d.ma	412	395	268	240	105	52	369.63455967255	 21966	 26892 0  48851  0  0 0 1 0 0 0
1189	00d.ma	412	395	46	164	236	312	346.97770542307	 17082	 13195 0  30070  0  0 0 0 0 1 0
1190	00d.ma	412	395	106	106	207	195	238.65180361538	 11063	 8764 0  19826  0  0 0 1 0 0 0
1191	00d.ma	412	395	325	22	178	180	441.274169979201	 24925	 31732 0  56620  0  0 0 0 1 0 0
1192	00d.ma	412	395	225	268	107	92	329.62236636382	 17828	 20160 0  37567  0  0 0 0 0 1 0
1193	00d.ma	412	395	117	145	337	303	393.24473272764	 13297	 31529 0  44824  0  0 0 1 0 0 0
1194	00d.ma	412	395	360	197	9	143	449.80108191371	 20590	 24271 0  44505  0  0 0 0 0 1 0
1195	00d.ma	412	395	156	369	120	211	341.9898987318	 15032	 15445 0  30477  0  1 0 0 0 0 0
1196	00d.ma	412	395	360	230	56	122	440.45793616319	 19394	 29324 0  48042  0  1 0 0 0 0 0
1197	00d.ma	412	395	191	62	112	309	445.18585822452	 34389	 11352 0  45740  0  0 0 1 0 0 0
1198	00d.ma	412	395	245	228	56	67	341.9898987318	 14002	 21645 0  35643  0  0 0 1 0 0 0
1199	00d.ma	412	395	175	47	320	135	444.44574285446	 36618	 27084 0  63700  0  0 0 1 0 0 0
1200	00d.ma	412	395	72	138	281	315	363.34523779105	 14383	 16233 0  30328  0  0 0 0 0 1 0
1201	00d.ma	412	395	73	99	244	262	351.20310216735	 20207	 19292 0  39030  0  0 0 0 0 1 0
1202	00d.ma	412	395	95	72	346	196	441.23253941891	 35206	 24495 0  59696  0  0 0 1 0 0 0
1203	00d.ma	412	395	352	62	176	153	446.806132547811	 22966	 29664 0  52590  0  0 0 0 1 0 0
1204	00d.ma	412	395	51	21	288	187	446.10259710394	 33742	 22929 0  56670  0  0 0 0 1 0 0
1205	00d.ma	412	395	287	273	132	98	395.74725804469	 30853	 26333 0  57178  0  0 0 1 0 0 0
1206	00d.ma	412	395	32	50	332	139	449.71782079313	 30875	 18520 0  49392  0  0 0 1 0 0 0
1207	00d.ma	412	395	133	95	361	207	442.4163056029	 34566	 25564 0  60129  0  0 0 1 0 0 0
1208	00d.ma	412	395	103	122	244	309	351.32085117359	 15327	 17695 0  33019  0  0 0 1 0 0 0
1209	00d.ma	412	395	287	264	68	103	395.44574285446	 25706	 26030 0  51367  0  0 0 1 0 0 0
1210	00d.ma	412	395	22	224	343	285	420.80108191371	 12255	 29562 0  41282  0  0 0 1 0 0 0
1211	00d.ma	412	395	122	86	251	176	315.73506473596	 25123	 13554 0  38676  0  0 0 1 0 0 0
1212	00d.ma	412	395	215	174	137	123	257.97770542307	 10528	 13958 0  24485  0  0 0 1 0 0 0
1213	00d.ma	412	395	83	233	384	155	486.74725804469	 30455	 10993 0  41443  0  0 0 1 0 0 0
1214	00d.ma	412	395	303	145	69	8	450.7056274844	 20922	 32594 0  53283  0  0 0 0 0 1 0
1215	00d.ma	412	395	229	90	271	180	452.03152929209	 35769	 39998 0  75761  0  0 0 1 0 0 0
1216	00d.ma	412	395	368	44	151	150	455.291413922031	 22266	 23409 0  45675  0  1 0 0 0 0 0
1217	00d.ma	412	395	40	119	391	193	454.62950903845	 27626	 18844 0  46059  0  0 0 0 0 1 0
1218	00d.ma	412	395	98	14	111	303	451.64675298128	 32690	 10368 0  42796  0  0 0 0 0 0 1
1219	00d.ma	412	395	31	172	388	172	484.20310216735	 29912	 4868 0  34461  0  0 0 1 0 0 0
1220	00d.ma	412	395	341	181	25	76	450.52900397504	 22226	 33491 0  55311  0  0 0 0 0 1 0
1221	00d.ma	412	395	324	253	83	82	414.2741699792	 27531	 27023 0  54549  0  0 0 1 0 0 0
1222	00d.ma	412	395	53	86	253	183	326.01933598336	 22681	 9450 0  32130  0  0 0 1 0 0 0
1223	00d.ma	412	395	230	243	53	76	340.09040379521	 13141	 22239 0  34611  0  0 0 0 0 0 1
1224	00d.ma	412	395	321	195	32	58	449.28636328793	 24224	 34655 0  58379  0  0 0 0 0 1 0
1225	00d.ma	412	395	111	220	365	379	429.94321753741	 13257	 28803 0  42059  0  0 0 1 0 0 0
1226	00d.ma	412	395	337	226	130	85	453.20310216735	 25617	 39865 0  65287  0  0 0 1 0 0 0
1227	00d.ma	412	395	97	219	225	376	353.10764773804	 12109	 19067 0  31150  0  0 0 0 1 0 0
1228	00d.ma	412	395	218	347	93	257	352.07821048648	 22450	 11318 0  33767  0  0 0 1 0 0 0
1229	00d.ma	412	395	306	233	163	70	413.24473272764	 33371	 33140 0  66510  0  0 0 0 1 0 0
1230	00d.ma	412	395	70	271	178	306	352.34523779105	 14092	 20602 0  34692  0  0 0 1 0 0 0
1231	00d.ma	412	395	369	77	170	150	460.29141392203	 22028	 33047 0  55056  0  0 0 1 0 0 0
1232	00d.ma	412	395	282	185	185	17	460.28636328793	 33171	 38089 0  71039  0  0 0 1 0 0 0
1233	00d.ma	412	395	236	295	67	114	354.91883091995	 15987	 18569 0  34222  0  0 0 0 0 1 0
1234	00d.ma	412	395	178	17	288	185	460.45793616319	 38075	 32497 0  70569  0  0 0 1 0 0 0
1235	00d.ma	412	395	329	279	129	106	409.90158697712	 34043	 22272 0  55904  0  0 0 0 0 1 0
1236	00d.ma	412	395	328	40	202	176	458.333044482321	 25579	 37273 0  62821  0  0 0 0 1 0 0
1237	00d.ma	412	395	345	361	101	247	433.04372260082	 34204	 13161 0  47362  0  0 0 1 0 0 0
1238	00d.ma	412	395	97	187	210	363	334.96551211434	 13867	 16331 0  29928  0  0 0 0 0 0 1
1239	00d.ma	412	395	80	184	180	338	340.63455967255	 17707	 15176 0  32880  0  0 0 1 0 0 0
1240	00d.ma	412	395	98	189	299	370	385.60512242099	 13613	 28986 0  42598  0  0 0 1 0 0 0
1241	00d.ma	412	395	103	170	190	343	335.32085117359	 16680	 16124 0  32488  0  0 0 0 0 0 1
1242	00d.ma	412	395	61	249	315	344	436.24473272764	 14914	 35200 0  50109  0  0 0 1 0 0 0
1243	00d.ma	412	395	317	135	45	14	466.989898731801	 20236	 31954 0  52189  0  0 0 0 1 0 0
1244	00d.ma	412	395	390	170	69	198	493.65894629001	 10841	 27774 0  38612  0  0 0 1 0 0 0
1245	00d.ma	412	395	237	362	100	185	336.35028842515	 17615	 12250 0  29864  0  0 0 1 0 0 0
1246	00d.ma	412	395	243	189	88	69	322.66399692411	 11720	 25322 0  36689  0  0 0 0 0 1 0
1247	00d.ma	412	395	251	61	130	267	462.587878478161	 33275	 21952 0  55226  0  0 0 1 0 0 0
1248	00d.ma	412	395	64	83	345	206	454.31580053949	 37994	 23612 0  61603  0  0 0 1 0 0 0
1249	00d.ma	412	395	166	55	349	162	465.445742854461	 37812	 27935 0  65745  0  0 0 1 0 0 0
1250	00d.ma	412	395	291	145	229	46	463.65894629001	 33421	 34834 0  68254  0  0 0 0 1 0 0
1251	00d.ma	412	395	310	323	38	178	425.232539418911	 33740	 19157 0  52620  0  0 0 0 0 1 0
1252	00d.ma	412	395	115	303	225	380	343.00714267463	 3864	 20970 0  24803  0  0 0 0 1 0 0
1253	00d.ma	412	395	316	132	66	8	469.50461735758	 21256	 33239 0  54494  0  0 0 0 1 0 0
1254	00d.ma	412	395	43	106	242	160	309.2741699792	 20544	 7234 0  27760  0  0 0 1 0 0 0
1255	00d.ma	412	395	126	23	257	226	388.87720035966	 29583	 24222 0  53798  0  0 0 1 0 0 0
1256	00d.ma	412	395	74	176	264	330	363.421356237	 16783	 20040 0  36275  0  0 0 0 0 1 0
1257	00d.ma	412	395	119	295	192	13	469.49956672348	 14186	 35874 0  49743  0  0 0 0 0 1 0
1258	00d.ma	412	395	89	233	319	382	431.75945135342	 14812	 33231 0  48042  0  0 0 1 0 0 0
1259	00d.ma	412	395	342	229	44	88	466.87214972556	 21927	 39450 0  61016  0  0 0 0 0 1 0
1260	00d.ma	412	395	132	30	314	213	445.918830919951	 36824	 30769 0  67208  0  0 0 0 0 1 0
1261	00d.ma	412	395	211	371	97	180	345.45079348856	 16544	 14464 0  30870  0  0 0 0 1 0 0
1262	00d.ma	412	395	175	94	298	234	422.48737341475	 32511	 38697 0  71200  0  0 0 1 0 0 0
1263	00d.ma	412	395	76	190	291	362	395.87720035966	 15468	 28369 0  43829  0  0 0 1 0 0 0
1264	00d.ma	412	395	304	134	202	17	470.04372260082	 28839	 37147 0  65981  0  0 0 1 0 0 0
1265	00d.ma	412	395	86	187	260	359	356.04877323492	 13266	 19313 0  32277  0  0 0 0 0 0 1
1266	00d.ma	412	395	16	216	319	311	446.173664915791	 16245	 35284 0  51526  0  0 0 1 0 0 0
1267	00d.ma	412	395	135	298	245	387	344.421356237	 4069	 23272 0  27005  0  1 0 0 0 0 0
1268	00d.ma	412	395	346	78	194	198	469.16147160706	 23793	 43262 0  67017  0  0 0 1 0 0 0
1269	00d.ma	412	395	321	44	201	145	470.889393668391	 26914	 35997 0  62910  0  0 0 1 0 0 0
1270	00d.ma	412	395	39	220	322	334	445.75945135342	 16603	 35691 0  52113  0  0 0 0 0 1 0
1271	00d.ma	412	395	156	105	219	174	286.09040379521	 13452	 14237 0  27313  0  0 0 1 0 0 0
1272	00d.ma	412	395	195	314	46	196	366.22034611018	 20057	 17941 0  37995  0  0 0 1 0 0 0
1273	00d.ma	412	395	45	248	281	323	419.53405460914	 15304	 32165 0  47462  0  0 0 1 0 0 0
1274	00d.ma	412	395	76	159	244	324	345.97770542307	 16286	 15540 0  31821  0  0 0 1 0 0 0
1275	00d.ma	412	395	188	71	330	199	475.972654788971	 39370	 33363 0  72728  0  0 0 1 0 0 0
1276	00d.ma	412	395	56	242	271	334	400.60512242099	 14808	 30073 0  44650  0  0 0 0 0 1 0
1277	00d.ma	412	395	55	229	262	325	383.49242404885	 14794	 26417 0  41207  0  0 0 1 0 0 0
1278	00d.ma	412	395	268	127	257	51	469.07315985238	 34735	 34835 0  69569  0  0 0 1 0 0 0
1279	00d.ma	412	395	344	176	189	95	476.658946290011	 35326	 37159 0  72480  0  0 0 1 0 0 0
1280	00d.ma	412	395	166	74	233	196	324.8477631081	 24928	 21227 0  46150  0  0 0 1 0 0 0
1281	00d.ma	412	395	284	110	223	150	480.20310216735	 27003	 47259 0  74259  0  0 0 1 0 0 0
1282	00d.ma	412	395	346	336	118	144	431.38686835134	 35940	 15607 0  51085  0  0 0 0 0 1 0
1283	00d.ma	412	395	39	103	216	278	351.40411229417	 22359	 13290 0  35205  0  0 0 0 0 1 0
1284	00d.ma	412	395	309	73	181	252	479.67619023284	 28842	 34536 0  63360  0  0 0 1 0 0 0
1285	00d.ma	412	395	305	218	150	31	446.03152929209	 33083	 35894 0  68976  0  0 0 1 0 0 0
1286	00d.ma	412	395	248	106	276	181	480.73001410186	 34472	 46110 0  80579  0  0 0 1 0 0 0
1287	00d.ma	412	395	85	251	367	357	451.71277015903	 12659	 34056 0  46708  0  0 0 1 0 0 0
1288	00d.ma	412	395	43	240	351	331	452.42849891163	 13854	 35557 0  49111  0  0 0 0 0 1 0
1289	00d.ma	412	395	352	128	188	103	480.931024228681	 31383	 37366 0  68378  0  0 0 1 0 0 0
1290	00d.ma	412	395	354	121	175	54	478.416305602901	 26432	 38449 0  64880  0  0 0 1 0 0 0
1291	00d.ma	412	395	331	132	209	52	481.587878478161	 31277	 36880 0  68156  0  0 0 1 0 0 0
1292	00d.ma	412	395	304	296	61	99	416.21529547608	 25635	 23694 0  48850  0  0 0 1 0 0 0
1293	00d.ma	412	395	102	46	311	258	434.40411229417	 33991	 29688 0  63262  0  0 0 0 0 1 0
1294	00d.ma	412	395	283	177	233	14	483.19805153325	 35032	 35569 0  70282  0  0 0 1 0 0 0
1295	00d.ma	412	395	271	388	95	232	391.54624791787	 26796	 12006 0  38745  0  0 0 0 1 0 0
1296	00d.ma	412	395	317	208	164	109	465.730014101861	 42901	 33978 0  76878  0  0 0 0 1 0 0
1297	00d.ma	412	395	42	141	183	306	363.20310216735	 21417	 14570 0  35741  0  0 0 1 0 0 0
1298	00d.ma	412	395	309	367	68	175	430.16147160706	 33273	 18861 0  51887  0  0 0 0 0 0 1
1299	00d.ma	412	395	318	324	41	138	439.801081913711	 33601	 22255 0  55460  0  0 0 0 0 1 0
1300	00d.ma	412	395	204	77	346	164	484.546247917871	 36774	 33690 0  70461  0  0 0 1 0 0 0
1301	00d.ma	412	395	127	166	335	343	436.93102422868	 14277	 38102 0  52378  0  0 0 1 0 0 0
1302	00d.ma	412	395	57	56	273	273	407.07315985238	 27028	 21864 0  48891  0  0 0 1 0 0 0
1303	00d.ma	412	395	52	27	264	247	410.51681066631	 28114	 20383 0  48130  0  0 0 0 0 1 0
1304	00d.ma	412	395	232	160	34	95	319.85995641683	 7514	 23282 0  30795  0  0 0 1 0 0 0
1305	00d.ma	412	395	257	295	70	80	400.71782079313	 22774	 28090 0  50546  0  0 0 1 0 0 0
1306	00d.ma	412	395	235	60	313	130	487.10259710394	 37022	 34799 0  71814  0  0 0 1 0 0 0
1307	00d.ma	412	395	261	242	208	83	408.51681066631	 38931	 30679 0  69602  0  0 0 1 0 0 0
1308	00d.ma	412	395	210	374	93	260	383.63455967255	 23771	 12822 0  36592  0  0 0 1 0 0 0
1309	00d.ma	412	395	29	214	339	331	462.28636328793	 17108	 36368 0  53306  0  0 0 0 0 1 0
1310	00d.ma	412	395	174	172	384	108	488.81832585654	 45126	 20872 0  65997  0  0 0 1 0 0 0
1311	00d.ma	412	395	144	216	383	167	501.30360723076	 43328	 13758 0  57084  0  0 0 1 0 0 0
1312	00d.ma	412	395	141	284	275	78	493.002092040531	 25724	 33307 0  58648  0  0 0 0 0 1 0
1313	00d.ma	412	395	252	52	277	176	481.801081913711	 35181	 39171 0  74284  0  0 0 1 0 0 0
1314	00d.ma	412	395	243	226	193	40	386.21529547608	 30800	 29477 0  60272  0  0 0 1 0 0 0
1315	00d.ma	412	395	91	181	290	387	393.96046148024	 13638	 24094 0  37385  0  0 0 0 0 1 0
1316	00d.ma	412	395	132	144	339	335	440.31580053949	 16764	 38741 0  55500  0  0 0 1 0 0 0
1317	00d.ma	412	395	316	283	98	69	440.1320343555	 33601	 31698 0  64790  0  0 0 0 0 1 0
1318	00d.ma	412	395	379	78	180	194	490.019335983361	 22402	 42445 0  64846  0  0 0 1 0 0 0
1319	00d.ma	412	395	28	59	306	252	439.842712474	 30015	 24859 0  54873  0  0 0 1 0 0 0
1320	00d.ma	412	395	151	72	211	261	364.26197667047	 27206	 25401 0  52606  0  0 0 1 0 0 0
1321	00d.ma	412	395	273	238	206	56	426.38686835134	 37022	 32563 0  69580  0  0 0 1 0 0 0
1322	00d.ma	412	395	227	51	330	147	495.274169979201	 36224	 34369 0  70592  0  0 0 0 1 0 0
1323	00d.ma	412	395	333	67	206	226	493.64675298128	 27140	 38169 0  65288  0  0 0 1 0 0 0
1324	00d.ma	412	395	247	104	308	129	495.34523779105	 35296	 40084 0  75378  0  0 0 1 0 0 0
1325	00d.ma	412	395	375	206	169	81	494.286363287931	 29445	 38769 0  68212  0  0 0 1 0 0 0
1326	00d.ma	412	395	257	312	104	69	411.11984104677	 24800	 27030 0  51824  0  0 0 1 0 0 0
1327	00d.ma	412	395	25	60	331	247	459.842712474	 31847	 25849 0  57695  0  0 0 1 0 0 0
1328	00d.ma	412	395	272	17	273	146	496.94321753741	 33801	 35633 0  69433  0  0 0 1 0 0 0
1329	00d.ma	412	395	37	194	186	323	380.67619023284	 18741	 19296 0  37664  0  1 0 0 0 0 0
1330	00d.ma	412	395	336	321	52	123	446.499566723481	 32915	 21799 0  54233  0  0 0 0 0 1 0
1331	00d.ma	412	395	300	353	126	142	433.91883091995	 36485	 19451 0  55933  0  0 0 1 0 0 0
1332	00d.ma	412	395	79	113	302	316	447.77164466215	 22829	 38236 0  61056  0  0 0 1 0 0 0
1333	00d.ma	412	395	275	333	39	192	421.048773234921	 30576	 18740 0  49311  0  0 0 1 0 0 0
1334	00d.ma	412	395	214	134	324	26	497.730014101861	 35708	 27850 0  63557  0  0 0 1 0 0 0
1335	00d.ma	412	395	47	253	193	347	395.64675298128	 14895	 20972 0  35865  0  0 0 1 0 0 0
1336	00d.ma	412	395	338	170	219	61	500.658946290011	 35707	 37237 0  72943  0  0 0 0 1 0 0
1337	00d.ma	412	395	228	204	187	66	344.16147160706	 25307	 26702 0  52005  0  0 0 1 0 0 0
1338	00d.ma	412	395	45	118	345	314	451.126983721401	 21894	 31278 0  52624  0  0 0 0 0 1 0
1339	00d.ma	412	395	14	48	331	213	498.742207410591	 37565	 23372 0  60936  0  0 0 1 0 0 0
1340	00d.ma	412	395	22	56	219	208	333.37467504261	 20049	 9019 0  29067  0  0 0 0 1 0 0
1341	00d.ma	412	395	119	97	178	298	374.91883091995	 29753	 20204 0  49588  0  0 0 0 0 1 0
1342	00d.ma	412	395	103	49	386	181	502.646752981281	 41255	 24259 0  65512  0  0 0 1 0 0 0
1343	00d.ma	412	395	334	313	21	126	460.399061660071	 32457	 23083 0  55188  0  0 0 0 0 1 0
1344	00d.ma	412	395	38	194	277	339	427.948268171511	 18632	 31112 0  49731  0  0 0 1 0 0 0
1345	00d.ma	412	395	321	355	67	136	455.07315985238	 35601	 21680 0  57280  0  0 0 1 0 0 0
1346	00d.ma	412	395	191	19	268	235	434.52900397504	 33150	 34782 0  67931  0  0 0 1 0 0 0
1347	00d.ma	412	395	75	130	346	320	452.327993848221	 18576	 36593 0  54736  0  0 0 0 0 1 0
1348	00d.ma	412	395	263	207	232	16	472.15642097296	 37260	 34859 0  72113  0  0 0 1 0 0 0
1349	00d.ma	412	395	358	365	98	148	455.558441226601	 34091	 17162 0  51250  0  0 0 1 0 0 0
1350	00d.ma	412	395	295	207	243	88	482.487373414751	 46899	 33679 0  80572  0  0 0 1 0 0 0
1351	00d.ma	412	395	63	258	321	384	470.94321753741	 15333	 34622 0  49710  0  0 0 0 0 1 0
1352	00d.ma	412	395	334	372	46	225	479.65894629001	 35461	 17687 0  52960  0  0 0 0 0 1 0
1353	00d.ma	412	395	47	258	241	355	404.88939366839	 13167	 25915 0  39081  0  0 0 1 0 0 0
1354	00d.ma	412	395	38	62	217	266	380.40411229417	 26482	 14783 0  40825  0  0 0 0 0 0 1
1355	00d.ma	412	395	201	293	42	95	379.37467504261	 15736	 26690 0  41928  0  0 0 0 0 1 0
1356	00d.ma	412	395	338	291	133	77	456.28636328793	 38836	 32214 0  70517  0  0 0 0 0 1 0
1357	00d.ma	412	395	159	25	266	259	426.14422766423	 32492	 32656 0  64720  0  0 0 0 0 1 0
1358	00d.ma	412	395	215	370	54	173	388.69343417567	 17667	 17446 0  35111  0  0 0 1 0 0 0
1359	00d.ma	412	395	236	165	170	85	342.96046148024	 20246	 30421 0  50660  0  0 0 1 0 0 0
1360	00d.ma	412	395	136	8	239	214	385.04877323492	 29211	 21929 0  51139  0  0 0 1 0 0 0
1361	00d.ma	412	395	191	63	261	276	428.87214972556	 31600	 37133 0  68732  0  0 0 1 0 0 0
1362	00d.ma	412	395	214	8	300	209	489.54119728377	 35133	 37150 0  72278  0  0 0 1 0 0 0
1363	00d.ma	412	395	348	339	15	222	484.7005768503	 36501	 16767 0  53081  0  0 0 0 0 1 0
1364	00d.ma	412	395	66	247	347	387	486.671139598741	 16841	 34249 0  51086  0  0 0 1 0 0 0
1365	00d.ma	412	395	388	204	104	43	510.646752981281	 24307	 41153 0  65457  0  0 0 1 0 0 0
1366	00d.ma	412	395	188	301	13	127	390.93102422868	 15116	 22783 0  37462  0  0 0 1 0 0 0
1367	00d.ma	412	395	361	361	53	258	484.026478657991	 35481	 14638 0  49951  0  0 0 0 0 1 0
1368	00d.ma	412	395	307	284	151	61	458.87214972556	 40405	 37922 0  77898  0  0 0 0 0 1 0
1369	00d.ma	412	395	137	21	225	240	385.04877323492	 29602	 23568 0  52837  0  0 0 0 1 0 0
1370	00d.ma	412	395	84	261	178	378	408.54624791787	 15531	 21733 0  37261  0  0 0 1 0 0 0
1371	00d.ma	412	395	322	7	169	249	515.35743109978	 28319	 33320 0  61638  0  0 0 1 0 0 0
1372	00d.ma	412	395	28	226	355	356	489.943217537411	 16789	 35921 0  52586  0  0 0 0 0 1 0
1373	00d.ma	412	395	130	148	194	355	386.46298679729	 18979	 22777 0  41737  0  0 0 1 0 0 0
1374	00d.ma	412	395	123	31	353	224	512.445742854461	 42981	 26286 0  69265  0  0 0 1 0 0 0
1375	00d.ma	412	395	368	358	126	166	464.60007178689	 35761	 14413 0  50154  0  0 0 1 0 0 0
1376	00d.ma	412	395	211	267	24	61	390.68838354157	 14266	 26112 0  40377  0  0 0 1 0 0 0
1377	00d.ma	412	395	365	195	161	31	517.043722600821	 29926	 40938 0  70624  0  0 0 0 0 1 0
1378	00d.ma	412	395	126	13	370	162	514.362481733881	 40197	 25888 0  66084  0  0 0 1 0 0 0
1379	00d.ma	412	395	293	252	208	97	464.558441226601	 46991	 34584 0  81574  0  0 0 1 0 0 0
1380	00d.ma	412	395	190	107	255	179	385.85995641683	 31109	 33120 0  64227  0  0 0 0 1 0 0
1381	00d.ma	412	395	228	358	57	189	399.906637611221	 22380	 16810 0  39189  0  0 0 1 0 0 0
1382	00d.ma	412	395	303	383	45	242	463.90158697712	 33402	 15154 0  48555  0  0 0 0 1 0 0
1383	00d.ma	412	395	223	222	87	20	363.07821048648	 14791	 27006 0  41494  0  0 0 0 0 1 0
1384	00d.ma	412	395	150	67	197	282	393.88939366839	 31120	 28110 0  58681  0  0 0 0 0 1 0
1385	00d.ma	412	395	48	18	223	222	376.26197667047	 26050	 12398 0  38432  0  0 0 1 0 0 0
1386	00d.ma	412	395	259	225	250	91	444.78888860498	 45405	 30887 0  76291  0  0 0 1 0 0 0
1387	00d.ma	412	395	168	242	356	60	520.81832585654	 38283	 26195 0  64441  0  0 0 1 0 0 0
1388	00d.ma	412	395	372	204	127	23	521.688383541571	 26955	 41877 0  68475  0  0 0 0 0 1 0
1389	00d.ma	412	395	361	141	225	60	520.546247917871	 33294	 37067 0  70360  0  0 0 1 0 0 0
1390	00d.ma	412	395	281	147	285	14	519.60007178689	 37185	 33589 0  70773  0  0 0 1 0 0 0
1391	00d.ma	412	395	20	201	366	337	489.126983721401	 17840	 36933 0  54562  0  0 0 0 0 1 0
1392	00d.ma	412	395	223	114	264	250	442.67113959874	 30434	 48284 0  78715  0  0 0 1 0 0 0
1393	00d.ma	412	395	282	145	306	67	522.132034355501	 43538	 32627 0  76164  0  0 0 1 0 0 0
1394	00d.ma	412	395	274	88	279	75	518.700576850301	 37220	 36459 0  73678  0  0 0 1 0 0 0
1395	00d.ma	412	395	219	278	35	59	395.81832585654	 16342	 27052 0  43393  0  0 0 0 1 0 0
1396	00d.ma	412	395	231	377	48	252	419.26197667047	 24953	 13768 0  38720  0  0 0 1 0 0 0
1397	00d.ma	412	395	81	121	331	337	472.01428534926	 21506	 39485 0  60987  0  0 0 1 0 0 0
1398	00d.ma	412	395	359	233	189	77	522.25692603637	 31627	 41412 0  73031  0  0 0 1 0 0 0
1399	00d.ma	412	395	189	304	94	77	396.77669529625	 20758	 32827 0  53198  0  0 0 1 0 0 0
1400	00d.ma	412	395	111	137	210	376	396.35028842515	 18259	 20825 0  39082  0  0 0 1 0 0 0
1401	00d.ma	412	395	43	111	303	340	473.2741699792	 28699	 36643 0  65020  0  0 0 0 0 1 0
1402	00d.ma	412	395	345	341	102	98	479.48737341475	 38605	 26389 0  64990  0  0 0 1 0 0 0
1403	00d.ma	412	395	216	377	50	153	407.5634918607	 18030	 18782 0  36804  0  0 0 1 0 0 0
1404	00d.ma	412	395	112	78	307	329	475.060966543651	 35381	 41397 0  76775  0  0 0 1 0 0 0
1405	00d.ma	412	395	135	283	303	92	528.872149725561	 31280	 31953 0  63232  0  0 0 1 0 0 0
1406	00d.ma	412	395	297	42	278	173	528.35743109978	 33370	 44447 0  77787  0  0 0 1 0 0 0
1407	00d.ma	412	395	66	99	191	315	399.85995641683	 28696	 20693 0  49055  0  0 0 0 0 1 0
1408	00d.ma	412	395	65	9	330	217	526.00209204053	 41716	 26314 0  67670  0  0 0 0 0 1 0
1409	00d.ma	412	395	150	383	80	259	424.80108191371	 20316	 16964 0  36994  0  0 0 0 0 1 0
1410	00d.ma	412	395	366	311	14	123	481.06810921828	 30791	 21312 0  51591  0  0 0 0 0 1 0
1411	00d.ma	412	395	242	311	172	73	432.03152929209	 33823	 31996 0  65815  0  0 0 1 0 0 0
1412	00d.ma	412	395	154	155	382	160	532.78888860498	 51403	 16567 0  67645  0  0 0 0 0 1 0
1413	00d.ma	412	395	378	192	131	18	529.374675042611	 27443	 41803 0  68876  0  0 0 0 0 0 1
1414	00d.ma	412	395	388	377	114	156	479.055915909551	 31281	 15298 0  46576  0  0 0 1 0 0 0
1415	00d.ma	412	395	60	42	243	156	373.96046148024	 29023	 10486 0  39506  0  0 0 1 0 0 0
1416	00d.ma	412	395	124	151	377	371	481.742207410591	 16369	 34487 0  50852  0  0 0 1 0 0 0
1417	00d.ma	412	395	67	205	334	386	499.62950903845	 19347	 36005 0  55348  0  0 0 1 0 0 0
1418	00d.ma	412	395	184	57	364	228	526.71277015903	 41416	 30657 0  72072  0  0 0 1 0 0 0
1419	00d.ma	412	395	202	66	236	277	428.44574285446	 32265	 40480 0  72253  0  0 0 0 0 1 0
1420	00d.ma	412	395	114	7	292	272	480.36248173388	 37453	 32636 0  70087  0  0 0 1 0 0 0
1421	00d.ma	412	395	355	356	60	122	487.055915909551	 35788	 22713 0  58140  0  0 0 0 0 0 1
1422	00d.ma	412	395	20	73	324	301	484.783837970881	 31812	 33478 0  65288  0  0 0 1 0 0 0
1423	00d.ma	412	395	61	268	246	390	432.10259710394	 12922	 28090 0  41009  0  0 0 1 0 0 0
1424	00d.ma	412	395	216	272	26	43	410.78888860498	 16525	 27535 0  43657  0  0 0 0 0 1 0
1425	00d.ma	412	395	193	81	244	298	437.54624791787	 31797	 40094 0  71890  0  0 0 0 1 0 0
1426	00d.ma	412	395	223	24	239	217	415.11479041267	 31470	 32981 0  64446  0  0 0 1 0 0 0
1427	00d.ma	412	395	203	342	80	113	409.30360723076	 23027	 21530 0  44553  0  0 0 1 0 0 0
1428	00d.ma	412	395	230	241	223	49	418.00209204053	 37338	 31635 0  68769  0  0 0 0 1 0 0
1429	00d.ma	412	395	238	294	73	39	432.23253941891	 24220	 33135 0  57354  0  0 0 0 1 0 0
1430	00d.ma	412	395	50	120	174	340	409.24473272764	 25103	 17293 0  42395  0  0 0 1 0 0 0
1431	00d.ma	412	395	195	7	248	201	414.10259710394	 32377	 28610 0  60987  0  1 0 0 0 0 0
1432	00d.ma	412	395	251	242	233	27	446.81327522244	 38397	 31997 0  70393  0  0 0 1 0 0 0
1433	00d.ma	412	395	187	355	42	131	414.68838354157	 17168	 22624 0  39790  0  0 0 1 0 0 0
1434	00d.ma	412	395	133	33	286	300	458.4163056029	 35085	 32812 0  67895  0  0 0 1 0 0 0
1435	00d.ma	412	395	308	86	266	99	536.28636328793	 32764	 42418 0  75179  0  0 0 1 0 0 0
1436	00d.ma	412	395	42	19	282	279	486.943217537411	 36761	 28429 0  65188  0  0 0 0 1 0 0
1437	00d.ma	412	395	247	195	207	17	409.73001410186	 28910	 32445 0  61355  0  1 0 0 0 0 0
1438	00d.ma	412	395	169	51	286	304	457.57063453533	 33462	 37951 0  71412  0  0 0 1 0 0 0
1439	00d.ma	412	395	228	59	284	258	489.315800539491	 36196	 46443 0  82634  0  0 0 1 0 0 0
1440	00d.ma	412	395	242	185	160	10	394.74725804469	 22728	 33177 0  55905  0  1 0 0 0 0 0
1441	00d.ma	412	395	176	109	280	302	463.842712474	 31457	 47317 0  78238  0  0 0 0 0 1 0
1442	00d.ma	412	395	213	142	387	86	542.1320343555	 46475	 23154 0  69625  0  0 0 1 0 0 0
1443	00d.ma	412	395	53	156	150	373	426.65894629001	 23488	 15806 0  39293  0  0 0 1 0 0 0
1444	00d.ma	412	395	170	167	367	149	543.85995641683	 65509	 17120 0  82617  0  0 0 1 0 0 0
1445	00d.ma	412	395	123	146	147	368	413.93102422868	 24125	 18919 0  42703  0  0 0 0 0 1 0
1446	00d.ma	412	395	198	277	182	61	413.58787847816	 33811	 32767 0  66577  0  0 0 1 0 0 0
1447	00d.ma	412	395	235	293	42	33	439.71782079313	 20970	 31327 0  52296  0  0 0 1 0 0 0
1448	00d.ma	412	395	227	36	326	236	511.984848097701	 35569	 44412 0  79604  0  0 0 0 0 1 0
1449	00d.ma	412	395	58	195	381	373	513.097546469841	 19511	 36041 0  55521  0  0 0 1 0 0 0
1450	00d.ma	412	395	50	26	280	292	463.97265478897	 32320	 26709 0  59028  0  0 0 1 0 0 0
1451	00d.ma	412	395	150	361	26	214	443.90158697712	 19004	 20373 0  39375  0  0 0 1 0 0 0
1452	00d.ma	412	395	317	83	266	183	548.00209204053	 32482	 53233 0  85686  0  0 0 1 0 0 0
1453	00d.ma	412	395	258	310	60	34	461.102597103941	 25996	 34730 0  60156  0  0 0 0 0 1 0
1454	00d.ma	412	395	169	83	212	309	418.74725804469	 31359	 37438 0  68408  0  0 0 0 1 0 0
1455	00d.ma	412	395	56	29	274	304	465.07315985238	 33016	 26474 0  59489  0  0 0 1 0 0 0
1456	00d.ma	412	395	124	100	178	344	419.9898987318	 30931	 24239 0  54854  0  0 0 0 0 1 0
1457	00d.ma	412	395	366	226	77	25	537.48737341475	 25318	 43583 0  68900  0  0 0 1 0 0 0
1458	00d.ma	412	395	375	359	92	121	490.327993848221	 35281	 19693 0  54496  0  0 0 0 0 1 0
1459	00d.ma	412	395	28	171	211	383	430.178715549891	 18312	 18324 0  36634  0  0 0 1 0 0 0
1460	00d.ma	412	395	145	118	237	358	415.9898987318	 19337	 33073 0  52406  0  0 0 1 0 0 0
1461	00d.ma	412	395	301	299	176	44	479.81327522244	 41514	 36839 0  78352  0  0 0 1 0 0 0
1462	00d.ma	412	395	27	83	306	331	498.570634535331	 32991	 38592 0  71157  0  0 0 0 0 1 0
1463	00d.ma	412	395	171	20	385	192	550.94321753741	 41350	 30523 0  71872  0  0 0 1 0 0 0
1464	00d.ma	412	395	37	130	255	361	428.58787847816	 20324	 20528 0  40850  0  0 0 1 0 0 0
1465	00d.ma	412	395	212	88	208	187	352.60512242099	 27614	 27553 0  55166  0  0 0 0 1 0 0
1466	00d.ma	412	395	264	22	278	221	501.156420972961	 33291	 43791 0  77078  0  0 0 1 0 0 0
1467	00d.ma	412	395	260	359	15	183	435.333044482321	 22184	 17691 0  39459  0  0 0 0 0 0 1
1468	00d.ma	412	395	344	309	122	48	501.215295476081	 41492	 38875 0  80365  0  0 0 1 0 0 0
1469	00d.ma	412	395	160	382	46	203	447.07315985238	 19355	 20749 0  40103  0  0 0 1 0 0 0
1470	00d.ma	412	395	144	119	172	353	420.75945135342	 26294	 25608 0  51440  0  0 0 0 0 1 0
1471	00d.ma	412	395	251	24	347	126	556.014285349261	 38283	 35574 0  73853  0  0 0 1 0 0 0
1472	00d.ma	412	395	270	213	285	38	511.77164466215	 46686	 32888 0  79573  0  0 0 1 0 0 0
1473	00d.ma	412	395	35	103	155	327	427.32799384822	 29100	 16787 0  45643  0  0 0 0 0 1 0
1474	00d.ma	412	395	315	16	136	289	558.29855659666	 32431	 29404 0  61830  0  0 0 1 0 0 0
1475	00d.ma	412	395	318	250	241	89	510.114790412671	 51379	 34147 0  85525  0  0 0 1 0 0 0
1476	00d.ma	412	395	371	208	212	37	552.92597359458	 34421	 40415 0  74245  0  0 0 0 0 1 0
1477	00d.ma	412	395	187	301	89	45	428.676190232841	 22506	 35619 0  58124  0  0 0 1 0 0 0
1478	00d.ma	412	395	100	75	213	348	430.35028842515	 31595	 25380 0  56556  0  0 0 0 0 1 0
1479	00d.ma	412	395	251	285	214	46	462.94321753741	 42635	 34369 0  77001  0  0 0 1 0 0 0
1480	00d.ma	412	395	123	119	190	376	427.60512242099	 25435	 23132 0  48565  0  0 0 1 0 0 0
1481	00d.ma	412	395	194	302	30	63	430.73001410186	 19252	 31121 0  49966  0  0 0 0 0 0 1
1482	00d.ma	412	395	362	359	10	156	518.327993848221	 37144	 22478 0  59621  0  0 0 1 0 0 0
1483	00d.ma	412	395	84	122	228	365	430.50461735758	 19888	 27134 0  47021  0  0 0 1 0 0 0
1484	00d.ma	412	395	332	31	273	123	559.01428534926	 31224	 40943 0  72166  0  0 0 1 0 0 0
1485	00d.ma	412	395	67	96	328	356	508.08535316111	 33339	 40102 0  73436  0  0 0 1 0 0 0
1486	00d.ma	412	395	126	15	268	315	479.303607230761	 36517	 31505 0  68016  0  0 0 1 0 0 0
1487	00d.ma	412	395	252	126	357	49	556.5584412266	 42810	 27793 0  70590  0  0 0 1 0 0 0
1488	00d.ma	412	395	284	209	281	84	525.629509038451	 53493	 32755 0  86246  0  0 0 1 0 0 0
1489	00d.ma	412	395	286	123	328	50	560.14422766423	 42862	 32180 0  75041  0  0 0 1 0 0 0
1490	00d.ma	412	395	223	304	102	19	447.078210486481	 25571	 33896 0  59466  0  0 0 1 0 0 0
1491	00d.ma	412	395	112	57	185	325	436.11984104677	 36829	 25450 0  61794  0  0 0 1 0 0 0
1492	00d.ma	412	395	363	311	21	70	513.52395334094	 34199	 30931 0  64456  0  0 0 1 0 0 0
1493	00d.ma	412	395	318	285	216	90	513.014285349261	 51159	 37112 0  88270  0  0 0 1 0 0 0
1494	00d.ma	412	395	221	49	265	293	482.49956672348	 34783	 45234 0  80013  0  0 0 1 0 0 0
1495	00d.ma	412	395	80	68	289	339	491.504617357581	 38831	 40242 0  79069  0  0 0 1 0 0 0
1496	00d.ma	412	395	169	341	130	86	437.20310216735	 25674	 34852 0  60523  0  0 0 1 0 0 0
1497	00d.ma	412	395	282	10	322	128	564.64170234718	 35997	 38478 0  74474  0  0 0 1 0 0 0
1498	00d.ma	412	395	211	57	330	279	513.198051533251	 36843	 49633 0  86475  0  0 0 1 0 0 0
1499	00d.ma	412	395	295	87	318	173	562.04372260082	 34397	 52326 0  86720  0  0 0 1 0 0 0
1500	00d.ma	412	395	291	390	47	126	466.49956672348	 26482	 21175 0  47020  0  0 0 0 0 1 0
1501	00d.ma	412	395	316	285	171	16	517.913780285851	 45987	 40263 0  86249  0  0 0 1 0 0 0
1502	00d.ma	412	395	329	44	132	294	567.35743109978	 31878	 30683 0  62559  0  0 0 1 0 0 0
1503	00d.ma	412	395	261	393	33	183	451.747258044691	 21383	 17858 0  39239  0  0 0 0 1 0 0
1504	00d.ma	412	395	258	190	231	3	448.49956672348	 32051	 32698 0  64503  0  0 0 0 1 0 0
1505	00d.ma	412	395	145	365	110	108	440.85995641683	 18923	 31247 0  50167  0  0 0 1 0 0 0
1506	00d.ma	412	395	296	377	18	137	487.87214972556	 30540	 22063 0  52199  0  0 0 0 0 1 0
1507	00d.ma	412	395	351	357	11	118	524.75440071932	 37526	 25754 0  63042  0  0 0 1 0 0 0
1508	00d.ma	412	395	93	77	364	347	518.08535316111	 33179	 39509 0  72231  0  0 0 0 0 1 0
1509	00d.ma	412	395	226	158	84	13	385.63455967255	 11807	 30719 0  42132  0  1 0 0 0 0 0
1510	00d.ma	412	395	204	51	289	305	487.19805153325	 35410	 44684 0  79789  0  0 0 0 0 1 0
1511	00d.ma	412	395	103	14	307	304	516.960461480241	 42280	 41825 0  84104  0  0 0 1 0 0 0
1512	00d.ma	412	395	34	41	346	305	524.097546469841	 35769	 36713 0  71838  0  0 0 0 0 1 0
1513	00d.ma	412	395	321	371	133	85	519.34523779105	 42003	 37732 0  79728  0  0 0 1 0 0 0
1514	00d.ma	412	395	281	29	289	221	525.671139598741	 33010	 47505 0  80514  0  0 0 1 0 0 0
1515	00d.ma	412	395	217	253	235	33	445.73001410186	 39859	 32631 0  72489  0  0 0 1 0 0 0
1516	00d.ma	412	395	194	297	62	34	443.96046148024	 22097	 34395 0  56491  0  0 0 1 0 0 0
1517	00d.ma	412	395	202	290	200	53	445.65894629001	 40583	 34431 0  75013  0  0 0 0 1 0 0
1518	00d.ma	412	395	163	359	23	149	452.71782079313	 18996	 24141 0  43135  0  0 0 1 0 0 0
1519	00d.ma	412	395	267	9	344	160	572.055915909551	 36504	 39116 0  75618  0  0 0 1 0 0 0
1520	00d.ma	412	395	255	93	222	202	404.67619023284	 28267	 39689 0  67954  0  0 0 1 0 0 0
1521	00d.ma	412	395	300	360	72	79	505.274169979201	 39718	 35450 0  75150  0  0 0 1 0 0 0
1522	00d.ma	412	395	72	18	275	319	489.830519165271	 36177	 28518 0  64694  0  0 0 1 0 0 0
1523	00d.ma	412	395	57	73	241	343	448.47518010602	 31026	 25833 0  56842  0  0 0 1 0 0 0
1524	00d.ma	412	395	282	40	320	187	567.54119728377	 36436	 48792 0  85225  0  0 0 1 0 0 0
1525	00d.ma	412	395	344	315	178	54	524.4112549688	 48658	 39177 0  87709  0  0 0 1 0 0 0
1526	00d.ma	412	395	197	370	12	137	453.88939366839	 18972	 22200 0  41170  0  0 0 1 0 0 0
1527	00d.ma	412	395	177	24	258	318	490.286363287931	 37343	 37998 0  74837  0  0 0 0 0 1 0
1528	00d.ma	412	395	211	31	291	297	502.34018715695	 35814	 45177 0  80616  0  0 0 0 1 0 0
1529	00d.ma	412	395	12	227	253	393	470.8477631081	 15672	 25389 0  41059  0  0 0 1 0 0 0
1530	00d.ma	412	395	214	278	226	93	448.06096654365	 48470	 32488 0  80952  0  0 0 1 0 0 0
1531	00d.ma	412	395	10	64	165	306	454.47012947192	 31898	 17272 0  48687  0  0 0 0 0 1 0
1532	00d.ma	412	395	306	371	107	66	512.57568516943	 40607	 36941 0  77545  0  0 0 1 0 0 0
1533	00d.ma	412	395	236	5	252	181	448.15642097296	 32775	 31468 0  64242  0  0 0 1 0 0 0
1534	00d.ma	412	395	346	319	25	51	531.82546853117	 38734	 35893 0  74101  0  0 0 0 0 1 0
1535	00d.ma	412	395	237	325	46	58	452.81832585654	 23554	 33834 0  56812  0  0 0 0 0 0 1
1536	00d.ma	412	395	14	97	266	340	471.65894629001	 26631	 26883 0  53513  0  0 0 1 0 0 0
1537	00d.ma	412	395	240	111	254	165	440.5584412266	 32690	 40442 0  73131  0  0 0 1 0 0 0
1538	00d.ma	412	395	217	384	95	91	450.76450198752	 25716	 28253 0  53544  0  0 0 0 0 1 0
1539	00d.ma	412	395	229	326	65	51	449.333044482321	 25841	 35116 0  60328  0  0 0 0 0 1 0
1540	00d.ma	412	395	255	351	98	74	449.019335983361	 33485	 29901 0  63384  0  0 0 1 0 0 0
1541	00d.ma	412	395	157	352	137	87	455.07315985238	 26025	 36155 0  62177  0  0 0 1 0 0 0
1542	00d.ma	412	395	335	309	182	37	533.34018715695	 49457	 40687 0  89901  0  0 0 0 0 0 1
1543	00d.ma	412	395	369	227	188	5	580.85490578273	 32159	 43355 0  75225  0  0 0 1 0 0 0
1544	00d.ma	412	395	90	89	219	383	453.83556979937	 28710	 26061 0  54358  0  0 0 0 0 1 0
1545	00d.ma	412	395	189	19	311	297	532.29855659666	 40750	 49629 0  90378  0  0 0 1 0 0 0
1546	00d.ma	412	395	366	376	14	139	540.75440071932	 36979	 24712 0  61435  0  0 0 0 0 1 0
1547	00d.ma	412	395	336	301	207	99	531.19805153325	 50745	 37797 0  88530  0  0 0 1 0 0 0
1548	00d.ma	412	395	35	91	182	358	459.14422766423	 29671	 20133 0  49578  0  0 0 0 0 1 0
1549	00d.ma	412	395	338	77	312	142	583.71782079313	 32369	 51412 0  83777  0  0 0 1 0 0 0
1550	00d.ma	412	395	100	51	202	345	455.906637611221	 37092	 26399 0  63489  0  0 0 1 0 0 0
1551	00d.ma	412	395	260	179	254	49	455.58787847816	 37191	 33264 0  70452  0  0 0 1 0 0 0
1552	00d.ma	412	395	271	278	264	66	505.943217537411	 50713	 32982 0  83692  0  0 0 1 0 0 0
1553	00d.ma	412	395	283	380	97	81	482.44574285446	 36142	 28993 0  64683  0  0 0 1 0 0 0
1554	00d.ma	412	395	326	359	149	67	535.94321753741	 45165	 43223 0  88352  0  0 0 1 0 0 0
1555	00d.ma	412	395	193	62	350	314	536.4112549688	 38639	 49272 0  87910  0  0 0 1 0 0 0
1556	00d.ma	412	395	144	24	343	313	537.91378028585	 42390	 47351 0  89737  0  0 0 1 0 0 0
1557	00d.ma	412	395	160	332	45	67	462.11479041267	 21113	 34566 0  55244  0  1 0 0 0 0 0
1558	00d.ma	412	395	101	91	149	369	461.44574285446	 34733	 19875 0  54605  0  0 0 1 0 0 0
1559	00d.ma	412	395	173	334	62	64	459.658946290011	 23426	 35904 0  58888  0  1 0 0 0 0 0
1560	00d.ma	412	395	334	322	14	47	538.4112549688	 40069	 36284 0  75865  0  0 0 0 0 1 0
1561	00d.ma	412	395	92	111	273	381	477.7005768503	 20401	 35603 0  56003  0  0 0 1 0 0 0
1562	00d.ma	412	395	68	84	337	374	542.22748878481	 37044	 40335 0  77360  0  0 0 1 0 0 0
1563	00d.ma	412	395	212	357	78	61	462.877200359661	 26446	 35356 0  61417  0  0 0 0 0 1 0
1564	00d.ma	412	395	83	86	234	380	462.948268171511	 30051	 28627 0  58326  0  0 0 0 0 1 0
1565	00d.ma	412	395	64	102	343	389	540.055915909551	 32643	 37597 0  69860  0  0 0 1 0 0 0
1566	00d.ma	412	395	227	353	154	64	464.575685169431	 37054	 34876 0  71573  0  0 0 0 0 0 1
1567	00d.ma	412	395	216	328	128	27	462.906637611221	 34321	 35923 0  70243  0  0 0 1 0 0 0
1568	00d.ma	412	395	220	7	365	225	587.28131265383	 42025	 34120 0  76143  0  0 0 1 0 0 0
1569	00d.ma	412	395	265	16	302	248	541.58282784406	 34371	 48628 0  82994  0  0 0 1 0 0 0
1570	00d.ma	412	395	269	98	359	88	590.35743109978	 48333	 29541 0  77873  0  0 0 1 0 0 0
1571	00d.ma	412	395	248	156	245	111	443.28636328793	 39614	 32941 0  72048  0  0 0 0 1 0 0
1572	00d.ma	412	395	329	303	195	23	544.23968209354	 49894	 40360 0  90238  0  0 0 1 0 0 0
1573	00d.ma	412	395	350	142	308	86	595.44574285446	 49168	 34795 0  83721  0  0 0 0 0 1 0
1574	00d.ma	412	395	356	329	14	54	547.52395334094	 39305	 35432 0  74250  0  0 0 0 0 1 0
1575	00d.ma	412	395	302	216	317	75	563.48737341475	 55249	 32253 0  87501  0  0 0 1 0 0 0
1576	00d.ma	412	395	346	380	91	75	546.45793616319	 39945	 38469 0  77862  0  0 0 0 1 0 0
1577	00d.ma	412	395	193	76	197	325	466.20310216735	 36599	 41423 0  78021  0  0 0 1 0 0 0
1578	00d.ma	412	395	365	69	283	174	594.97265478897	 29685	 54547 0  84231  0  0 0 1 0 0 0
1579	00d.ma	412	395	269	233	317	59	530.07315985238	 52318	 30851 0  83146  0  0 0 1 0 0 0
1580	00d.ma	412	395	168	301	193	56	466.600071786891	 37025	 39447 0  76066  0  0 0 0 0 1 0
1581	00d.ma	412	395	172	45	361	328	550.96760415487	 40390	 48157 0  88546  0  0 0 1 0 0 0
1582	00d.ma	412	395	330	345	48	42	550.67113959874	 43027	 39801 0  82825  0  0 0 1 0 0 0
1583	00d.ma	412	395	317	300	200	10	551.34018715695	 50593	 40543 0  90897  0  0 0 0 0 1 0
1584	00d.ma	412	395	244	33	315	279	549.92597359458	 36535	 51604 0  88138  0  0 0 1 0 0 0
1585	00d.ma	412	395	216	277	229	15	472.77164466215	 42605	 34690 0  76878  0  0 0 0 0 1 0
1586	00d.ma	412	395	297	331	164	33	543.61731572972	 49801	 46310 0  96097  0  0 0 1 0 0 0
1587	00d.ma	412	395	251	13	326	260	555.45288552909	 35245	 50041 0  85067  0  0 0 0 0 1 0
1588	00d.ma	412	395	137	373	87	121	471.32799384822	 21109	 26568 0  47676  0  0 0 1 0 0 0
1589	00d.ma	412	395	199	321	187	40	474.386868351341	 41299	 36767 0  78065  0  0 0 1 0 0 0
1590	00d.ma	412	395	186	340	121	38	473.433549545731	 29393	 38802 0  67815  0  0 0 0 0 1 0
1591	00d.ma	412	395	193	382	27	99	476.83051916527	 19963	 27525 0  47487  0  0 0 1 0 0 0
1592	00d.ma	412	395	269	14	218	229	463.77164466215	 31472	 38877 0  70345  0  0 0 1 0 0 0
1593	00d.ma	412	395	332	356	11	64	555.82546853117	 40866	 34937 0  75799  0  0 0 1 0 0 0
1594	00d.ma	412	395	280	74	343	216	598.08535316111	 38442	 47831 0  86270  0  0 0 1 0 0 0
1595	00d.ma	412	395	204	358	158	61	476.30360723076	 35985	 37544 0  73527  0  0 0 1 0 0 0
1596	00d.ma	412	395	230	177	268	69	432.1320343555	 37390	 31753 0  69142  0  0 0 1 0 0 0
1597	00d.ma	412	395	190	78	298	349	537.75945135342	 44143	 48395 0  92500  0  0 0 1 0 0 0
1598	00d.ma	412	395	104	50	254	358	476.534054609141	 36432	 35933 0  71926  0  0 0 0 0 1 0
1599	00d.ma	412	395	320	328	140	14	551.73001410186	 49201	 45089 0  94288  0  0 0 1 0 0 0
1600	00d.ma	412	395	302	135	363	64	601.20310216735	 49819	 30609 0  80426  0  0 0 1 0 0 0
1601	00d.ma	412	395	250	21	262	295	523.85490578273	 34993	 48035 0  83027  0  0 0 1 0 0 0
1602	00d.ma	412	395	59	51	255	334	478.646752981281	 36839	 32834 0  68986  0  0 0 0 0 0 1
1603	00d.ma	412	395	161	48	209	349	479.475180106021	 37618	 37823 0  75065  0  0 0 0 1 0 0
1604	00d.ma	412	395	339	233	256	16	604.48232278065	 40008	 41254 0  80791  0  0 0 0 0 1 0
1605	00d.ma	412	395	336	361	126	42	557.5584412266	 45291	 45004 0  90292  0  0 0 1 0 0 0
1606	00d.ma	412	395	344	387	59	80	558.39906166007	 39015	 36806 0  75531  0  0 0 1 0 0 0
1607	00d.ma	412	395	198	356	50	53	482.30360723076	 24568	 35195 0  59307  0  0 0 0 1 0 0
1608	00d.ma	412	395	117	12	353	327	556.87214972556	 42884	 45413 0  88295  0  0 0 1 0 0 0
1609	00d.ma	412	395	193	387	26	99	482.83051916527	 19966	 27602 0  47561  0  0 0 1 0 0 0
1610	00d.ma	412	395	201	80	206	335	478.818325856541	 36541	 43319 0  79843  0  0 0 1 0 0 0
1611	00d.ma	412	395	197	65	188	332	485.487373414751	 39223	 41302 0  80522  0  0 0 1 0 0 0
1612	00d.ma	412	395	55	85	161	379	486.5584412266	 33806	 20156 0  53954  0  0 0 1 0 0 0
1613	00d.ma	412	395	21	56	161	335	485.641702347181	 34120	 21309 0  55062  0  0 0 0 0 1 0
1614	00d.ma	412	395	269	34	257	286	526.39906166007	 33563	 50693 0  84252  0  0 0 1 0 0 0
1615	00d.ma	412	395	286	44	290	259	557.01428534926	 34440	 52934 0  87371  0  0 0 1 0 0 0
1616	00d.ma	412	395	54	7	329	323	560.77164466215	 42506	 42708 0  85006  0  0 0 1 0 0 0
1617	00d.ma	412	395	165	77	158	355	483.94321753741	 40146	 32762 0  72563  0  0 0 0 0 1 0
1618	00d.ma	412	395	282	28	286	261	559.9848480977	 35120	 52344 0  87187  0  0 0 0 0 1 0
1619	00d.ma	412	395	255	262	291	49	517.35743109978	 51905	 31715 0  83619  0  0 0 1 0 0 0
1620	00d.ma	412	395	23	91	355	383	560.96760415487	 32074	 37873 0  69946  0  0 0 1 0 0 0
1621	00d.ma	412	395	170	340	122	31	487.475180106021	 28852	 39401 0  68252  0  0 0 1 0 0 0
1622	00d.ma	412	395	37	42	261	330	498.617315729721	 36814	 33572 0  69683  0  0 0 0 0 1 0
1623	00d.ma	412	395	255	211	303	111	515.00209204053	 58271	 29448 0  87704  0  0 0 1 0 0 0
1624	00d.ma	412	395	195	361	14	66	490.45793616319	 21922	 31032 0  52950  0  0 0 1 0 0 0
1625	00d.ma	412	395	205	83	163	321	487.043722600821	 40420	 40143 0  80562  0  0 0 1 0 0 0
1626	00d.ma	412	395	63	68	218	385	488.190908858621	 32786	 27009 0  59793  0  0 0 1 0 0 0
1627	00d.ma	412	395	174	49	241	345	485.658946290011	 37292	 41414 0  78117  0  0 0 0 0 0 1
1628	00d.ma	412	395	136	34	169	337	487.688383541571	 40019	 31259 0  70793  0  0 0 1 0 0 0
1629	00d.ma	412	395	91	48	198	370	489.291413922031	 38216	 27714 0  65549  0  0 0 0 0 1 0
1630	00d.ma	412	395	115	35	261	355	495.261976670471	 39460	 39154 0  77996  0  0 0 0 0 1 0
1631	00d.ma	412	395	359	326	207	57	568.21024484198	 49679	 39418 0  89084  0  0 0 1 0 0 0
1632	00d.ma	412	395	225	296	247	25	506.52900397504	 46518	 35543 0  81722  0  0 0 0 0 1 0
1633	00d.ma	412	395	213	110	356	317	570.38181771724	 38162	 50715 0  88876  0  0 0 1 0 0 0
1634	00d.ma	412	395	326	328	172	11	570.47012947192	 50372	 44100 0  94467  0  0 0 0 1 0 0
1635	00d.ma	412	395	127	43	187	362	492.50461735758	 39431	 31447 0  70623  0  0 0 1 0 0 0
1636	00d.ma	412	395	200	68	161	324	490.428498911631	 41546	 38880 0  79945  0  0 0 0 0 1 0
1637	00d.ma	412	395	40	51	340	368	572.1269837214	 38789	 42028 0  80566  0  0 0 0 0 1 0
1638	00d.ma	412	395	236	342	158	32	490.960461480241	 41168	 37707 0  78433  0  0 0 0 0 1 0
1639	00d.ma	412	395	160	77	168	370	489.80108191371	 38973	 32600 0  71171  0  0 0 0 0 1 0
1640	00d.ma	412	395	46	71	257	373	491.4163056029	 31353	 30703 0  61647  0  0 0 0 0 1 0
1641	00d.ma	412	395	146	67	179	378	495.68838354157	 38739	 32201 0  70626  0  0 0 0 0 1 0
1642	00d.ma	412	395	133	36	192	357	494.918830919951	 39477	 33593 0  72504  0  0 0 0 0 0 1
1643	00d.ma	412	395	319	258	297	59	574.57063453533	 53846	 33415 0  87256  0  0 0 1 0 0 0
1644	00d.ma	412	395	287	255	304	48	568.11479041267	 53772	 33588 0  87359  0  0 0 0 1 0 0
1645	00d.ma	412	395	170	320	91	6	495.374675042611	 27073	 36410 0  63481  0  0 0 1 0 0 0
1646	00d.ma	412	395	243	32	201	288	495.77164466215	 36504	 48430 0  84930  0  0 0 1 0 0 0
1647	00d.ma	412	395	191	91	291	361	539.62950903845	 42683	 47100 0  89762  0  0 0 1 0 0 0
1648	00d.ma	412	395	147	381	34	91	497.05591590955	 18322	 32093 0  50412  0  0 0 1 0 0 0
1649	00d.ma	412	395	239	329	147	16	494.747258044691	 41271	 38520 0  79787  0  0 0 1 0 0 0
1650	00d.ma	412	395	229	361	40	44	496.717820793131	 28055	 34642 0  61865  0  1 0 0 0 0 0
1651	00d.ma	412	395	219	255	297	80	498.54624791787	 54336	 30645 0  84979  0  0 0 1 0 0 0
1652	00d.ma	412	395	353	343	118	7	578.28636328793	 46748	 44542 0  91256  0  0 0 1 0 0 0
1653	00d.ma	412	395	95	10	293	350	555.16147160706	 45286	 46044 0  90992  0  0 0 0 0 1 0
1654	00d.ma	412	395	156	9	362	326	578.75440071932	 42808	 49113 0  91701  0  0 0 0 0 1 0
1655	00d.ma	412	395	346	338	77	14	571.25692603637	 45343	 44318 0  89304  0  0 0 0 0 1 0
1656	00d.ma	412	395	267	380	88	53	507.546247917871	 37049	 37446 0  74155  0  0 0 0 0 1 0
1657	00d.ma	412	395	270	240	334	88	554.7005768503	 58099	 30001 0  88087  0  0 0 1 0 0 0
1658	00d.ma	412	395	52	64	207	389	499.747258044691	 33664	 24600 0  57957  0  0 0 0 0 1 0
1659	00d.ma	412	395	210	355	155	33	497.575685169431	 38578	 38939 0  77017  0  0 0 1 0 0 0
1660	00d.ma	412	395	122	34	272	366	514.717820793131	 40759	 41335 0  81693  0  0 0 0 0 1 0
1661	00d.ma	412	395	251	192	322	78	506.303607230761	 48837	 29430 0  78261  0  0 0 1 0 0 0
1662	00d.ma	412	395	19	59	258	365	506.428498911631	 30929	 29702 0  59926  0  0 0 0 0 1 0
1663	00d.ma	412	395	172	24	344	344	581.51176003221	 44244	 49489 0  93727  0  0 0 1 0 0 0
1664	00d.ma	412	395	240	382	26	67	505.073159852381	 25219	 29910 0  55128  0  0 0 1 0 0 0
1665	00d.ma	412	395	76	28	275	352	528.06096654365	 41765	 42161 0  83673  0  0 0 0 0 1 0
1666	00d.ma	412	395	152	334	87	35	488.173664915791	 24178	 37976 0  62150  0  0 0 1 0 0 0
1667	00d.ma	412	395	185	94	330	378	580.91378028585	 45337	 46097 0  91431  0  0 0 1 0 0 0
1668	00d.ma	412	395	255	81	344	299	581.34018715695	 36068	 52139 0  88203  0  0 0 1 0 0 0
1669	00d.ma	412	395	279	374	29	55	526.32799384822	 35856	 33286 0  68713  0  0 0 0 0 1 0
1670	00d.ma	412	395	236	372	180	62	504.759451353421	 40343	 37857 0  77920  0  0 0 1 0 0 0
1671	00d.ma	412	395	252	170	294	93	496.487373414751	 47929	 31022 0  78942  0  0 0 1 0 0 0
1672	00d.ma	412	395	341	81	347	172	634.14422766423	 33822	 54260 0  88080  0  0 0 1 0 0 0
1673	00d.ma	412	395	281	214	366	75	592.31580053949	 57589	 29346 0  86934  0  0 0 1 0 0 0
1674	00d.ma	412	395	301	89	245	175	489.244732727641	 30393	 47003 0  77376  0  0 0 1 0 0 0
1675	00d.ma	412	395	208	187	278	44	431.03152929209	 35622	 29978 0  65598  0  0 0 1 0 0 0
1676	00d.ma	412	395	263	340	213	79	521.617315729721	 49099	 42090 0  90834  0  0 0 1 0 0 0
1677	00d.ma	412	395	285	36	226	279	522.5584412266	 32461	 52389 0  84845  0  0 0 1 0 0 0
1678	00d.ma	412	395	217	15	339	321	583.49451608938	 41202	 50446 0  91547  0  0 0 1 0 0 0
1679	00d.ma	412	395	316	10	235	230	518.22748878481	 29409	 45504 0  74912  0  0 0 1 0 0 0
1680	00d.ma	412	395	194	43	359	350	586.18080759042	 42652	 48427 0  91068  0  0 0 1 0 0 0
1681	00d.ma	412	395	181	364	140	34	511.374675042611	 33759	 41107 0  74865  0  0 0 1 0 0 0
1682	00d.ma	412	395	124	53	251	390	510.090403795211	 38072	 36631 0  74344  0  0 0 0 0 1 0
1683	00d.ma	412	395	203	366	191	58	510.173664915791	 40119	 39513 0  79626  0  0 0 1 0 0 0
1684	00d.ma	412	395	168	85	161	382	512.7005768503	 40388	 33647 0  74031  0  0 0 1 0 0 0
1685	00d.ma	412	395	273	224	367	69	582.00209204053	 57638	 28566 0  86203  0  0 0 1 0 0 0
1686	00d.ma	412	395	330	12	311	226	605.78383797088	 32469	 53480 0  85946  0  0 0 1 0 0 0
1687	00d.ma	412	395	261	51	249	317	539.043722600821	 35990	 51430 0  87155  0  0 0 0 0 1 0
1688	00d.ma	412	395	236	111	290	318	579.75945135342	 42777	 51605 0  94381  0  0 0 1 0 0 0
1689	00d.ma	412	395	289	383	131	37	539.48737341475	 42378	 40811 0  83183  0  0 0 1 0 0 0
1690	00d.ma	412	395	364	326	219	114	588.35238046568	 50543	 38266 0  88731  0  0 0 1 0 0 0
1691	00d.ma	412	395	252	380	133	44	513.232539418911	 38634	 39472 0  77728  0  0 0 1 0 0 0
1692	00d.ma	412	395	139	36	286	381	539.97265478897	 40939	 43127 0  84065  0  0 0 1 0 0 0
1693	00d.ma	412	395	249	69	211	320	514.303607230761	 37202	 51570 0  88600  0  0 0 0 0 1 0
1694	00d.ma	412	395	214	33	240	325	513.629509038451	 39226	 47584 0  86809  0  0 0 0 1 0 0
1695	00d.ma	412	395	369	346	165	21	593.381817717239	 48632	 43250 0  91867  0  0 0 1 0 0 0
1696	00d.ma	412	395	225	208	324	47	490.031529292091	 44887	 27791 0  72668  0  0 0 1 0 0 0
1697	00d.ma	412	395	298	356	203	31	574.29855659666	 50043	 45381 0  95385  0  0 0 1 0 0 0
1698	00d.ma	412	395	286	393	43	52	543.08535316111	 37444	 34682 0  71773  0  0 0 1 0 0 0
1699	00d.ma	412	395	148	24	333	371	593.42849891163	 48280	 47646 0  95675  0  0 0 0 0 1 0
1700	00d.ma	412	395	126	41	354	390	595.01428534926	 47495	 43148 0  90638  0  0 0 1 0 0 0
1701	00d.ma	412	395	39	48	177	375	519.5584412266	 35734	 23961 0  59428  0  0 0 0 0 1 0
1702	00d.ma	412	395	178	106	243	376	520.345237791051	 36604	 42199 0  78796  0  0 0 1 0 0 0
1703	00d.ma	412	395	290	372	178	38	554.39906166007	 46895	 44038 0  90921  0  0 0 1 0 0 0
1704	00d.ma	412	395	367	366	143	55	570.2691193451	 44312	 43840 0  88148  0  0 0 1 0 0 0
1705	00d.ma	412	395	92	44	150	376	518.75945135342	 39101	 23796 0  62891  0  0 0 1 0 0 0
1706	00d.ma	412	395	206	21	278	340	557.74220741059	 44067	 50873 0  94879  0  0 0 1 0 0 0
1707	00d.ma	412	395	186	11	237	336	517.972654788971	 38584	 46066 0  84648  0  0 0 1 0 0 0
1708	00d.ma	412	395	346	83	243	208	525.54624791787	 26979	 54120 0  81088  0  0 0 1 0 0 0
1709	00d.ma	412	395	362	337	217	45	595.423448277529	 49956	 40336 0  90289  0  0 0 1 0 0 0
1710	00d.ma	412	395	214	64	295	361	569.52900397504	 44285	 49611 0  93864  0  0 0 1 0 0 0
1711	00d.ma	412	395	246	151	287	48	490.114790412671	 38453	 32972 0  71422  0  0 0 1 0 0 0
1712	00d.ma	412	395	231	174	308	85	481.002092040531	 45552	 29251 0  74802  0  0 0 1 0 0 0
1713	00d.ma	412	395	250	90	173	313	523.629509038451	 37563	 49823 0  87314  0  0 0 1 0 0 0
1714	00d.ma	412	395	314	87	322	263	599.95541084614	 32849	 55750 0  88582  0  0 0 1 0 0 0
1715	00d.ma	412	395	323	16	356	191	649.99704140643	 35442	 49387 0  84828  0  0 0 0 1 0 0
1716	00d.ma	412	395	270	372	85	35	522.374675042611	 39502	 39867 0  79087  0  0 0 0 0 1 0
1717	00d.ma	412	395	289	211	384	79	619.5584412266	 58329	 28688 0  87014  0  0 0 1 0 0 0
1718	00d.ma	412	395	307	293	280	21	588.65389565591	 53172	 35215 0  88385  0  0 0 0 1 0 0
1719	00d.ma	412	395	98	11	235	370	525.462986797291	 39852	 37221 0  76689  0  0 0 0 0 1 0
1720	00d.ma	412	395	309	349	206	13	598.168614281689	 50686	 46163 0  96848  0  0 0 1 0 0 0
1721	00d.ma	412	395	314	280	309	56	606.81327522244	 54958	 34587 0  89542  0  0 0 1 0 0 0
1722	00d.ma	412	395	124	13	357	371	604.42849891163	 47330	 46201 0  93516  0  0 0 1 0 0 0
1723	00d.ma	412	395	260	391	121	35	531.57568516943	 38502	 41322 0  79468  0  0 0 0 0 1 0
1724	00d.ma	412	395	211	73	328	377	602.428498911629	 45557	 47898 0  93452  0  0 0 1 0 0 0
1725	00d.ma	412	395	339	77	252	268	565.14422766423	 30102	 57734 0  87834  0  0 0 1 0 0 0
1726	00d.ma	412	395	236	374	203	97	528.51681066631	 43549	 38475 0  82021  0  0 0 1 0 0 0
1727	00d.ma	412	395	208	361	51	6	529.747258044691	 29353	 37153 0  66505  0  0 0 1 0 0 0
1728	00d.ma	412	395	191	303	251	19	528.298556596661	 50536	 37855 0  88390  0  0 0 1 0 0 0
1729	00d.ma	412	395	270	337	209	16	554.74220741059	 51001	 43046 0  94046  0  0 0 1 0 0 0
1730	00d.ma	412	395	149	348	176	29	528.54119728377	 35627	 44185 0  79811  0  0 0 1 0 0 0
1731	00d.ma	412	395	189	15	235	353	531.38686835134	 40060	 45947 0  85594  0  0 0 0 0 1 0
1732	00d.ma	412	395	237	13	286	321	589.25692603637	 42757	 52204 0  94893  0  0 0 1 0 0 0
1733	00d.ma	412	395	13	51	354	388	609.10973977857	 37182	 40852 0  78029  0  0 0 1 0 0 0
1734	00d.ma	412	395	205	17	251	328	529.357431099781	 40881	 48704 0  89583  0  0 0 1 0 0 0
1735	00d.ma	412	395	373	80	306	222	623.07315985238	 30221	 57704 0  87924  0  0 0 1 0 0 0
1736	00d.ma	412	395	36	42	267	388	543.11479041267	 35258	 35701 0  70312  0  1 0 0 0 0 0
1737	00d.ma	412	395	300	52	289	290	578.22748878481	 33613	 54536 0  88146  0  0 0 1 0 0 0
1738	00d.ma	412	395	379	380	166	42	610.938166903309	 44807	 44926 0  89729  0  0 0 1 0 0 0
1739	00d.ma	412	395	292	14	208	190	457.386868351341	 28617	 36587 0  65203  0  0 0 1 0 0 0
1740	00d.ma	412	395	240	160	302	43	495.700576850301	 39583	 31222 0  70801  0  0 0 1 0 0 0
1741	00d.ma	412	395	325	173	382	94	658.94321753741	 58345	 30602 0  88944  0  0 0 1 0 0 0
1742	00d.ma	412	395	285	378	90	9	560.17366491579	 43317	 43499 0  86505  0  0 0 0 0 1 0
1743	00d.ma	412	395	238	193	331	21	518.043722600821	 43879	 28350 0  71799  0  1 0 0 0 0 0
1744	00d.ma	412	395	179	9	192	352	535.97265478897	 41434	 42211 0  83644  0  0 0 0 1 0 0
1745	00d.ma	412	395	181	12	227	361	535.75945135342	 39857	 44205 0  84061  0  0 0 0 1 0 0
1746	00d.ma	412	395	127	14	258	374	537.23253941891	 42442	 41516 0  83957  0  0 0 1 0 0 0
1747	00d.ma	412	395	366	57	261	239	574.38686835134	 28157	 57256 0  85412  0  0 0 1 0 0 0
1748	00d.ma	412	395	291	111	238	287	561.90158697712	 31164	 58096 0  89259  0  0 0 1 0 0 0
1749	00d.ma	412	395	28	54	167	388	536.08535316111	 35393	 22937 0  58060  0  0 0 0 0 1 0
1750	00d.ma	412	395	197	372	43	18	536.61731572972	 27145	 37570 0  64714  0  0 0 1 0 0 0
1751	00d.ma	412	395	335	273	311	37	619.89653634302	 54569	 33889 0  88456  0  0 0 1 0 0 0
1752	00d.ma	412	395	257	41	336	329	618.31074990539	 40166	 51751 0  91916  0  0 0 1 0 0 0
1753	00d.ma	412	395	222	240	336	21	538.28636328793	 50373	 28654 0  79023  0  0 0 1 0 0 0
1754	00d.ma	412	395	310	94	367	231	663.51176003221	 38146	 51936 0  90076  0  0 0 1 0 0 0
1755	00d.ma	412	395	143	273	397	166	665.984848097699	 62772	 22817 0  85587  0  0 0 1 0 0 0
1756	00d.ma	412	395	210	95	298	389	578.884343034289	 42935	 46402 0  89336  0  0 0 1 0 0 0
1757	00d.ma	412	395	187	27	167	359	540.05591590955	 44574	 39122 0  83151  0  1 0 0 0 0 0
1758	00d.ma	412	395	366	83	356	162	664.83051916527	 33173	 55654 0  88826  0  0 0 1 0 0 0
1759	00d.ma	412	395	320	173	388	109	666.156420972959	 59935	 29569 0  89502  0  0 0 1 0 0 0
1760	00d.ma	412	395	302	24	391	207	667.310749905389	 37660	 46059 0  83717  0  0 0 1 0 0 0
1761	00d.ma	412	395	225	286	291	112	558.17366491579	 58417	 31037 0  89453  0  0 0 1 0 0 0
1762	00d.ma	412	395	213	7	203	349	544.49956672348	 41255	 46681 0  87415  0  0 0 0 0 0 1
1763	00d.ma	412	395	392	192	301	109	667.813275222439	 52602	 36432 0  89004  0  0 0 1 0 0 0
1764	00d.ma	412	395	277	296	323	53	590.81327522244	 56074	 32075 0  88144  0  0 0 1 0 0 0
1765	00d.ma	412	395	259	35	198	319	542.771644662151	 37701	 52314 0  90009  0  0 0 1 0 0 0
1766	00d.ma	412	395	212	325	274	65	545.546247917871	 54059	 35954 0  90011  0  0 0 1 0 0 0
1767	00d.ma	412	395	171	379	180	37	544.08535316111	 37120	 44332 0  81209  0  0 0 0 0 1 0
1768	00d.ma	412	395	230	103	294	366	588.67113959874	 43106	 50306 0  93213  0  0 0 1 0 0 0
1769	00d.ma	412	395	238	26	206	339	542.185858224521	 39532	 49683 0  88878  0  0 0 0 0 1 0
1770	00d.ma	412	395	366	50	240	235	561.21529547608	 26893	 55541 0  82432  0  0 0 1 0 0 0
1771	00d.ma	412	395	226	20	261	334	555.74220741059	 41212	 51503 0  92714  0  0 0 0 1 0 0
1772	00d.ma	412	395	314	30	253	300	585.39906166007	 32563	 55915 0  88476  0  0 0 1 0 0 0
1773	00d.ma	412	395	364	48	253	199	553.20310216735	 26779	 50470 0  77239  0  0 0 1 0 0 0
1774	00d.ma	412	395	195	368	209	28	547.08535316111	 43216	 43265 0  85818  0  1 0 0 0 0 0
1775	00d.ma	412	395	241	157	318	96	515.529003975041	 49293	 29572 0  78836  0  0 0 1 0 0 0
1776	00d.ma	412	395	363	375	219	93	625.896536343019	 47709	 43385 0  91079  0  0 0 1 0 0 0
1777	00d.ma	412	395	227	167	326	85	503.173664915791	 47326	 28301 0  75624  0  0 0 1 0 0 0
1778	00d.ma	412	395	225	382	214	54	547.51681066631	 43850	 42475 0  85775  0  1 0 0 0 0 0
1779	00d.ma	412	395	392	384	143	27	625.796031279609	 44463	 45718 0  90164  0  0 0 1 0 0 0
1780	00d.ma	412	395	292	113	336	278	626.16861428169	 33142	 55510 0  88631  0  0 0 1 0 0 0
1781	00d.ma	412	395	263	307	308	12	597.99704140643	 54910	 33227 0  88136  0  0 0 0 1 0 0
1782	00d.ma	412	395	271	261	359	57	592.25692603637	 57748	 29428 0  87175  0  0 0 1 0 0 0
1783	00d.ma	412	395	255	290	328	27	591.47012947192	 56375	 31776 0  88149  0  0 0 1 0 0 0
1784	00d.ma	412	395	166	375	172	25	552.01428534926	 37137	 44925 0  81653  0  0 0 0 0 0 1
1785	00d.ma	412	395	136	377	143	25	553.25692603637	 30331	 43715 0  73748  0  0 0 0 0 1 0
1786	00d.ma	412	395	276	46	358	311	626.35238046568	 36443	 52321 0  88763  0  0 0 1 0 0 0
1787	00d.ma	412	395	341	382	155	6	628.641702347179	 48150	 49206 0  97342  0  0 0 1 0 0 0
1788	00d.ma	412	395	387	363	213	88	625.281312653829	 46718	 42225 0  88919  0  0 0 1 0 0 0
1789	00d.ma	412	395	346	34	343	222	677.683332907469	 35693	 52177 0  87869  0  0 0 1 0 0 0
1790	00d.ma	412	395	363	306	276	39	628.66608896464	 52279	 36270 0  88548  0  0 0 1 0 0 0
1791	00d.ma	412	395	318	348	258	44	629.61226509562	 51447	 42902 0  94339  0  0 0 1 0 0 0
1792	00d.ma	412	395	217	298	308	88	556.68838354157	 57136	 31820 0  88953  0  0 0 0 1 0 0
1793	00d.ma	412	395	316	220	387	101	654.943217537409	 59768	 29410 0  89177  0  0 0 1 0 0 0
1794	00d.ma	412	395	206	22	375	367	632.849855148629	 43791	 48604 0  91975  0  0 0 0 0 1 0
1795	00d.ma	412	395	191	18	207	384	557.73001410186	 43150	 41990 0  84716  0  0 0 1 0 0 0
1796	00d.ma	412	395	274	279	343	33	600.85490578273	 56156	 31033 0  87187  0  0 0 1 0 0 0
1797	00d.ma	412	395	336	49	241	163	525.215295476081	 28818	 43764 0  72581  0  0 0 1 0 0 0
1798	00d.ma	412	395	248	21	336	345	633.595021152789	 42683	 51288 0  93944  0  0 0 1 0 0 0
1799	00d.ma	412	395	205	320	282	75	553.931024228681	 54977	 35444 0  90413  0  0 0 1 0 0 0
1800	00d.ma	412	395	356	32	250	187	552.972654788971	 27440	 47237 0  74676  0  0 0 1 0 0 0
1801	00d.ma	412	395	313	361	237	11	633.653895655909	 51015	 45221 0  96194  0  0 0 1 0 0 0
1802	00d.ma	412	395	248	11	346	342	638.879292400189	 41936	 51313 0  92932  0  0 0 1 0 0 0
1803	00d.ma	412	395	298	95	183	289	559.35743109978	 33810	 56446 0  90255  0  0 0 1 0 0 0
1804	00d.ma	412	395	218	36	182	372	560.9848480977	 45795	 43065 0  88428  0  0 0 1 0 0 0
1805	00d.ma	412	395	304	248	369	44	634.81327522244	 56375	 31194 0  87558  0  0 0 1 0 0 0
1806	00d.ma	412	395	271	55	179	311	548.842712474001	 37851	 52764 0  90614  0  0 0 1 0 0 0
1807	00d.ma	412	395	205	81	137	385	560.9848480977	 45855	 37539 0  83389  0  0 0 1 0 0 0
1808	00d.ma	412	395	200	310	283	52	549.90158697712	 54259	 35386 0  89629  0  0 0 1 0 0 0
1809	00d.ma	412	395	365	59	351	193	670.01428534926	 33748	 54800 0  88542  0  0 0 1 0 0 0
1810	00d.ma	412	395	281	60	233	320	559.203102167351	 36039	 54775 0  90579  0  0 0 0 0 1 0
1811	00d.ma	412	395	323	96	323	292	641.511760032209	 34131	 55461 0  89586  0  0 0 1 0 0 0
1812	00d.ma	412	395	53	19	150	385	563.94321753741	 38395	 24928 0  63091  0  0 0 0 0 1 0
1813	00d.ma	412	395	159	353	233	44	565.68333290747	 45819	 45638 0  91064  0  0 0 1 0 0 0
1814	00d.ma	412	395	196	14	204	384	565.04372260082	 43719	 42666 0  85788  0  1 0 0 0 0 0
1815	00d.ma	412	395	229	181	348	93	519.4163056029	 52143	 25907 0  78046  0  0 0 1 0 0 0
1816	00d.ma	412	395	391	83	336	185	679.943217537409	 31305	 57508 0  88801  0  0 0 1 0 0 0
1817	00d.ma	412	395	310	235	378	72	638.28636328793	 57388	 30584 0  87971  0  0 0 1 0 0 0
1818	00d.ma	412	395	237	377	226	48	561.97265478897	 46956	 41955 0  88890  0  0 0 1 0 0 0
1819	00d.ma	412	395	243	333	270	62	562.759451353421	 53198	 37095 0  90286  0  0 0 1 0 0 0
1820	00d.ma	412	395	207	386	209	20	565.18585822452	 42999	 43196 0  85733  0  0 0 0 0 1 0
1821	00d.ma	412	395	383	379	219	53	644.808224588339	 47362	 43029 0  90385  0  0 0 1 0 0 0
1822	00d.ma	412	395	320	53	227	312	583.10259710394	 32298	 56316 0  88428  0  0 0 0 0 1 0
1823	00d.ma	412	395	208	362	238	22	566.01428534926	 48908	 40585 0  89085  0  0 0 0 1 0 0
1824	00d.ma	412	395	315	297	320	28	645.997041406429	 55167	 35728 0  90663  0  0 0 1 0 0 0
1825	00d.ma	412	395	255	15	303	349	633.854905782729	 43230	 51837 0  95066  0  0 0 1 0 0 0
1826	00d.ma	412	395	283	339	264	33	611.25692603637	 52632	 40919 0  93550  0  0 0 1 0 0 0
1827	00d.ma	412	395	236	42	188	367	569.842712474	 43782	 46943 0  90098  0  1 0 0 0 0 0
1828	00d.ma	412	395	291	54	319	322	634.54119728377	 38705	 53271 0  91975  0  0 0 1 0 0 0
1829	00d.ma	412	395	286	373	228	20	598.89653634302	 50766	 43228 0  93817  0  0 0 1 0 0 0
1830	00d.ma	412	395	275	16	363	317	645.84985514863	 37063	 52255 0  89317  0  0 0 1 0 0 0
1831	00d.ma	412	395	373	368	232	48	649.322943214119	 49480	 42523 0  92000  0  0 0 1 0 0 0
1832	00d.ma	412	395	291	39	202	321	573.45793616319	 35327	 54722 0  90046  0  0 0 1 0 0 0
1833	00d.ma	412	395	236	364	233	12	571.64170234718	 49738	 40201 0  89698  0  0 0 0 1 0 0
1834	00d.ma	412	395	357	118	381	108	695.671139598739	 57701	 32552 0  89975  0  1 0 0 0 0 0
1835	00d.ma	412	395	251	18	312	364	643.825468531169	 44447	 51248 0  95636  0  0 0 1 0 0 0
1836	00d.ma	412	395	181	324	263	7	570.4112549688	 51815	 38853 0  90663  0  0 0 1 0 0 0
1837	00d.ma	412	395	202	319	297	83	570.830519165271	 55623	 34405 0  90022  0  0 0 1 0 0 0
1838	00d.ma	412	395	319	87	322	309	650.369624408509	 35877	 54747 0  90595  0  0 0 1 0 0 0
1839	00d.ma	412	395	361	381	239	92	650.653895655909	 48619	 43715 0  92320  0  0 0 1 0 0 0
1840	00d.ma	412	395	140	7	161	388	570.65894629001	 43800	 34045 0  77471  0  0 0 0 0 1 0
1841	00d.ma	412	395	373	93	237	269	600.5584412266	 27924	 59835 0  87751  0  0 0 1 0 0 0
1842	00d.ma	412	395	361	193	388	79	703.014285349259	 56589	 33063 0  89651  0  0 0 0 1 0 0
1843	00d.ma	412	395	202	342	266	19	577.74220741059	 52687	 38549 0  91015  0  0 0 0 0 1 0
1844	00d.ma	412	395	283	11	168	303	576.06810921828	 37514	 52818 0  89992  0  1 0 0 0 0 0
1845	00d.ma	412	395	335	312	302	23	653.35238046568	 54057	 36808 0  90860  0  0 0 1 0 0 0
1846	00d.ma	412	395	234	72	248	386	573.58787847816	 42750	 46178 0  88467  0  0 0 0 0 0 1
1847	00d.ma	412	395	224	329	297	66	574.617315729721	 55264	 34294 0  89556  0  0 0 1 0 0 0
1848	00d.ma	412	395	385	374	235	102	653.737156776489	 48442	 41198 0  89639  0  0 0 1 0 0 0
1849	00d.ma	412	395	260	37	212	359	577.14422766423	 38547	 51434 0  89967  0  0 0 1 0 0 0
1850	00d.ma	412	395	348	68	253	307	614.80108191371	 31355	 57400 0  88753  0  0 0 1 0 0 0
1851	00d.ma	412	395	367	328	289	82	655.938166903309	 52212	 36697 0  88890  0  0 0 1 0 0 0
1852	00d.ma	412	395	305	388	239	49	621.925973594579	 50066	 43675 0  93740  0  0 0 1 0 0 0
1853	00d.ma	412	395	319	70	335	313	657.683332907469	 35904	 54296 0  90191  0  0 0 1 0 0 0
1854	00d.ma	412	395	346	377	246	113	656.13917703013	 50016	 43676 0  93687  0  0 0 1 0 0 0
1855	00d.ma	412	395	224	348	269	58	571.4163056029	 52954	 36688 0  89591  0  0 0 1 0 0 0
1856	00d.ma	412	395	284	22	173	317	581.511760032211	 37769	 53402 0  91164  0  0 0 1 0 0 0
1857	00d.ma	412	395	342	383	234	115	657.653895655909	 49683	 44410 0  94072  0  0 0 1 0 0 0
1858	00d.ma	412	395	341	313	318	65	657.097546469839	 54071	 35756 0  89784  0  0 0 1 0 0 0
1859	00d.ma	412	395	268	7	304	348	650.754400719319	 42260	 52326 0  94570  0  0 0 1 0 0 0
1860	00d.ma	412	395	305	58	229	319	579.61731572972	 33922	 55566 0  89294  0  0 0 1 0 0 0
1861	00d.ma	412	395	325	318	311	35	659.239682093539	 54288	 37474 0  91739  0  0 0 1 0 0 0
1862	00d.ma	412	395	234	306	327	11	604.39906166007	 55849	 32235 0  87873  0  0 0 1 0 0 0
1863	00d.ma	412	395	279	389	214	10	600.967604154869	 48712	 44213 0  92922  0  0 0 1 0 0 0
1864	00d.ma	412	395	248	327	273	25	583.60007178689	 54290	 37867 0  91958  0  0 0 0 0 1 0
1865	00d.ma	412	395	390	140	316	204	697.612265095619	 27344	 62832 0  90170  0  0 0 1 0 0 0
1866	00d.ma	412	395	291	43	214	338	583.83051916527	 35577	 54991 0  90313  0  0 0 0 1 0 0
1867	00d.ma	412	395	322	76	357	301	657.896536343019	 34242	 54394 0  88629  0  0 0 1 0 0 0
1868	00d.ma	412	395	226	372	252	41	581.315800539491	 49736	 39387 0  88762  0  0 0 0 0 1 0
1869	00d.ma	412	395	318	22	220	310	595.67113959874	 32982	 55149 0  88130  0  0 0 1 0 0 0
1870	00d.ma	412	395	230	7	331	385	656.251875402269	 46109	 50121 0  96193  0  0 0 1 0 0 0
1871	00d.ma	412	395	297	94	347	329	663.967604154869	 37457	 53012 0  89967  0  0 0 0 0 1 0
1872	00d.ma	412	395	389	88	238	266	612.48737341475	 26802	 59879 0  86676  0  0 0 1 0 0 0
1873	00d.ma	412	395	354	208	372	106	700.925973594579	 57111	 33488 0  90595  0  0 0 1 0 0 0
1874	00d.ma	412	395	327	355	290	65	665.298556596659	 51837	 41380 0  93215  0  0 0 0 1 0 0
1875	00d.ma	412	395	212	355	267	18	588.01428534926	 52556	 38140 0  90692  0  0 0 1 0 0 0
1876	00d.ma	412	395	210	7	378	380	663.749350085219	 44843	 48706 0  93517  0  0 0 1 0 0 0
1877	00d.ma	412	395	234	13	247	374	586.78383797088	 41014	 50147 0  91089  0  0 0 1 0 0 0
1878	00d.ma	412	395	380	77	239	180	556.03152929209	 24916	 52344 0  77198  0  0 0 1 0 0 0
1879	00d.ma	412	395	260	22	256	343	586.47012947192	 38731	 53124 0  91854  0  0 0 0 1 0 0
1880	00d.ma	412	395	245	369	237	6	586.85490578273	 50878	 40469 0  91027  0  0 0 0 0 1 0
1881	00d.ma	412	395	287	369	253	12	625.38181771724	 51979	 41473 0  93395  0  0 0 1 0 0 0
1882	00d.ma	412	395	283	356	273	37	625.64170234718	 52649	 40276 0  92924  0  0 0 1 0 0 0
1883	00d.ma	412	395	286	81	166	334	590.08535316111	 38949	 53632 0  92560  0  0 0 1 0 0 0
1884	00d.ma	412	395	327	346	289	54	659.854905782729	 52246	 40578 0  92811  0  0 0 1 0 0 0
1885	00d.ma	412	395	166	363	246	19	593.65389565591	 47816	 44520 0  91912  0  0 0 0 0 1 0
1886	00d.ma	412	395	289	27	310	347	664.168614281689	 41039	 52698 0  93736  0  0 0 0 1 0 0
1887	00d.ma	412	395	368	362	262	38	670.808224588339	 50696	 41713 0  92407  0  0 0 1 0 0 0
1888	00d.ma	412	395	243	59	146	373	592.36962440851	 48189	 43973 0  91864  0  0 0 1 0 0 0
1889	00d.ma	412	395	296	107	180	312	592.42849891163	 34395	 56365 0  90759  0  0 0 1 0 0 0
1890	00d.ma	412	395	302	35	349	325	667.180807590419	 37258	 53338 0  90589  0  0 0 1 0 0 0
1891	00d.ma	412	395	356	71	292	308	641.78383797088	 31605	 57396 0  89000  0  0 0 1 0 0 0
1892	00d.ma	412	395	348	384	246	27	673.080302527009	 50067	 45470 0  95521  0  0 0 1 0 0 0
1893	00d.ma	412	395	377	170	319	152	723.570634535329	 24394	 67996 0  92370  0  0 0 1 0 0 0
1894	00d.ma	412	395	374	74	266	299	638.18585822452	 30240	 57902 0  88140  0  0 0 1 0 0 0
1895	00d.ma	412	395	251	47	334	387	663.340187156949	 45200	 50120 0  95308  0  0 0 1 0 0 0
1896	00d.ma	412	395	322	60	356	320	674.724963467759	 35640	 53745 0  89379  0  0 0 1 0 0 0
1897	00d.ma	412	395	339	342	296	40	671.967604154869	 52536	 39543 0  92078  0  0 0 0 1 0 0
1898	00d.ma	412	395	378	144	337	163	722.641702347179	 27437	 63695 0  91130  0  0 0 1 0 0 0
1899	00d.ma	412	395	304	342	308	51	670.043722600819	 53202	 40417 0  93618  0  0 0 1 0 0 0
1900	00d.ma	412	395	354	52	310	288	663.95541084614	 33660	 56716 0  90373  0  0 0 1 0 0 0
1901	00d.ma	412	395	284	62	224	369	600.78888860498	 37202	 51934 0  89126  0  0 0 1 0 0 0
1902	00d.ma	412	395	239	172	381	48	564.90158697712	 48204	 25617 0  73820  0  0 0 1 0 0 0
1903	00d.ma	412	395	142	369	240	26	600.6955262162	 44374	 47824 0  92197  0  0 0 1 0 0 0
1904	00d.ma	412	395	250	158	373	47	574.11479041267	 47484	 26991 0  74452  0  0 0 1 0 0 0
1905	00d.ma	412	395	216	190	373	100	530.58787847816	 55576	 23341 0  78845  0  0 0 1 0 0 0
1906	00d.ma	412	395	240	14	200	385	598.22748878481	 43101	 47270 0  90368  0  0 0 1 0 0 0
1907	00d.ma	412	395	267	36	226	372	598.38686835134	 38292	 51159 0  89428  0  0 0 1 0 0 0
1908	00d.ma	412	395	263	69	253	380	599.90158697712	 39841	 50231 0  90065  0  0 0 1 0 0 0
1909	00d.ma	412	395	269	16	359	356	677.193000899149	 41882	 51365 0  93231  0  0 0 1 0 0 0
1910	00d.ma	412	395	343	46	186	288	597.35743109978	 32030	 57070 0  89099  0  0 0 1 0 0 0
1911	00d.ma	412	395	275	17	359	353	679.778787336779	 41138	 51597 0  92734  0  0 0 1 0 0 0
1912	00d.ma	412	395	221	166	373	91	551.17366491579	 53297	 24796 0  77946  0  0 0 1 0 0 0
1913	00d.ma	412	395	267	336	288	12	626.71277015903	 54259	 38622 0  92751  0  0 0 0 0 1 0
1914	00d.ma	412	395	313	99	212	331	601.31580053949	 33113	 56250 0  89362  0  0 0 1 0 0 0
1915	00d.ma	412	395	278	39	173	351	602.47012947192	 40494	 52171 0  92469  0  0 0 0 0 1 0
1916	00d.ma	412	395	206	382	264	41	604.97265478897	 49554	 40224 0  89754  0  0 0 0 1 0 0
1917	00d.ma	412	395	306	64	302	356	667.286363287929	 40117	 52768 0  92884  0  0 0 1 0 0 0
1918	00d.ma	412	395	354	349	291	46	677.695526216199	 51906	 39899 0  91804  0  0 0 0 1 0 0
1919	00d.ma	412	395	267	353	279	52	608.18585822452	 53219	 38450 0  91668  0  0 0 1 0 0 0
1920	00d.ma	412	395	231	324	313	100	599.97265478897	 56344	 32901 0  89244  0  0 0 1 0 0 0
1921	00d.ma	412	395	274	22	178	356	608.44069222036	 40691	 51930 0  92441  0  0 0 0 0 1 0
1922	00d.ma	412	395	261	10	213	377	606.91378028585	 39353	 50941 0  90293  0  0 0 1 0 0 0
1923	00d.ma	412	395	289	26	235	352	608.25692603637	 36443	 54362 0  90766  0  0 0 1 0 0 0
1924	00d.ma	412	395	168	351	279	31	608.85490578273	 52175	 40800 0  92719  0  0 0 0 0 1 0
1925	00d.ma	412	395	206	327	309	14	606.15642097296	 55739	 34444 0  89961  0  0 0 0 0 0 1
1926	00d.ma	412	395	227	323	328	87	605.17366491579	 56802	 32194 0  88978  0  0 0 1 0 0 0
1927	00d.ma	412	395	317	55	200	334	606.65894629001	 34606	 55574 0  90176  0  0 0 1 0 0 0
1928	00d.ma	412	395	305	180	382	159	727.026478657989	 65080	 26298 0  91375  0  0 0 1 0 0 0
1929	00d.ma	412	395	332	358	285	12	685.666088964639	 52173	 41843 0  93980  0  0 0 1 0 0 0
1930	00d.ma	412	395	308	20	176	319	607.09754646984	 35992	 55031 0  91022  0  0 0 1 0 0 0
1931	00d.ma	412	395	344	306	354	81	688.997041406429	 55518	 33839 0  89350  0  0 0 1 0 0 0
1932	00d.ma	412	395	375	75	323	293	687.470129471919	 32836	 57007 0  89839  0  0 0 1 0 0 0
1933	00d.ma	412	395	186	347	292	50	602.52900397504	 53885	 38254 0  92129  0  0 0 1 0 0 0
1934	00d.ma	412	395	298	24	234	346	611.67113959874	 35615	 54925 0  90519  0  0 0 1 0 0 0
1935	00d.ma	412	395	207	315	335	37	610.21529547608	 56903	 32608 0  89509  0  0 0 1 0 0 0
1936	00d.ma	412	395	294	23	200	347	609.91378028585	 37203	 54771 0  91973  0  0 0 1 0 0 0
1937	00d.ma	412	395	330	66	181	319	610.45793616319	 34254	 56235 0  90488  0  0 0 0 1 0 0
1938	00d.ma	412	395	344	35	320	316	688.168614281689	 35933	 55349 0  91279  0  0 0 1 0 0 0
1939	00d.ma	412	395	249	110	143	383	612.511760032209	 46593	 44514 0  90704  0  0 0 1 0 0 0
1940	00d.ma	412	395	282	360	296	88	643.91378028585	 53309	 38418 0  91726  0  0 0 1 0 0 0
1941	00d.ma	412	395	313	116	332	334	691.381817717239	 37271	 54064 0  91329  0  0 0 1 0 0 0
1942	00d.ma	412	395	193	299	343	15	617.1269837214	 56904	 32363 0  89266  0  0 0 1 0 0 0
1943	00d.ma	412	395	347	360	300	88	693.139177030129	 51900	 40555 0  92454  0  0 0 1 0 0 0
1944	00d.ma	412	395	294	38	168	344	613.95541084614	 39427	 53969 0  93194  0  0 0 0 0 1 0
1945	00d.ma	412	395	321	36	233	332	615.28636328793	 33395	 55933 0  89327  0  0 0 1 0 0 0
1946	00d.ma	412	395	317	38	303	346	685.085353161109	 39762	 53664 0  93425  0  0 0 0 1 0 0
1947	00d.ma	412	395	299	229	385	161	700.783837970879	 66835	 24515 0  91349  0  0 0 1 0 0 0
1948	00d.ma	412	395	351	230	401	71	737.298556596659	 56726	 33628 0  90350  0  0 0 1 0 0 0
1949	00d.ma	412	395	277	346	311	53	646.87214972556	 54207	 37928 0  92126  0  0 0 1 0 0 0
1950	00d.ma	412	395	218	376	286	41	616.00209204053	 52432	 37295 0  89714  0  0 0 1 0 0 0
1951	00d.ma	412	395	365	70	348	302	698.068109218279	 33446	 55995 0  89439  0  0 0 1 0 0 0
1952	00d.ma	412	395	287	85	231	375	619.34523779105	 36993	 52679 0  89668  0  0 0 0 1 0 0
1953	00d.ma	412	395	286	34	196	366	618.01428534926	 38970	 52687 0  91641  0  0 0 1 0 0 0
1954	00d.ma	412	395	263	366	272	7	624.72496346776	 53174	 38749 0  91675  0  0 0 0 0 1 0
1955	00d.ma	412	395	281	87	173	360	621.25692603637	 39449	 52390 0  91838  0  0 0 1 0 0 0
1956	00d.ma	412	395	344	311	342	24	695.666088964639	 55251	 35180 0  90429  0  0 0 1 0 0 0
1957	00d.ma	412	395	332	293	365	100	689.896536343019	 56888	 32710 0  89594  0  0 0 1 0 0 0
1958	00d.ma	412	395	273	355	310	58	643.52900397504	 54071	 37349 0  91416  0  0 0 1 0 0 0
1959	00d.ma	412	395	338	359	300	32	695.867099091459	 52271	 41075 0  93311  0  0 0 1 0 0 0
1960	00d.ma	412	395	360	40	325	310	698.168614281689	 34639	 55909 0  90547  0  0 0 1 0 0 0
1961	00d.ma	412	395	309	371	296	22	687.068109218279	 52536	 41174 0  93709  0  0 0 0 1 0 0
1962	00d.ma	412	395	240	352	305	48	617.21529547608	 54921	 35675 0  90589  0  0 0 1 0 0 0
1963	00d.ma	412	395	207	385	278	43	620.73001410186	 50597	 39518 0  90114  0  0 0 1 0 0 0
1964	00d.ma	412	395	213	345	322	98	623.48737341475	 56033	 33233 0  89264  0  0 0 1 0 0 0
1965	00d.ma	412	395	212	313	358	89	624.17366491579	 58260	 30636 0  88895  0  0 0 1 0 0 0
1966	00d.ma	412	395	325	90	348	341	700.381817717239	 37578	 53414 0  90986  0  0 0 1 0 0 0
1967	00d.ma	412	395	399	76	217	187	550.54624791787	 22923	 51759 0  74643  0  0 0 1 0 0 0
1968	00d.ma	412	395	304	14	208	351	624.32799384822	 35934	 55013 0  90942  0  0 0 1 0 0 0
1969	00d.ma	412	395	161	354	298	76	621.74220741059	 52630	 40022 0  92623  0  0 0 1 0 0 0
1970	00d.ma	412	395	318	99	186	339	625.08535316111	 35162	 55752 0  90901  0  0 0 1 0 0 0
1971	00d.ma	412	395	297	75	299	385	668.541197283769	 39509	 52243 0  91746  0  0 0 1 0 0 0
1972	00d.ma	412	395	285	358	317	66	662.943217537409	 53803	 38048 0  91815  0  0 0 1 0 0 0
1973	00d.ma	412	395	170	299	354	75	623.52900397504	 57569	 32691 0  90249  0  0 0 1 0 0 0
1974	00d.ma	412	395	217	361	293	10	625.94321753741	 54803	 36059 0  90846  0  0 0 1 0 0 0
1975	00d.ma	412	395	321	58	262	342	638.14422766423	 36190	 55150 0  91098  0  0 0 0 0 0 1
1976	00d.ma	412	395	292	62	173	372	627.94321753741	 41034	 51027 0  92059  0  0 0 1 0 0 0
1977	00d.ma	412	395	296	91	275	370	643.47012947192	 37378	 53460 0  90832  0  0 0 1 0 0 0
1978	00d.ma	412	395	234	215	372	147	621.913780285849	 69828	 21847 0  91645  0  0 0 1 0 0 0
1979	00d.ma	412	395	383	152	241	254	655.470129471919	 23160	 67393 0  90541  0  0 0 1 0 0 0
1980	00d.ma	412	395	190	358	307	88	626.87214972556	 54488	 37366 0  91615  0  0 0 1 0 0 0
1981	00d.ma	412	395	318	13	305	353	701.340187156949	 39838	 53899 0  93722  0  0 0 1 0 0 0
1982	00d.ma	412	395	279	44	280	391	648.440692220359	 39918	 51847 0  91749  0  0 0 1 0 0 0
1983	00d.ma	412	395	333	32	165	319	631.68333290747	 35154	 56306 0  91459  0  0 0 1 0 0 0
1984	00d.ma	412	395	371	363	291	25	707.435641586259	 51535	 40854 0  92388  0  0 0 0 1 0 0
1985	00d.ma	412	395	243	318	330	26	631.45793616319	 56271	 33989 0  90256  0  0 0 1 0 0 0
1986	00d.ma	412	395	291	27	272	372	645.16861428169	 38010	 53500 0  91509  0  0 0 0 1 0 0
1987	00d.ma	412	395	366	69	351	312	709.896536343019	 33923	 55612 0  89531  0  0 0 1 0 0 0
1988	00d.ma	412	395	362	58	309	316	694.327993848219	 35012	 55846 0  90857  0  0 0 0 1 0 0
1989	00d.ma	412	395	353	317	342	16	708.707719524929	 55137	 35373 0  90508  0  0 0 1 0 0 0
1990	00d.ma	412	395	175	346	309	104	630.88434303429	 55260	 37019 0  92278  0  0 0 1 0 0 0
1991	00d.ma	412	395	363	389	279	40	711.908729651749	 50521	 44356 0  94876  0  0 0 1 0 0 0
1992	00d.ma	412	395	336	83	356	340	710.796031279609	 36820	 53617 0  90402  0  0 0 1 0 0 0
1993	00d.ma	412	395	284	51	257	376	626.01428534926	 38346	 52671 0  91016  0  0 0 1 0 0 0
1994	00d.ma	412	395	341	41	200	332	634.45793616319	 33560	 56756 0  90050  0  1 0 0 0 0 0
1995	00d.ma	412	395	329	336	338	18	712.938166903309	 54842	 37994 0  92710  0  0 0 0 0 1 0
1996	00d.ma	412	395	345	365	318	56	712.825468531169	 52253	 40517 0  92764  0  0 0 1 0 0 0
1997	00d.ma	412	395	165	357	307	90	637.05591590955	 53686	 38949 0  92617  0  0 0 1 0 0 0
1998	00d.ma	412	395	340	30	369	322	712.536146649669	 35137	 54637 0  89767  0  0 0 1 0 0 0
1999	00d.ma	412	395	299	7	198	355	633.29855659666	 37217	 54905 0  91883  0  1 0 0 0 0 0
2000	00d.ma	412	395	382	173	349	123	762.813275222439	 26848	 64590 0  91435  0  0 0 1 0 0 0
2001	00d.ma	412	395	302	381	302	32	686.068109218279	 52698	 39978 0  92675  0  0 0 0 1 0 0
2002	00d.ma	412	395	315	97	234	364	639.62950903845	 35054	 55137 0  90190  0  0 0 1 0 0 0
2003	00d.ma	412	395	295	49	289	383	659.854905782729	 38815	 52618 0  91432  0  0 0 1 0 0 0
2004	00d.ma	412	395	317	28	167	343	640.51176003221	 37840	 55183 0  92884  0  0 0 0 0 1 0
2005	00d.ma	412	395	379	378	295	59	715.666088964639	 50805	 41692 0  92496  0  0 0 1 0 0 0
2006	00d.ma	412	395	388	127	218	270	637.700576850299	 24836	 63229 0  88064  0  0 0 1 0 0 0
2007	00d.ma	412	395	171	364	307	71	638.67113959874	 53008	 39267 0  92274  0  0 0 1 0 0 0
2008	00d.ma	412	395	288	387	291	27	666.796031279609	 52740	 39154 0  91893  0  0 0 1 0 0 0
2009	00d.ma	412	395	293	23	243	373	637.81327522244	 37507	 53906 0  91405  0  0 0 1 0 0 0
2010	00d.ma	412	395	282	31	383	378	715.920922960479	 42150	 50729 0  92837  0  0 0 1 0 0 0
2011	00d.ma	412	395	209	192	391	136	569.97265478897	 64465	 21642 0  86065  0  0 0 1 0 0 0
2012	00d.ma	412	395	304	380	321	70	696.712770159029	 52977	 38984 0  91960  0  0 0 0 1 0 0
2013	00d.ma	412	395	293	102	175	369	645.25692603637	 39161	 53220 0  92012  0  1 0 0 0 0 0
2014	00d.ma	412	395	322	22	173	337	640.34018715695	 36432	 55579 0  91824  0  0 0 0 0 1 0
2015	00d.ma	412	395	203	354	325	29	644.18585822452	 55468	 35158 0  90623  0  0 0 1 0 0 0
2016	00d.ma	412	395	340	26	237	334	642.08535316111	 32961	 56709 0  89474  0  0 0 0 0 1 0
2017	00d.ma	412	395	292	29	190	381	643.57063453533	 39983	 51958 0  91931  0  0 0 0 1 0 0
2018	00d.ma	412	395	341	358	336	67	720.925973594579	 53151	 39280 0  92430  0  0 0 1 0 0 0
2019	00d.ma	412	395	185	368	298	16	644.02647865799	 53609	 39203 0  92806  0  0 0 1 0 0 0
2020	00d.ma	412	395	202	359	332	71	645.83051916527	 55540	 34990 0  90520  0  0 0 1 0 0 0
2021	00d.ma	412	395	220	333	365	67	645.37467504261	 57401	 31313 0  88708  0  0 0 1 0 0 0
2022	00d.ma	412	395	167	360	310	36	647.19805153325	 54127	 39365 0  93470  0  0 0 1 0 0 0
2023	00d.ma	412	395	217	358	339	84	646.03152929209	 56021	 33025 0  89045  0  0 0 1 0 0 0
2024	00d.ma	412	395	382	360	288	19	721.648845021809	 51148	 42834 0  93981  0  0 0 1 0 0 0
2025	00d.ma	412	395	243	376	307	38	648.600071786889	 54219	 36803 0  90996  0  0 0 1 0 0 0
2026	00d.ma	412	395	370	81	359	318	723.210244841979	 33784	 55458 0  89229  0  0 0 1 0 0 0
2027	00d.ma	412	395	331	47	248	354	648.94321753741	 34307	 55419 0  89696  0  0 0 1 0 0 0
2028	00d.ma	412	395	254	366	289	106	646.77164466215	 54649	 35747 0  90379  0  0 0 1 0 0 0
2029	00d.ma	412	395	273	345	339	41	675.428498911629	 55366	 36159 0  91308  0  1 0 0 0 0 0
2030	00d.ma	412	395	184	361	325	83	648.28636328793	 55035	 36872 0  91906  0  0 0 0 1 0 0
2031	00d.ma	412	395	379	370	303	28	728.506709398109	 51555	 40774 0  92328  0  0 0 1 0 0 0
2032	00d.ma	412	395	327	87	227	369	649.587878478159	 34731	 55297 0  89993  0  0 0 1 0 0 0
2033	00d.ma	412	395	327	380	326	76	723.055915909549	 52315	 40654 0  92944  0  0 0 1 0 0 0
2034	00d.ma	412	395	309	52	288	391	678.440692220359	 38255	 52867 0  91121  0  0 0 0 1 0 0
2035	00d.ma	412	395	297	46	156	372	646.612265095619	 42045	 51384 0  93428  0  0 0 0 1 0 0
2036	00d.ma	412	395	183	347	332	27	653.29855659666	 55672	 35711 0  91377  0  0 0 1 0 0 0
2037	00d.ma	412	395	358	40	315	349	731.026478657989	 37689	 54989 0  92669  0  0 0 1 0 0 0
2038	00d.ma	412	395	310	90	361	377	726.766594028049	 41364	 51523 0  92886  0  0 0 1 0 0 0
2039	00d.ma	412	395	298	51	232	388	641.65894629001	 37813	 52591 0  90080  0  0 0 1 0 0 0
2040	00d.ma	412	395	217	357	331	20	651.11479041267	 55795	 34061 0  89850  0  0 0 1 0 0 0
2041	00d.ma	412	395	367	48	224	332	653.4163056029	 31341	 57330 0  88669  0  0 0 1 0 0 0
2042	00d.ma	412	395	350	67	157	336	657.81327522244	 35540	 56173 0  91712  0  0 0 1 0 0 0
2043	00d.ma	412	395	173	355	326	31	657.78383797088	 55198	 37515 0  92706  0  0 0 1 0 0 0
2044	00d.ma	412	395	267	352	344	79	669.872149725559	 55461	 34678 0  90128  0  0 0 1 0 0 0
2045	00d.ma	412	395	375	364	327	71	733.666088964639	 52196	 38793 0  90977  0  0 0 1 0 0 0
2046	00d.ma	412	395	292	23	273	392	668.239682093539	 39070	 52675 0  91744  0  0 0 0 1 0 0
2047	00d.ma	412	395	367	54	337	329	723.340187156949	 35576	 55372 0  90917  0  0 0 1 0 0 0
2048	00d.ma	412	395	308	87	245	386	655.043722600819	 37088	 53556 0  90470  0  0 0 0 0 1 0
2049	00d.ma	412	395	364	61	302	333	715.227488784809	 36963	 55332 0  92243  0  0 0 1 0 0 0
2050	00d.ma	412	395	173	384	298	37	656.298556596659	 51383	 41209 0  92591  0  0 0 0 1 0 0
2051	00d.ma	412	395	320	100	174	364	657.470129471919	 37946	 54873 0  92550  0  1 0 0 0 0 0
2052	00d.ma	412	395	392	164	259	171	655.085353161109	 22750	 68113 0  90862  0  0 0 1 0 0 0
2053	00d.ma	412	395	339	50	314	377	725.955410846138	 39291	 53439 0  92729  0  0 0 0 1 0 0
2054	00d.ma	412	395	310	46	381	376	734.879292400189	 40895	 51338 0  92232  0  0 0 1 0 0 0
2055	00d.ma	412	395	321	17	153	348	659.867099091459	 38729	 55071 0  93786  0  0 0 1 0 0 0
2056	00d.ma	412	395	399	74	183	293	654.872149725559	 28803	 58709 0  87510  0  0 0 1 0 0 0
2057	00d.ma	412	395	313	386	334	57	720.783837970878	 53064	 39358 0  92421  0  0 0 1 0 0 0
2058	00d.ma	412	395	379	73	175	305	649.18585822452	 31101	 57898 0  88997  0  0 0 1 0 0 0
2059	00d.ma	412	395	391	154	358	235	786.281312653828	 31321	 59377 0  90694  0  0 0 1 0 0 0
2060	00d.ma	412	395	320	35	169	365	661.783837970879	 38976	 54600 0  93568  0  0 0 1 0 0 0
2061	00d.ma	412	395	329	54	201	380	664.658946290009	 36859	 54606 0  91463  0  0 0 1 0 0 0
2062	00d.ma	412	395	368	66	168	330	664.842712474	 33665	 57154 0  90810  0  0 0 1 0 0 0
2063	00d.ma	412	395	388	146	219	280	665.114790412669	 24334	 64943 0  89276  0  0 0 1 0 0 0
2064	00d.ma	412	395	259	387	311	82	662.771644662149	 53296	 37229 0  90522  0  0 0 1 0 0 0
2065	00d.ma	412	395	346	10	263	327	677.81327522244	 34546	 56203 0  90748  0  0 0 0 1 0 0
2066	00d.ma	412	395	267	303	382	146	709.653895655909	 63971	 26884 0  90853  0  0 0 1 0 0 0
2067	00d.ma	412	395	307	12	291	389	692.251875402269	 38715	 53529 0  91992  0  0 0 1 0 0 0
2068	00d.ma	412	395	379	104	195	319	664.42849891163	 30397	 59214 0  89610  0  0 0 1 0 0 0
2069	00d.ma	412	395	392	386	300	95	741.849855148629	 50786	 40951 0  91736  0  0 0 1 0 0 0
2070	00d.ma	412	395	370	156	297	273	739.310749905389	 26735	 64758 0  91485  0  0 0 1 0 0 0
2071	00d.ma	412	395	250	333	345	8	667.1269837214	 56663	 33742 0  90169  0  1 0 0 0 0 0
2072	00d.ma	412	395	296	111	248	384	665.114790412669	 36527	 54106 0  90450  0  0 0 1 0 0 0
2073	00d.ma	412	395	388	159	244	162	640.470129471919	 22518	 68295 0  90812  0  0 0 0 1 0 0
2074	00d.ma	412	395	296	301	391	142	718.967604154869	 62083	 28538 0  90620  0  0 0 1 0 0 0
2075	00d.ma	412	395	303	39	162	385	666.026478657989	 42351	 51431 0  93244  0  1 0 0 0 0 0
2076	00d.ma	412	395	340	79	171	363	669.014285349259	 37158	 55293 0  92443  0  0 0 1 0 0 0
2077	00d.ma	412	395	328	44	209	385	669.487373414749	 36437	 54669 0  91105  0  0 0 0 1 0 0
2078	00d.ma	412	395	304	25	148	374	667.624458404349	 42360	 52342 0  94450  0  0 0 0 0 1 0
2079	00d.ma	412	395	383	148	256	303	706.683332907469	 26496	 64368 0  90843  0  0 0 1 0 0 0
2080	00d.ma	412	395	372	94	279	334	708.629509038449	 33850	 56526 0  90375  0  0 0 1 0 0 0
2081	00d.ma	412	395	284	310	391	143	716.967604154869	 62285	 28174 0  90458  0  0 0 1 0 0 0
2082	00d.ma	412	395	302	276	376	158	742.724963467759	 64155	 27174 0  91320  0  0 0 1 0 0 0
2083	00d.ma	412	395	383	157	294	282	735.695526216199	 27230	 64078 0  91305  0  0 0 1 0 0 0
2084	00d.ma	412	395	345	52	171	358	671.913780285849	 36577	 55551 0  92114  0  0 0 0 0 1 0
2085	00d.ma	412	395	323	13	163	361	672.381817717239	 39048	 55040 0  93715  0  1 0 0 0 0 0
2086	00d.ma	412	395	327	79	160	375	672.570634535329	 39513	 53295 0  92771  0  0 0 1 0 0 0
2087	00d.ma	412	395	323	355	369	88	747.198051533248	 54894	 37018 0  91853  0  0 0 1 0 0 0
2088	00d.ma	412	395	380	166	309	273	748.967604154869	 26751	 64726 0  91465  0  0 0 1 0 0 0
2089	00d.ma	412	395	342	88	228	374	670.416305602899	 34089	 55540 0  89597  0  0 0 1 0 0 0
2090	00d.ma	412	395	215	329	386	90	670.65894629001	 59060	 30106 0  88994  0  0 0 1 0 0 0
2091	00d.ma	412	395	299	366	356	45	725.470129471919	 54891	 37208 0  92035  0  0 0 1 0 0 0
2092	00d.ma	412	395	336	42	181	369	673.913780285849	 37248	 55244 0  92478  0  0 0 1 0 0 0
2093	00d.ma	412	395	339	28	339	376	753.938166903309	 40581	 53070 0  93650  0  0 0 1 0 0 0
2094	00d.ma	412	395	384	366	328	43	748.879292400189	 52085	 39326 0  91344  0  0 0 1 0 0 0
2095	00d.ma	412	395	367	93	250	329	673.31580053949	 31930	 57738 0  89665  0  0 0 1 0 0 0
2096	00d.ma	412	395	246	364	349	73	671.972654788969	 55796	 33807 0  89444  0  0 0 0 0 1 0
2097	00d.ma	412	395	316	89	163	385	674.470129471919	 40497	 52029 0  92525  0  0 0 1 0 0 0
2098	00d.ma	412	395	391	91	220	329	673.51681066631	 29822	 58865 0  88685  0  0 0 1 0 0 0
2099	00d.ma	412	395	319	376	358	72	747.055915909549	 53844	 38508 0  92333  0  0 0 1 0 0 0
2100	00d.ma	412	395	356	44	303	369	731.126983721399	 37507	 54710 0  92211  0  0 0 1 0 0 0
2101	00d.ma	412	395	246	378	333	39	677.428498911629	 55086	 35648 0  90733  0  0 0 0 1 0 0
2102	00d.ma	412	395	260	348	368	73	686.043722600819	 56529	 32719 0  89247  0  0 0 1 0 0 0
2103	00d.ma	412	395	339	373	353	88	755.825468531169	 53374	 39116 0  92489  0  0 0 1 0 0 0
2104	00d.ma	412	395	316	90	164	388	677.470129471919	 40564	 51861 0  92421  0  0 0 1 0 0 0
2105	00d.ma	412	395	256	347	354	33	677.57063453533	 56291	 33412 0  89696  0  0 0 1 0 0 0
2106	00d.ma	412	395	353	328	385	104	755.251875402268	 56036	 33782 0  89815  0  0 0 1 0 0 0
2107	00d.ma	412	395	221	370	340	6	679.74220741059	 55795	 33950 0  89744  0  0 0 1 0 0 0
2108	00d.ma	412	395	330	25	194	381	681.570634535329	 37505	 54997 0  92501  0  0 0 1 0 0 0
2109	00d.ma	412	395	226	358	365	87	676.17366491579	 56969	 32039 0  89006  0  0 0 1 0 0 0
2110	00d.ma	412	395	269	362	357	81	689.842712473999	 55681	 33824 0  89415  0  0 0 1 0 0 0
2111	00d.ma	412	395	276	387	341	77	697.742207410589	 54288	 36171 0  90431  0  0 0 1 0 0 0
2112	00d.ma	412	395	375	152	251	308	717.511760032209	 26158	 65328 0  91478  0  0 0 1 0 0 0
2113	00d.ma	412	395	389	167	204	273	684.913780285849	 23289	 67886 0  91153  0  0 0 1 0 0 0
2114	00d.ma	412	395	363	58	340	360	749.925973594579	 38177	 54060 0  92227  0  0 0 1 0 0 0
2115	00d.ma	412	395	361	85	152	344	681.369624408509	 35296	 56412 0  91707  0  0 0 1 0 0 0
2116	00d.ma	412	395	305	3	167	387	684.624458404349	 40904	 52697 0  93598  0  0 0 1 0 0 0
2117	00d.ma	412	395	283	111	253	392	680.428498911629	 36498	 53790 0  90287  0  0 0 0 1 0 0
2118	00d.ma	412	395	381	75	158	326	678.399061660069	 32874	 57558 0  90423  0  0 0 1 0 0 0
2119	00d.ma	412	395	326	11	253	375	681.925973594579	 36182	 55012 0  90935  0  0 0 0 0 0 1
2120	00d.ma	412	395	339	76	182	381	681.043722600819	 37567	 54506 0  92028  0  0 0 1 0 0 0
2121	00d.ma	412	395	338	87	269	390	698.984848097699	 36125	 54325 0  90442  0  0 0 1 0 0 0
2122	00d.ma	412	395	380	94	269	340	709.114790412669	 32559	 57128 0  89686  0  0 0 1 0 0 0
2123	00d.ma	412	395	306	5	137	378	686.465078837819	 42785	 52477 0  94993  0  1 0 0 0 0 0
2124	00d.ma	412	395	200	357	365	58	676.4163056029	 56566	 33314 0  89879  0  0 0 1 0 0 0
2125	00d.ma	412	395	374	45	185	348	688.014285349259	 33459	 57044 0  90502  0  0 0 1 0 0 0
2126	00d.ma	412	395	262	345	366	98	691.842712473999	 56793	 32544 0  89336  0  0 0 1 0 0 0
2127	00d.ma	412	395	228	372	360	81	683.51681066631	 56153	 33073 0  89027  0  0 0 0 0 0 1
2128	00d.ma	412	395	261	305	377	165	730.239682093539	 66518	 25459 0  91963  0  0 0 1 0 0 0
2129	00d.ma	412	395	153	382	327	86	685.369624408509	 52711	 40356 0  93063  0  0 0 1 0 0 0
2130	00d.ma	412	395	215	279	384	164	685.428498911629	 67953	 23361 0  91313  0  0 0 1 0 0 0
2131	00d.ma	412	395	237	304	388	165	714.742207410589	 66453	 25016 0  91466  0  0 0 1 0 0 0
2132	00d.ma	412	395	399	168	366	218	809.523953340938	 30729	 59941 0  90668  0  0 0 1 0 0 0
2133	00d.ma	412	395	325	10	389	377	769.104689144469	 39839	 52122 0  91907  0  0 0 1 0 0 0
2134	00d.ma	412	395	152	324	376	103	687.340187156949	 58271	 32753 0  91023  0  0 0 1 0 0 0
2135	00d.ma	412	395	325	388	357	84	757.854905782728	 53456	 38685 0  92140  0  0 0 0 1 0 0
2136	00d.ma	412	395	328	52	137	382	692.997041406429	 42062	 52256 0  94316  0  0 0 1 0 0 0
2137	00d.ma	412	395	280	384	337	13	712.281312653829	 54841	 36643 0  91377  0  0 0 1 0 0 0
2138	00d.ma	412	395	342	56	145	371	691.026478657989	 39739	 54449 0  94164  0  0 0 1 0 0 0
2139	00d.ma	412	395	340	359	381	77	766.511760032208	 54790	 36952 0  91727  0  0 0 1 0 0 0
2140	00d.ma	412	395	303	358	385	84	752.014285349258	 55595	 35308 0  90882  0  0 0 1 0 0 0
2141	00d.ma	412	395	270	387	348	84	705.742207410589	 54807	 35628 0  90422  0  0 0 1 0 0 0
2142	00d.ma	412	395	146	380	339	76	694.955410846139	 53339	 40220 0  93557  0  0 0 1 0 0 0
2143	00d.ma	412	395	343	26	145	363	696.452885529089	 38733	 55250 0  93979  0  0 0 1 0 0 0
2144	00d.ma	412	395	368	103	334	363	764.967604154868	 37314	 54625 0  91929  0  0 0 1 0 0 0
2145	00d.ma	412	395	386	90	237	342	690.286363287929	 30638	 58462 0  89098  0  0 0 1 0 0 0
2146	00d.ma	412	395	370	70	331	378	771.884343034288	 38913	 53816 0  92665  0  0 0 1 0 0 0
2147	00d.ma	412	395	357	37	172	363	694.712770159029	 35814	 55875 0  91688  0  0 0 1 0 0 0
2148	00d.ma	412	395	380	131	295	315	766.938166903309	 31873	 58809 0  90681  0  0 0 1 0 0 0
2149	00d.ma	412	395	389	148	348	303	773.394011025969	 30924	 59478 0  90401  0  0 0 1 0 0 0
2150	00d.ma	412	395	376	173	208	272	693.641702347179	 22923	 69979 0  92884  0  0 0 1 0 0 0
2151	00d.ma	412	395	347	315	382	135	774.879292400189	 58373	 32003 0  90375  0  0 0 1 0 0 0
2152	00d.ma	412	395	359	320	390	130	776.536146649668	 57366	 32374 0  89739  0  0 0 1 0 0 0
2153	00d.ma	412	395	383	135	218	322	698.600071786889	 27606	 62702 0  90307  0  0 0 1 0 0 0
2154	00d.ma	412	395	259	388	348	57	700.357431099779	 54860	 35689 0  90546  0  0 0 1 0 0 0
2155	00d.ma	412	395	213	176	378	173	630.01428534926	 71528	 20480 0  92007  0  0 0 1 0 0 0
2156	00d.ma	412	395	170	341	378	108	698.026478657989	 58211	 32560 0  90770  0  0 0 1 0 0 0
2157	00d.ma	412	395	197	366	373	83	695.901586977119	 56694	 33268 0  89744  0  0 0 0 1 0 0
2158	00d.ma	412	395	378	74	303	366	746.085353161108	 36130	 55306 0  91435  0  0 0 1 0 0 0
2159	00d.ma	412	395	344	24	176	377	699.440692220359	 37719	 55299 0  92852  0  0 0 0 0 1 0
2160	00d.ma	412	395	344	9	342	384	776.050865275449	 40863	 53231 0  94092  0  0 0 1 0 0 0
2161	00d.ma	412	395	356	386	354	46	778.523953340939	 52698	 40303 0  93000  0  0 0 1 0 0 0
2162	00d.ma	412	395	164	389	346	55	705.570634535329	 54010	 39145 0  93150  0  0 0 1 0 0 0
2163	00d.ma	412	395	392	86	231	354	700.830519165269	 30999	 57999 0  88997  0  0 0 1 0 0 0
2164	00d.ma	412	395	373	74	375	361	776.009234715159	 36913	 53828 0  90733  0  0 0 1 0 0 0
2165	00d.ma	412	395	369	368	370	86	779.423448277528	 53676	 37581 0  91191  0  0 0 1 0 0 0
2166	00d.ma	412	395	365	360	377	47	778.837661839898	 54388	 37147 0  91509  0  0 0 1 0 0 0
2167	00d.ma	412	395	382	101	239	355	701.357431099779	 31351	 58135 0  89478  0  0 0 1 0 0 0
2168	00d.ma	412	395	397	168	237	314	728.156420972959	 25473	 65866 0  91332  0  0 0 1 0 0 0
2169	00d.ma	412	395	250	372	359	33	701.570634535329	 55909	 33875 0  89549  0  0 0 0 0 1 0
2170	00d.ma	412	395	376	76	230	373	700.102597103939	 32406	 56482 0  88887  0  0 0 0 1 0 0
2171	00d.ma	412	395	276	351	391	99	733.742207410589	 57219	 32369 0  89587  0  0 0 0 1 0 0
2172	00d.ma	412	395	368	379	365	75	782.109739778568	 52986	 38868 0  91853  0  0 0 0 1 0 0
2173	00d.ma	412	395	385	81	237	363	703.244732727639	 31750	 57326 0  89074  0  0 0 1 0 0 0
2174	00d.ma	412	395	392	126	185	328	705.541197283769	 29842	 60521 0  90356  0  0 0 0 1 0 0
2175	00d.ma	412	395	380	175	207	283	705.399061660069	 23184	 69284 0  92467  0  0 0 1 0 0 0
2176	00d.ma	412	395	361	65	153	374	707.641702347179	 38000	 55326 0  93287  0  0 0 1 0 0 0
2177	00d.ma	412	395	307	326	384	142	779.381817717239	 58823	 31651 0  90473  0  0 0 1 0 0 0
2178	00d.ma	412	395	234	314	379	169	731.227488784809	 67018	 25092 0  92102  0  0 0 1 0 0 0
2179	00d.ma	412	395	348	353	391	105	784.595021152788	 55484	 35456 0  90874  0  0 0 1 0 0 0
2180	00d.ma	412	395	239	372	373	86	703.144227664229	 56484	 32494 0  88977  0  0 0 1 0 0 0
2181	00d.ma	412	395	164	369	373	79	710.913780285849	 56021	 35491 0  91511  0  0 0 1 0 0 0
2182	00d.ma	412	395	259	381	359	39	711.813275222439	 55524	 34511 0  90018  0  0 0 1 0 0 0
2183	00d.ma	412	395	349	91	153	384	711.440692220359	 38860	 54484 0  93343  0  0 0 1 0 0 0
2184	00d.ma	412	395	392	116	282	353	748.612265095619	 32487	 57322 0  89804  0  0 0 1 0 0 0
2185	00d.ma	412	395	388	167	337	305	790.251875402269	 29834	 60884 0  90717  0  0 0 1 0 0 0
2186	00d.ma	412	395	297	379	379	75	746.055915909548	 55306	 35117 0  90422  0  0 0 1 0 0 0
2187	00d.ma	412	395	378	78	198	378	710.416305602899	 33493	 56295 0  89787  0  0 0 1 0 0 0
2188	00d.ma	412	395	381	144	291	321	778.085353161109	 31286	 59291 0  90576  0  0 0 1 0 0 0
2189	00d.ma	412	395	210	360	396	76	707.445742854459	 57662	 31218 0  88879  0  0 0 1 0 0 0
2190	00d.ma	412	395	145	385	349	71	712.440692220359	 53933	 40085 0  94014  0  0 0 1 0 0 0
2191	00d.ma	412	395	214	387	370	54	707.274169979199	 55998	 33463 0  89460  0  0 0 1 0 0 0
2192	00d.ma	412	395	361	40	370	387	794.808224588338	 40096	 52821 0  92639  0  0 0 0 0 1 0
2193	00d.ma	412	395	360	59	345	389	780.168614281689	 40226	 52880 0  93105  0  0 0 1 0 0 0
2194	00d.ma	412	395	349	3	388	367	790.862048457358	 38878	 53231 0  92107  0  0 0 1 0 0 0
2195	00d.ma	412	395	337	34	137	388	715.452885529088	 41647	 53113 0  94759  0  0 0 1 0 0 0
2196	00d.ma	412	395	404	70	282	354	748.600071786889	 32478	 57137 0  89614  0  0 0 1 0 0 0
2197	00d.ma	412	395	395	79	218	370	711.546247917869	 31397	 57564 0  88960  0  0 0 1 0 0 0
2198	00d.ma	412	395	257	380	348	3	713.896536343019	 55390	 34753 0  90131  0  0 0 1 0 0 0
2199	00d.ma	412	395	161	387	361	65	717.327993848219	 54922	 38349 0  93269  0  0 0 0 1 0 0
2200	00d.ma	412	395	389	128	269	328	738.499566723479	 31030	 59231 0  90246  0  0 0 1 0 0 0
2201	00d.ma	412	395	359	53	270	392	726.541197283769	 35486	 55199 0  90684  0  0 0 1 0 0 0
2202	00d.ma	412	395	219	375	391	95	719.587878478159	 57756	 31462 0  89217  0  0 0 1 0 0 0
2203	00d.ma	412	395	382	132	237	331	716.399061660069	 28927	 61772 0  90681  0  0 0 1 0 0 0
2204	00d.ma	412	395	332	326	375	148	797.908729651748	 59043	 31333 0  90375  0  0 0 1 0 0 0
2205	00d.ma	412	395	331	319	372	154	796.565583901229	 59789	 30678 0  90466  0  0 0 1 0 0 0
2206	00d.ma	412	395	160	362	387	79	719.570634535329	 56657	 34483 0  91139  0  0 0 1 0 0 0
2207	00d.ma	412	395	392	121	156	333	717.553390592499	 31207	 59463 0  90667  0  0 0 1 0 0 0
2208	00d.ma	412	395	258	389	346	5	720.482322780649	 55148	 35621 0  90765  0  0 0 1 0 0 0
2209	00d.ma	412	395	375	147	300	326	793.352380465678	 31284	 59226 0  90509  0  0 0 1 0 0 0
2210	00d.ma	412	395	384	387	357	37	797.849855148628	 52505	 39762 0  92265  0  0 0 1 0 0 0
2211	00d.ma	412	395	225	385	376	105	721.215295476079	 56690	 32393 0  89082  0  0 0 1 0 0 0
2212	00d.ma	412	395	367	101	230	388	715.629509038449	 33012	 56054 0  89064  0  0 0 0 1 0 0
2213	00d.ma	412	395	372	71	266	393	733.085353161109	 34621	 55367 0  89975  0  0 0 1 0 0 0
2214	00d.ma	412	395	220	334	388	149	723.357431099779	 63080	 27654 0  90733  0  0 0 1 0 0 0
2215	00d.ma	412	395	363	101	246	382	712.842712473999	 33489	 55986 0  89234  0  1 0 0 0 0 0
2216	00d.ma	412	395	347	35	140	387	722.796031279609	 40747	 54105 0  94827  0  0 0 1 0 0 0
2217	00d.ma	412	395	245	387	374	83	720.386868351339	 55861	 33331 0  89168  0  0 0 1 0 0 0
2218	00d.ma	412	395	208	318	372	152	722.055915909549	 65664	 26276 0  91697  0  1 0 0 0 0 0
2219	00d.ma	412	395	288	359	406	68	759.499566723479	 56854	 32688 0  89541  0  0 0 1 0 0 0
2220	00d.ma	412	395	187	363	399	75	722.215295476079	 57451	 32402 0  89849  0  0 0 1 0 0 0
2221	00d.ma	412	395	386	113	303	382	776.139177030128	 34197	 55756 0  89947  0  0 0 1 0 0 0
2222	00d.ma	412	395	373	46	260	386	728.327993848219	 33903	 55772 0  89664  0  0 0 1 0 0 0
2223	00d.ma	412	395	404	71	316	379	792.541197283768	 35248	 55510 0  90722  0  0 0 1 0 0 0
2224	00d.ma	412	395	390	160	289	327	789.671139598739	 30714	 59941 0  90653  0  0 0 1 0 0 0
2225	00d.ma	412	395	350	51	140	388	723.482322780648	 40580	 54013 0  94588  0  0 0 1 0 0 0
2226	00d.ma	412	395	260	322	382	131	735.256926036369	 60370	 30086 0  90455  0  0 0 1 0 0 0
2227	00d.ma	412	395	351	299	380	176	802.364573774408	 61823	 29063 0  90885  0  0 0 1 0 0 0
2228	00d.ma	412	395	354	301	380	174	803.607214461518	 61394	 29391 0  90784  0  0 0 1 0 0 0
2229	00d.ma	412	395	388	84	362	377	802.695526216198	 37692	 54076 0  91712  0  0 0 1 0 0 0
2230	00d.ma	412	395	369	349	393	126	805.264068710998	 55841	 34066 0  89904  0  0 0 1 0 0 0
2231	00d.ma	412	395	292	325	379	156	792.399061660068	 59792	 30761 0  90551  0  0 0 1 0 0 0
2232	00d.ma	412	395	389	146	351	337	806.636651713078	 32809	 57540 0  90348  0  0 0 1 0 0 0
2233	00d.ma	412	395	392	119	371	357	806.678282273368	 34933	 55345 0  90277  0  0 0 1 0 0 0
2234	00d.ma	412	395	258	341	390	131	735.470129471919	 59722	 30342 0  90062  0  0 0 1 0 0 0
2235	00d.ma	412	395	214	319	378	161	725.327993848219	 66057	 25732 0  91785  0  0 0 1 0 0 0
2236	00d.ma	412	395	401	71	369	363	806.180807590418	 35816	 55058 0  90872  0  0 0 0 1 0 0
2237	00d.ma	412	395	282	334	382	148	776.884343034289	 59616	 30740 0  90354  0  0 0 1 0 0 0
2238	00d.ma	412	395	393	158	202	327	729.913780285849	 27150	 63837 0  90984  0  0 0 1 0 0 0
2239	00d.ma	412	395	397	77	259	368	728.529003975039	 31849	 57152 0  88995  0  0 0 1 0 0 0
2240	00d.ma	412	395	149	385	348	6	730.080302527009	 55096	 39598 0  94471  0  0 0 0 0 0 1
2241	00d.ma	412	395	371	46	143	380	733.997041406428	 38184	 55471 0  93652  0  0 0 1 0 0 0
2242	00d.ma	412	395	394	155	273	321	766.185858224519	 29945	 60803 0  90743  0  0 0 1 0 0 0
2243	00d.ma	412	395	293	322	381	170	805.327993848218	 60673	 30058 0  90725  0  0 0 1 0 0 0
2244	00d.ma	412	395	392	124	246	359	732.470129471919	 30688	 59028 0  89710  0  0 0 1 0 0 0
2245	00d.ma	412	395	357	388	388	82	810.796031279608	 53718	 38528 0  92138  0  0 0 1 0 0 0
2246	00d.ma	412	395	395	167	343	325	812.322943214118	 30980	 59436 0  90415  0  0 0 1 0 0 0
2247	00d.ma	412	395	194	325	396	162	736.470129471919	 64210	 26893 0  91100  0  0 0 1 0 0 0
2248	00d.ma	412	395	389	171	307	330	809.724963467758	 30511	 60064 0  90574  0  0 0 1 0 0 0
2249	00d.ma	412	395	354	53	134	388	730.796031279609	 40644	 54196 0  94780  0  0 0 1 0 0 0
2250	00d.ma	412	395	388	131	287	359	772.754400719318	 32075	 57791 0  89862  0  0 0 1 0 0 0
2251	00d.ma	412	395	391	142	265	344	754.298556596659	 30287	 59832 0  90118  0  0 0 1 0 0 0
2252	00d.ma	412	395	390	127	313	380	802.624458404348	 34053	 56036 0  90085  0  0 0 1 0 0 0
2253	00d.ma	412	395	241	387	382	109	737.499566723479	 56633	 32377 0  89005  0  0 0 0 1 0 0
2254	00d.ma	412	395	198	376	402	72	734.901586977119	 57384	 32222 0  89605  0  0 0 1 0 0 0
2255	00d.ma	412	395	336	329	375	160	812.222438150708	 59291	 31069 0  90359  0  0 0 1 0 0 0
2256	00d.ma	412	395	380	170	331	326	815.080302527008	 30468	 60063 0  90530  0  0 0 1 0 0 0
2257	00d.ma	412	395	390	130	180	353	737.440692220359	 30991	 59424 0  90414  0  0 0 1 0 0 0
2258	00d.ma	412	395	335	347	380	147	814.737156776488	 57626	 32912 0  90536  0  0 0 1 0 0 0
2259	00d.ma	412	395	306	325	379	173	811.281312653828	 60790	 29954 0  90741  0  0 0 1 0 0 0
2260	00d.ma	412	395	394	79	278	391	756.399061660068	 33264	 55877 0  89140  0  0 0 0 1 0 0
2261	00d.ma	412	395	408	67	186	369	740.943217537409	 32209	 57602 0  89809  0  0 0 1 0 0 0
2262	00d.ma	412	395	385	155	222	346	743.428498911629	 28045	 62886 0  90930  0  0 0 1 0 0 0
2263	00d.ma	412	395	243	330	387	157	743.156420972959	 63137	 27963 0  91095  0  0 0 1 0 0 0
2264	00d.ma	412	395	380	174	351	319	820.364573774408	 30363	 60265 0  90626  0  0 0 1 0 0 0
2265	00d.ma	412	395	405	69	185	371	739.529003975039	 32504	 57467 0  89969  0  0 0 0 1 0 0
2266	00d.ma	412	395	391	81	251	388	740.043722600819	 32806	 56313 0  89118  0  0 0 1 0 0 0
2267	00d.ma	412	395	170	379	388	94	739.641702347179	 56525	 34421 0  90945  0  0 0 0 1 0 0
2268	00d.ma	412	395	195	339	377	147	741.369624408509	 62580	 28448 0  91027  0  0 0 1 0 0 0
2269	00d.ma	412	395	368	148	305	345	816.683332907468	 31739	 58836 0  90567  0  0 0 1 0 0 0
2270	00d.ma	412	395	244	332	376	148	742.298556596659	 62794	 28285 0  91075  0  0 0 1 0 0 0
2271	00d.ma	412	395	287	372	387	128	776.724963467758	 57386	 31979 0  89363  0  0 0 1 0 0 0
2272	00d.ma	412	395	149	347	385	131	747.938166903309	 59292	 31412 0  90700  0  0 0 1 0 0 0
2273	00d.ma	412	395	391	130	300	380	792.210244841978	 32826	 56621 0  89446  0  0 0 0 1 0 0
2274	00d.ma	412	395	185	382	400	75	743.043722600819	 56786	 33347 0  90132  0  0 0 1 0 0 0
2275	00d.ma	412	395	407	66	232	380	744.487373414749	 31330	 57543 0  88872  0  0 0 1 0 0 0
2276	00d.ma	412	395	349	323	376	173	824.193000899148	 60078	 30465 0  90542  0  0 0 1 0 0 0
2277	00d.ma	412	395	331	357	384	149	823.423448277528	 57210	 33288 0  90495  0  0 0 1 0 0 0
2278	00d.ma	412	395	175	335	392	157	747.683332907469	 62381	 28592 0  90972  0  0 0 1 0 0 0
2279	00d.ma	412	395	331	388	406	69	814.097546469838	 55110	 36564 0  91673  0  0 0 1 0 0 0
2280	00d.ma	412	395	392	110	163	373	747.168614281689	 33886	 57092 0  90977  0  0 0 1 0 0 0
2281	00d.ma	412	395	384	143	210	362	749.499566723479	 29742	 60640 0  90377  0  0 0 1 0 0 0
2282	00d.ma	412	395	179	317	374	172	750.482322780649	 66199	 25711 0  91908  0  0 0 1 0 0 0
2283	00d.ma	412	395	173	323	380	166	750.482322780649	 64590	 26849 0  91435  0  0 0 1 0 0 0
2284	00d.ma	412	395	266	342	374	146	769.612265095619	 60830	 29755 0  90583  0  0 0 1 0 0 0
2285	00d.ma	412	395	348	369	380	131	829.636651713078	 55902	 34762 0  90663  0  0 0 1 0 0 0
2286	00d.ma	412	395	383	383	397	76	825.322943214118	 53817	 37454 0  91257  0  0 0 1 0 0 0
2287	00d.ma	412	395	264	385	401	73	753.256926036369	 56566	 32417 0  88982  0  0 0 1 0 0 0
2288	00d.ma	412	395	236	368	381	131	751.813275222439	 59486	 30264 0  89749  0  0 0 1 0 0 0
2289	00d.ma	412	395	234	323	377	168	746.399061660069	 65762	 26276 0  91795  0  1 0 0 0 0 0
2290	00d.ma	412	395	342	364	386	143	828.151370338858	 56429	 34193 0  90621  0  0 0 1 0 0 0
2291	00d.ma	412	395	378	149	302	366	812.796031279608	 32100	 58029 0  90125  0  0 0 1 0 0 0
2292	00d.ma	412	395	228	353	372	146	754.570634535329	 62242	 28537 0  90777  0  0 0 1 0 0 0
2293	00d.ma	412	395	307	354	368	150	823.239682093538	 58564	 31907 0  90470  0  0 0 1 0 0 0
2294	00d.ma	412	395	387	141	165	354	756.896536343019	 30883	 59743 0  90625  0  0 0 1 0 0 0
2295	00d.ma	412	395	374	172	232	330	753.126983721399	 25899	 65950 0  91847  0  0 0 1 0 0 0
2296	00d.ma	412	395	382	134	247	364	752.612265095619	 30302	 59504 0  89803  0  0 0 1 0 0 0
2297	00d.ma	412	395	216	351	370	151	753.327993848219	 63059	 28018 0  91072  0  0 0 1 0 0 0
2298	00d.ma	412	395	320	352	384	167	831.867099091458	 58641	 31805 0  90444  0  0 0 1 0 0 0
2299	00d.ma	412	395	391	128	170	369	755.168614281689	 32514	 58293 0  90806  0  0 0 1 0 0 0
2300	00d.ma	412	395	388	137	163	357	756.310749905389	 31339	 59250 0  90588  0  0 0 1 0 0 0
2301	00d.ma	412	395	213	372	382	142	759.842712473999	 60138	 29967 0  90104  0  0 0 1 0 0 0
2302	00d.ma	412	395	384	153	153	340	761.109739778569	 29558	 61184 0  90741  0  0 0 1 0 0 0
2303	00d.ma	412	395	391	115	145	375	757.695526216198	 34864	 56771 0  91634  0  0 0 1 0 0 0
2304	00d.ma	412	395	387	163	357	348	837.950360212038	 32681	 57749 0  90429  0  0 0 0 1 0 0
2305	00d.ma	412	395	268	364	385	141	767.653895655909	 59282	 30415 0  89696  0  0 0 1 0 0 0
2306	00d.ma	412	395	299	351	380	163	816.754400719318	 59165	 31149 0  90313  0  0 0 1 0 0 0
2307	00d.ma	412	395	161	337	373	147	757.452885529089	 61921	 29019 0  90939  0  0 0 1 0 0 0
2308	00d.ma	412	395	217	386	384	131	759.771644662149	 58791	 30846 0  89625  0  0 0 1 0 0 0
2309	00d.ma	412	395	381	145	363	360	837.506709398108	 33943	 56427 0  90369  0  0 0 1 0 0 0
2310	00d.ma	412	395	372	150	255	324	754.813275222439	 28551	 62553 0  91100  0  0 0 1 0 0 0
2311	00d.ma	412	395	408	66	165	380	761.055915909549	 33782	 57064 0  90845  0  0 0 1 0 0 0
2312	00d.ma	412	395	196	342	388	171	761.641702347179	 63898	 27379 0  91274  0  0 0 1 0 0 0
2313	00d.ma	412	395	260	342	370	150	769.269119345099	 61845	 29236 0  90865  0  1 0 0 0 0 0
2314	00d.ma	412	395	242	372	380	137	761.783837970879	 59334	 30381 0  89714  0  0 0 1 0 0 0
2315	00d.ma	412	395	383	131	354	381	841.121933087298	 35979	 55371 0  91285  0  0 0 1 0 0 0
2316	00d.ma	412	395	262	340	367	150	773.440692220359	 61873	 29085 0  90936  0  0 0 1 0 0 0
2317	00d.ma	412	395	390	146	252	362	760.783837970879	 30000	 59954 0  89953  0  0 0 1 0 0 0
2318	00d.ma	412	395	378	166	228	347	760.813275222439	 27425	 63853 0  91271  0  0 0 1 0 0 0
2319	00d.ma	412	395	304	370	373	146	820.210244841978	 57983	 31963 0  89945  0  0 0 1 0 0 0
2320	00d.ma	412	395	381	136	178	368	762.997041406429	 31385	 59135 0  90506  0  0 0 1 0 0 0
2321	00d.ma	412	395	388	166	284	358	804.340187156949	 30301	 59845 0  90145  0  0 0 1 0 0 0
2322	00d.ma	412	395	290	376	379	144	801.867099091458	 58283	 31385 0  89667  0  0 0 1 0 0 0
2323	00d.ma	412	395	394	170	236	352	768.156420972959	 28005	 63024 0  91021  0  0 0 1 0 0 0
2324	00d.ma	412	395	267	376	388	140	775.825468531169	 58568	 30929 0  89496  0  0 0 1 0 0 0
2325	00d.ma	412	395	284	354	377	157	798.239682093538	 59722	 30521 0  90242  0  0 0 1 0 0 0
2326	00d.ma	412	395	405	68	160	384	763.884343034289	 34432	 56649 0  91080  0  0 0 0 1 0 0
2327	00d.ma	412	395	392	130	258	385	769.440692220358	 31584	 57680 0  89262  0  0 0 1 0 0 0
2328	00d.ma	412	395	250	327	376	166	762.470129471919	 63992	 27576 0  91327  0  0 0 0 0 0 1
2329	00d.ma	412	395	151	348	378	146	767.180807590418	 60434	 30294 0  90725  0  0 0 1 0 0 0
2330	00d.ma	412	395	379	156	305	365	821.967604154868	 32021	 58256 0  90273  0  0 0 1 0 0 0
2331	00d.ma	412	395	298	374	374	148	815.695526216198	 58227	 31548 0  89774  0  0 0 1 0 0 0
2332	00d.ma	412	395	306	387	391	149	820.109739778568	 57062	 32390 0  89451  0  0 0 1 0 0 0
2333	00d.ma	412	395	225	364	372	153	767.813275222439	 61736	 28919 0  90654  0  0 0 1 0 0 0
2334	00d.ma	412	395	257	336	377	161	767.783837970879	 62413	 28518 0  90930  0  0 0 1 0 0 0
2335	00d.ma	412	395	383	143	230	380	770.156420972959	 30319	 59489 0  89805  0  0 0 1 0 0 0
2336	00d.ma	412	395	363	382	382	133	847.678282273368	 55306	 36023 0  91328  0  0 0 0 1 0 0
2337	00d.ma	412	395	155	328	379	175	772.352380465679	 64329	 27049 0  91373  0  0 0 1 0 0 0
2338	00d.ma	412	395	313	358	379	176	846.038671966718	 59047	 31354 0  90400  0  0 0 1 0 0 0
2339	00d.ma	412	395	247	344	380	169	767.854905782729	 63584	 27561 0  91139  0  0 0 1 0 0 0
2340	00d.ma	412	395	378	173	312	360	844.310749905388	 31560	 58892 0  90442  0  0 0 1 0 0 0
2341	00d.ma	412	395	378	174	347	351	851.536146649668	 31860	 58611 0  90470  0  0 0 1 0 0 0
2342	00d.ma	412	395	381	151	348	375	851.707719524928	 34356	 56288 0  90643  0  0 0 1 0 0 0
2343	00d.ma	412	395	175	366	381	149	775.239682093539	 59882	 30676 0  90557  0  0 0 1 0 0 0
2344	00d.ma	412	395	375	149	224	375	773.156420972959	 29663	 60592 0  90249  0  0 0 1 0 0 0
2345	00d.ma	412	395	379	176	277	346	806.097546469839	 29172	 61570 0  90741  0  0 0 1 0 0 0
2346	00d.ma	412	395	275	374	383	149	788.210244841978	 59061	 30543 0  89603  0  0 0 1 0 0 0
2347	00d.ma	412	395	388	142	209	389	774.256926036369	 30932	 58887 0  89814  0  0 0 1 0 0 0
2348	00d.ma	412	395	315	363	378	175	850.553390592498	 58753	 31626 0  90377  0  0 0 1 0 0 0
2349	00d.ma	412	395	380	143	347	382	853.050865275448	 35015	 55853 0  90863  0  0 0 1 0 0 0
2350	00d.ma	412	395	355	347	378	174	850.849855148628	 58639	 31806 0  90444  0  0 0 1 0 0 0
2351	00d.ma	412	395	292	359	375	171	823.139177030128	 59962	 30322 0  90283  0  0 0 1 0 0 0
2352	00d.ma	412	395	241	366	373	153	775.440692220359	 60971	 29370 0  90340  0  0 0 1 0 0 0
2353	00d.ma	412	395	194	381	381	146	779.369624408509	 59287	 30833 0  90118  0  0 0 1 0 0 0
2354	00d.ma	412	395	252	381	383	142	779.854905782729	 59021	 30853 0  89707  0  1 0 0 0 0 0
2355	00d.ma	412	395	200	362	377	162	775.541197283769	 61942	 28925 0  90866  0  0 0 1 0 0 0
2356	00d.ma	412	395	387	142	249	383	777.783837970878	 30897	 58780 0  89670  0  0 0 1 0 0 0
2357	00d.ma	412	395	386	140	253	381	776.440692220359	 30875	 58720 0  89589  0  0 0 1 0 0 0
2358	00d.ma	412	395	249	372	387	154	778.783837970879	 59983	 29983 0  89965  0  0 0 1 0 0 0
2359	00d.ma	412	395	369	148	295	378	819.352380465678	 31149	 58564 0  89711  0  0 0 1 0 0 0
2360	00d.ma	412	395	258	351	389	172	781.026478657989	 62312	 28489 0  90800  0  0 0 1 0 0 0
2361	00d.ma	412	395	390	169	276	369	803.068109218279	 29924	 60186 0  90109  0  0 0 1 0 0 0
2362	00d.ma	412	395	380	163	237	367	780.712770159029	 29090	 61516 0  90595  0  0 0 1 0 0 0
2363	00d.ma	412	395	368	150	350	374	861.193000899148	 33837	 56672 0  90508  0  0 0 1 0 0 0
2364	00d.ma	412	395	373	148	204	380	783.055915909549	 30145	 60168 0  90310  0  0 0 1 0 0 0
2365	00d.ma	412	395	377	167	324	373	856.109739778568	 32763	 57648 0  90410  0  0 0 0 1 0 0
2366	00d.ma	412	395	377	371	379	151	860.548339958398	 56006	 34210 0  90215  0  0 0 1 0 0 0
2367	00d.ma	412	395	378	175	355	354	858.849855148628	 32148	 58320 0  90467  0  0 0 1 0 0 0
2368	00d.ma	412	395	367	148	328	383	856.423448277528	 33303	 56852 0  90154  0  0 0 0 1 0 0
2369	00d.ma	412	395	301	373	375	163	829.938166903308	 58721	 31220 0  89940  0  0 0 1 0 0 0
2370	00d.ma	412	395	375	173	168	343	781.624458404349	 27748	 63439 0  91183  0  0 0 1 0 0 0
2371	00d.ma	412	395	320	383	381	155	842.595021152788	 56949	 32971 0  89915  0  0 0 1 0 0 0
2372	00d.ma	412	395	376	165	271	363	797.381817717239	 29544	 60778 0  90321  0  0 0 1 0 0 0
2373	00d.ma	412	395	393	162	295	386	821.695526216198	 31203	 58347 0  89549  0  0 0 1 0 0 0
2374	00d.ma	412	395	174	354	382	173	787.239682093539	 62441	 28547 0  90987  0  0 0 1 0 0 0
2375	00d.ma	412	395	338	371	378	170	863.808224588338	 57537	 32967 0  90502  0  0 0 1 0 0 0
2376	00d.ma	412	395	213	380	367	153	787.399061660069	 60893	 29489 0  90381  0  0 0 1 0 0 0
2377	00d.ma	412	395	323	376	375	168	858.180807590418	 57759	 32643 0  90401  0  0 0 1 0 0 0
2378	00d.ma	412	395	380	158	173	359	778.482322780649	 29841	 60928 0  90759  0  0 0 1 0 0 0
2379	00d.ma	412	395	153	346	381	172	787.352380465678	 62356	 28650 0  91005  0  0 0 1 0 0 0
2380	00d.ma	412	395	385	144	373	385	863.406204334698	 35865	 55342 0  91206  0  0 0 1 0 0 0
2381	00d.ma	412	395	356	377	367	148	866.849855148628	 56447	 34051 0  90497  0  0 0 1 0 0 0
2382	00d.ma	412	395	382	171	333	377	867.080302527008	 33197	 57314 0  90509  0  0 0 1 0 0 0
2383	00d.ma	412	395	385	170	232	372	788.570634535329	 28989	 61683 0  90660  0  0 0 1 0 0 0
2384	00d.ma	412	395	374	146	169	373	788.724963467758	 30995	 59553 0  90547  0  0 0 1 0 0 0
2385	00d.ma	412	395	375	164	299	380	831.837661839898	 31033	 58707 0  89737  0  0 0 1 0 0 0
2386	00d.ma	412	395	382	169	249	365	788.854905782729	 28948	 61640 0  90587  0  0 0 1 0 0 0
2387	00d.ma	412	395	382	150	178	382	790.582827844059	 31413	 59114 0  90521  0  0 0 1 0 0 0
2388	00d.ma	412	395	173	359	379	170	790.896536343019	 61846	 29041 0  90886  0  0 0 1 0 0 0
2389	00d.ma	412	395	396	161	353	382	867.879292400188	 34464	 56212 0  90675  0  0 0 1 0 0 0
2390	00d.ma	412	395	380	144	376	383	866.477272146548	 35457	 55435 0  90881  0  0 0 1 0 0 0
2391	00d.ma	412	395	379	150	186	388	794.511760032208	 31324	 59039 0  90355  0  0 0 1 0 0 0
2392	00d.ma	412	395	390	159	285	391	816.452885529088	 31099	 58353 0  89451  0  0 0 1 0 0 0
2393	00d.ma	412	395	380	168	357	373	870.849855148628	 33493	 56872 0  90364  0  0 0 1 0 0 0
2394	00d.ma	412	395	377	162	256	366	787.825468531169	 29370	 60962 0  90331  0  0 0 1 0 0 0
2395	00d.ma	412	395	242	384	371	149	793.612265095619	 59774	 30094 0  89867  0  0 0 1 0 0 0
2396	00d.ma	412	395	382	170	366	368	870.749350085218	 33363	 57012 0  90348  0  0 0 1 0 0 0
2397	00d.ma	412	395	270	386	371	147	806.381817717238	 58975	 30603 0  89575  0  0 0 1 0 0 0
2398	00d.ma	412	395	239	371	380	170	792.541197283769	 61701	 28988 0  90682  0  0 0 1 0 0 0
2399	00d.ma	412	395	376	172	360	368	872.749350085218	 33089	 57342 0  90430  0  0 0 1 0 0 0
2400	00d.ma	412	395	366	152	277	381	811.352380465678	 30282	 59463 0  89742  0  0 0 1 0 0 0
2401	00d.ma	412	395	187	388	391	162	801.126983721398	 59405	 30905 0  90309  0  0 0 1 0 0 0
2402	00d.ma	412	395	394	169	199	383	798.570634535329	 29977	 60504 0  90468  0  0 0 1 0 0 0
2403	00d.ma	412	395	379	171	212	381	797.742207410589	 29188	 61506 0  90689  0  0 0 1 0 0 0
2404	00d.ma	412	395	375	156	383	374	872.690475582098	 34029	 56019 0  90047  0  0 0 1 0 0 0
2405	00d.ma	412	395	375	161	206	385	795.884343034289	 29915	 60447 0  90359  0  0 0 1 0 0 0
2406	00d.ma	412	395	392	166	233	388	798.085353161109	 29995	 60062 0  90052  0  0 0 1 0 0 0
2407	00d.ma	412	395	389	172	228	382	797.256926036369	 29372	 61054 0  90417  0  0 0 1 0 0 0
2408	00d.ma	412	395	382	149	259	393	800.997041406428	 31203	 58593 0  89601  0  1 0 0 0 0 0
2409	00d.ma	412	395	157	369	375	158	797.180807590418	 59994	 30707 0  90696  0  0 0 1 0 0 0
2410	00d.ma	412	395	154	370	369	151	799.009234715158	 59836	 30861 0  90680  0  0 0 1 0 0 0
2411	00d.ma	412	395	368	382	393	168	879.849855148628	 56206	 34421 0  90626  0  0 0 1 0 0 0
2412	00d.ma	412	395	182	385	386	164	804.269119345098	 59690	 30757 0  90446  0  0 0 1 0 0 0
2413	00d.ma	412	395	342	388	386	171	880.151370338858	 56559	 33930 0  90477  0  0 0 1 0 0 0
2414	00d.ma	412	395	372	380	379	154	870.477272146548	 55861	 34674 0  90492  0  0 0 1 0 0 0
2415	00d.ma	412	395	261	383	368	152	804.724963467758	 59621	 30187 0  89807  0  0 0 1 0 0 0
2416	00d.ma	412	395	376	147	257	391	800.997041406428	 30984	 58878 0  89665  0  1 0 0 0 0 0
2417	00d.ma	412	395	375	171	303	388	846.151370338858	 31050	 58734 0  89781  0  0 0 1 0 0 0
2418	00d.ma	412	395	376	148	171	387	800.724963467758	 31858	 58830 0  90674  0  0 0 1 0 0 0
2419	00d.ma	412	395	293	387	376	170	834.322943214118	 59145	 30525 0  89669  0  0 0 1 0 0 0
2420	00d.ma	412	395	367	150	173	378	800.724963467758	 30702	 59882 0  90583  0  0 0 1 0 0 0
