mapNUm 	 mapName 	 width 	 height 	 StartX 	 StartY  	 GoalX 	 GoalY 	 optimalCost 	 ForwardverticesNum 	 BackwardverticesNum 	 times 	 OSME
1	03d.ma	274	391	166	221	168	223	2.82842712474	 1	 1 5e-06  2  0
2	03d.ma	274	391	108	170	107	169	1.41421356237	 1	 1 6e-06  1  0
3	03d.ma	274	391	124	227	125	227	1	 1	 1 7e-06  1  0
4	03d.ma	274	391	45	191	45	191	0	 0	 0 0  0  0
5	03d.ma	274	391	96	320	96	322	2	 1	 1 4e-06  2  0
6	03d.ma	274	391	188	167	191	168	3.41421356237	 2	 1 6e-06  3  0
7	03d.ma	274	391	220	350	221	352	2.41421356237	 1	 1 5e-06  2  0
8	03d.ma	274	391	220	346	221	348	2.41421356237	 1	 1 6e-06  2  0
9	03d.ma	274	391	182	176	183	178	2.41421356237	 1	 1 7e-06  2  0
10	03d.ma	274	391	101	212	101	212	0	 0	 0 0  0  0
11	03d.ma	274	391	129	238	125	236	4.82842712474	 2	 2 9e-06  4  0
12	03d.ma	274	391	118	72	118	77	5	 3	 2 9e-06  5  0
13	03d.ma	274	391	70	348	67	351	4.24264068711	 2	 1 6e-06  3  0
14	03d.ma	274	391	125	197	132	195	7.82842712474	 9	 3 1.3e-05  12  0
15	03d.ma	274	391	110	76	103	75	7.41421356237	 7	 3 1.1e-05  10  0
16	03d.ma	274	391	119	3	124	3	5	 3	 2 9e-06  5  0
17	03d.ma	274	391	99	224	106	223	7.41421356237	 7	 3 1.4e-05  10  0
18	03d.ma	274	391	139	163	136	157	7.24264068711	 4	 3 1.1e-05  7  0
19	03d.ma	274	391	115	42	118	39	4.24264068711	 2	 1 7e-06  3  0
20	03d.ma	274	391	115	234	110	229	7.07106781185	 3	 2 8e-06  5  0
21	03d.ma	274	391	168	74	177	74	9	 5	 4 1.1e-05  9  0
22	03d.ma	274	391	102	233	108	226	9.48528137422	 4	 3 1.1e-05  7  0
23	03d.ma	274	391	152	82	148	89	8.65685424948	 5	 3 1e-05  8  0
24	03d.ma	274	391	92	239	85	233	9.48528137422	 3	 4 1e-05  7  0
25	03d.ma	274	391	125	104	123	112	8.82842712474	 6	 6 1.1e-05  12  0
26	03d.ma	274	391	60	345	55	351	8.07106781185	 3	 3 7e-06  6  0
27	03d.ma	274	391	123	69	131	74	10.07106781185	 5	 4 1.3e-05  9  0
28	03d.ma	274	391	117	305	109	307	8.82842712474	 6	 6 1.1e-05  12  0
29	03d.ma	274	391	140	71	149	71	9	 5	 4 1e-05  9  0
30	03d.ma	274	391	188	119	179	122	10.24264068711	 9	 5 1.4e-05  14  0
31	03d.ma	274	391	109	309	109	322	13	 7	 6 9e-06  13  0
32	03d.ma	274	391	266	343	255	349	13.48528137422	 11	 5 1.8e-05  16  0
33	03d.ma	274	391	99	309	88	320	15.55634918607	 6	 5 1.7e-05  11  0
34	03d.ma	274	391	110	205	105	215	12.07106781185	 8	 6 1.2e-05  14  0
35	03d.ma	274	391	124	126	125	114	12.41421356237	 11	 6 1.2e-05  17  0
36	03d.ma	274	391	84	356	80	342	15.65685424948	 9	 6 1.1e-05  15  0
37	03d.ma	274	391	84	221	96	218	13.24264068711	 13	 9 1.5e-05  22  0
38	03d.ma	274	391	163	231	155	222	15.82842712474	 22	 32 2.1e-05  48  0
39	03d.ma	274	391	157	128	163	115	15.48528137422	 15	 7 1.5e-05  22  0
40	03d.ma	274	391	111	117	122	108	14.72792206133	 6	 5 1.3e-05  11  0
41	03d.ma	274	391	167	264	181	255	17.72792206133	 10	 8 1.7e-05  18  0
42	03d.ma	274	391	97	347	105	334	16.31370849896	 12	 6 1.6e-05  18  0
43	03d.ma	274	391	105	356	91	361	16.07106781185	 15	 11 1.8e-05  26  0
44	03d.ma	274	391	39	166	25	173	17.48528137422	 16	 28 2.8e-05  44  0
45	03d.ma	274	391	135	126	119	123	17.24264068711	 19	 13 2e-05  32  0
46	03d.ma	274	391	157	116	169	126	16.1421356237	 6	 6 2e-05  12  0
47	03d.ma	274	391	180	168	170	183	19.1421356237	 13	 7 2.4e-05  20  0
48	03d.ma	274	391	184	171	167	171	17	 9	 8 1.6e-05  17  0
49	03d.ma	274	391	109	348	98	333	19.55634918607	 10	 7 1.5e-05  17  0
50	03d.ma	274	391	158	116	174	118	16.82842712474	 14	 14 2.1e-05  28  0
51	03d.ma	274	391	99	212	117	201	22.55634918607	 14	 11 2e-05  25  0
52	03d.ma	274	391	151	347	172	340	23.89949493659	 54	 9 3.3e-05  63  0
53	03d.ma	274	391	39	193	24	177	22.79898987318	 8	 17 1.8e-05  25  0
54	03d.ma	274	391	149	59	135	76	23.38477631081	 19	 31 2.3e-05  50  0
55	03d.ma	274	391	119	344	115	327	19.48528137422	 22	 36 2.3e-05  58  0
56	03d.ma	274	391	36	232	42	213	21.48528137422	 30	 11 2.8e-05  41  0
57	03d.ma	274	391	143	55	139	38	18.65685424948	 18	 34 2.2e-05  52  0
58	03d.ma	274	391	110	115	130	116	20.41421356237	 19	 10 1.9e-05  29  0
59	03d.ma	274	391	103	123	82	118	23.07106781185	 30	 19 3.6e-05  49  0
60	03d.ma	274	391	115	211	95	213	21.65685424948	 20	 31 2.6e-05  51  0
61	03d.ma	274	391	107	248	116	226	25.72792206133	 26	 13 2.2e-05  39  0
62	03d.ma	274	391	127	58	146	44	24.79898987318	 9	 10 1.9e-05  19  0
63	03d.ma	274	391	133	170	135	146	24.82842712474	 22	 22 2.8e-05  44  0
64	03d.ma	274	391	123	217	141	200	25.04163056029	 9	 9 2.7e-05  18  0
65	03d.ma	274	391	132	122	157	121	25.41421356237	 25	 12 2.2e-05  37  0
66	03d.ma	274	391	105	203	109	178	26.65685424948	 37	 20 2.4e-05  57  0
67	03d.ma	274	391	107	286	117	304	23.89949493659	 49	 29 3e-05  78  0
68	03d.ma	274	391	135	19	122	40	26.38477631081	 11	 11 1.7e-05  22  0
69	03d.ma	274	391	149	63	141	45	22.97056274844	 83	 20 3.8e-05  103  0
70	03d.ma	274	391	131	57	114	76	26.04163056029	 10	 9 1.8e-05  19  0
71	03d.ma	274	391	103	353	74	346	31.89949493659	 13	 65 3.4e-05  78  0
72	03d.ma	274	391	150	87	143	62	29.07106781185	 99	 16 7.7e-05  115  0
73	03d.ma	274	391	60	214	68	201	29.48528137422	 157	 138 8.5e-05  249  0
74	03d.ma	274	391	153	79	184	78	31.41421356237	 31	 15 2.5e-05  46  0
75	03d.ma	274	391	123	321	108	344	29.21320343555	 15	 12 2e-05  27  0
76	03d.ma	274	391	112	165	138	155	30.1421356237	 25	 16 2.4e-05  41  0
77	03d.ma	274	391	150	54	166	78	30.62741699792	 19	 11 2e-05  30  0
78	03d.ma	274	391	151	113	128	127	28.79898987318	 24	 14 2.3e-05  38  0
79	03d.ma	274	391	111	123	132	106	28.04163056029	 13	 10 2.2e-05  23  0
80	03d.ma	274	391	112	231	99	206	30.38477631081	 55	 11 3.3e-05  66  0
81	03d.ma	274	391	74	353	106	358	34.07106781185	 47	 51 4.2e-05  98  0
82	03d.ma	274	391	115	301	116	333	32.41421356237	 31	 16 3.1e-05  47  0
83	03d.ma	274	391	137	77	140	44	34.24264068711	 45	 29 2.8e-05  74  0
84	03d.ma	274	391	115	75	83	77	32.82842712474	 30	 30 3.3e-05  60  0
85	03d.ma	274	391	55	214	86	213	33.07106781185	 46	 62 4.7e-05  108  0
86	03d.ma	274	391	93	221	106	193	33.38477631081	 53	 18 4.5e-05  71  0
87	03d.ma	274	391	71	71	104	70	34.24264068711	 19	 35 4e-05  54  0
88	03d.ma	274	391	112	202	125	229	32.38477631081	 64	 13 4.6e-05  77  0
89	03d.ma	274	391	145	41	121	18	33.52691193451	 12	 12 3.1e-05  24  0
90	03d.ma	274	391	142	78	112	72	32.48528137422	 44	 44 4e-05  88  0
91	03d.ma	274	391	97	199	69	221	37.11269837214	 17	 17 2.8e-05  34  0
92	03d.ma	274	391	105	190	136	198	36.07106781185	 46	 124 6.4e-05  170  0
93	03d.ma	274	391	127	40	142	8	38.21320343555	 66	 23 4.2e-05  89  0
94	03d.ma	274	391	123	360	89	353	36.89949493659	 55	 61 4.7e-05  116  0
95	03d.ma	274	391	111	219	73	218	38.41421356237	 36	 19 3.2e-05  55  0
96	03d.ma	274	391	98	342	100	305	37.82842712474	 54	 18 3e-05  72  0
97	03d.ma	274	391	162	229	135	213	37.97056274844	 23	 189 7.3e-05  212  0
98	03d.ma	274	391	80	364	54	342	36.2842712474	 16	 65 4.1e-05  81  0
99	03d.ma	274	391	138	136	131	172	38.89949493659	 66	 52 4.5e-05  118  0
100	03d.ma	274	391	231	343	270	345	39.82842712474	 57	 19 3.2e-05  76  0
101	03d.ma	274	391	135	104	165	117	38.89949493659	 57	 166 7.9e-05  223  0
102	03d.ma	274	391	132	76	132	100	42.04163056029	 234	 274 0.000143  508  0
103	03d.ma	274	391	90	345	132	343	42.82842712474	 40	 40 3.9e-05  80  0
104	03d.ma	274	391	151	17	120	38	39.69848480977	 15	 26 2.6e-05  41  0
105	03d.ma	274	391	149	33	117	11	42.76955262162	 33	 153 7.1e-05  186  0
106	03d.ma	274	391	106	336	102	296	41.65685424948	 53	 53 3.7e-05  106  0
107	03d.ma	274	391	118	222	160	219	43.24264068711	 58	 61 4.8e-05  119  0
108	03d.ma	274	391	130	60	124	23	43.62741699792	 118	 264 0.000128  382  0
109	03d.ma	274	391	192	69	154	82	43.38477631081	 92	 42 5.4e-05  134  0
110	03d.ma	274	391	106	210	137	238	43.76955262162	 88	 64 6.6e-05  152  0
111	03d.ma	274	391	118	47	147	15	44.01219330873	 16	 16 2.7e-05  32  0
112	03d.ma	274	391	126	47	161	71	45.76955262162	 19	 180 7.6e-05  199  0
113	03d.ma	274	391	149	87	126	121	44.11269837214	 34	 124 5.5e-05  158  0
114	03d.ma	274	391	108	202	72	223	44.69848480977	 60	 22 4.1e-05  82  0
115	03d.ma	274	391	71	196	67	240	46.48528137422	 60	 78 4.7e-05  138  0
116	03d.ma	274	391	119	332	144	343	41.89949493659	 166	 475 0.000195  641  0
117	03d.ma	274	391	134	219	92	205	47.79898987318	 83	 103 6.9e-05  186  0
118	03d.ma	274	391	124	228	110	259	42.79898987318	 247	 148 0.000133  364  0
119	03d.ma	274	391	134	107	137	151	45.24264068711	 61	 41 4.2e-05  102  0
120	03d.ma	274	391	119	224	91	192	44.18376618399	 55	 73 5e-05  128  0
121	03d.ma	274	391	97	310	105	356	49.31370849896	 87	 87 5.8e-05  174  0
122	03d.ma	274	391	129	216	87	233	49.04163056029	 47	 55 4.8e-05  102  0
123	03d.ma	274	391	135	145	168	126	49.55634918607	 270	 205 0.000154  446  0
124	03d.ma	274	391	74	214	117	197	50.04163056029	 134	 39 6.6e-05  173  0
125	03d.ma	274	391	69	202	40	208	50.55634918607	 206	 575 0.000218  781  0
126	03d.ma	274	391	147	222	181	245	49.97056274844	 197	 241 0.000144  364  0
127	03d.ma	274	391	101	183	72	206	49.21320343555	 113	 455 0.000174  568  0
128	03d.ma	274	391	121	105	138	147	49.04163056029	 33	 48 3.9e-05  81  0
129	03d.ma	274	391	95	70	141	61	49.72792206133	 65	 49 5e-05  114  0
130	03d.ma	274	391	77	118	128	116	51.82842712474	 75	 25 4.5e-05  100  0
131	03d.ma	274	391	134	67	82	72	54.07106781185	 91	 68 6.1e-05  159  0
132	03d.ma	274	391	41	218	67	196	53.31370849896	 650	 164 0.000213  814  0
133	03d.ma	274	391	128	56	133	8	52.31370849896	 64	 207 9.3e-05  271  0
134	03d.ma	274	391	110	190	122	235	54.21320343555	 30	 484 0.000176  514  0
135	03d.ma	274	391	152	119	137	163	51.97056274844	 72	 208 9e-05  280  0
136	03d.ma	274	391	112	238	77	238	49.72792206133	 487	 55 0.000183  542  0
137	03d.ma	274	391	119	211	73	226	52.21320343555	 150	 105 8.6e-05  255  0
138	03d.ma	274	391	101	186	110	237	54.72792206133	 144	 74 6.9e-05  218  0
139	03d.ma	274	391	80	343	29	346	52.24264068711	 72	 47 5.3e-05  119  0
140	03d.ma	274	391	105	254	110	203	53.07106781185	 75	 66 6.1e-05  141  0
141	03d.ma	274	391	125	125	178	116	56.72792206133	 197	 41 7.9e-05  238  0
142	03d.ma	274	391	135	73	116	105	57.18376618399	 490	 348 0.000233  794  0
143	03d.ma	274	391	144	332	120	324	52.04163056029	 447	 478 0.000246  925  0
144	03d.ma	274	391	36	234	30	183	56.55634918607	 98	 145 0.000101  243  0
145	03d.ma	274	391	103	331	147	359	55.59797974636	 43	 43 4.7e-05  86  0
146	03d.ma	274	391	162	181	146	214	55.72792206133	 256	 379 0.000186  525  0
147	03d.ma	274	391	82	215	106	261	57.11269837214	 235	 218 0.000153  453  0
148	03d.ma	274	391	114	306	107	251	57.89949493659	 26	 128 5.1e-05  154  0
149	03d.ma	274	391	139	70	120	113	56.66904755821	 228	 349 0.00019  577  0
150	03d.ma	274	391	136	356	84	342	58.97056274844	 43	 353 0.000145  396  0
151	03d.ma	274	391	126	16	146	70	62.2842712474	 104	 50 5.8e-05  154  0
152	03d.ma	274	391	99	214	128	169	62.87005768503	 565	 152 0.00024  717  0
153	03d.ma	274	391	144	361	125	326	57.84062043347	 626	 217 0.000238  843  0
154	03d.ma	274	391	140	77	200	75	60.82842712474	 58	 58 5.4e-05  116  0
155	03d.ma	274	391	136	69	147	13	60.55634918607	 136	 62 6.3e-05  198  0
156	03d.ma	274	391	35	229	19	190	62.31370849896	 415	 170 0.000164  556  0
157	03d.ma	274	391	119	341	61	333	61.31370849896	 148	 48 7.3e-05  196  0
158	03d.ma	274	391	129	324	75	338	60.62741699792	 251	 51 9.6e-05  302  0
159	03d.ma	274	391	63	330	115	324	61.94112549688	 149	 601 0.000272  750  0
160	03d.ma	274	391	100	202	46	224	63.11269837214	 52	 119 6.5e-05  171  0
161	03d.ma	274	391	134	162	101	207	63.94112549688	 258	 410 0.000221  668  0
162	03d.ma	274	391	98	246	74	196	64.66904755821	 44	 684 0.000244  728  0
163	03d.ma	274	391	102	247	155	218	66.76955262162	 93	 306 0.000144  399  0
164	03d.ma	274	391	74	352	122	311	66.15432893243	 138	 218 0.000137  356  0
165	03d.ma	274	391	144	88	92	77	64.65685424948	 157	 401 0.000209  558  0
166	03d.ma	274	391	35	173	39	236	64.65685424948	 97	 99 5.9e-05  196  0
167	03d.ma	274	391	136	217	71	210	67.89949493659	 31	 234 9.1e-05  265  0
168	03d.ma	274	391	143	328	88	354	65.76955262162	 160	 100 8.7e-05  260  0
169	03d.ma	274	391	198	348	143	334	63.72792206133	 398	 73 0.000165  471  0
170	03d.ma	274	391	143	89	118	43	66.45584412266	 557	 315 0.000279  726  0
171	03d.ma	274	391	181	190	137	228	67.94112549688	 304	 380 0.000215  584  0
172	03d.ma	274	391	143	200	77	195	68.07106781185	 119	 89 7.9e-05  208  0
173	03d.ma	274	391	139	340	204	351	69.55634918607	 254	 91 0.000111  345  0
174	03d.ma	274	391	136	340	75	356	67.62741699792	 212	 43 8.6e-05  255  0
175	03d.ma	274	391	135	210	71	200	68.1421356237	 148	 148 0.000101  296  0
176	03d.ma	274	391	86	322	102	259	70.45584412266	 267	 123 0.000109  390  0
177	03d.ma	274	391	80	340	146	332	70.1421356237	 188	 124 0.000101  312  0
178	03d.ma	274	391	111	233	117	173	67.55634918607	 576	 136 0.000238  712  0
179	03d.ma	274	391	138	215	75	229	68.79898987318	 99	 292 0.000129  391  0
180	03d.ma	274	391	73	123	139	118	68.07106781185	 111	 89 7.8e-05  200  0
181	03d.ma	274	391	164	210	95	216	72.31370849896	 165	 210 0.000135  375  0
182	03d.ma	274	391	174	178	173	249	73.07106781185	 112	 94 6.9e-05  206  0
183	03d.ma	274	391	162	191	122	231	75.35533905925	 176	 1133 0.000382  1309  0
184	03d.ma	274	391	260	340	189	348	74.31370849896	 182	 118 9.6e-05  300  0
185	03d.ma	274	391	141	346	91	308	70.4264068711	 302	 602 0.000313  904  0
186	03d.ma	274	391	170	182	131	203	72.2842712474	 679	 664 0.000369  1285  0
187	03d.ma	274	391	106	262	119	331	74.38477631081	 138	 51 6.5e-05  189  0
188	03d.ma	274	391	170	190	119	228	74.94112549688	 221	 772 0.00033  993  0
189	03d.ma	274	391	117	214	173	192	72.38477631081	 788	 267 0.000362  960  0
190	03d.ma	274	391	159	68	131	7	74.35533905925	 194	 556 0.000257  750  0
191	03d.ma	274	391	149	78	136	150	77.38477631081	 165	 248 0.000119  413  0
192	03d.ma	274	391	118	167	158	117	75.35533905925	 443	 513 0.000299  833  0
193	03d.ma	274	391	153	113	164	69	73.08326112058	 375	 929 0.000357  1304  0
194	03d.ma	274	391	124	73	150	121	77.94112549688	 743	 948 0.000498  1547  0
195	03d.ma	274	391	183	192	180	246	74.07106781185	 347	 539 0.000263  755  0
196	03d.ma	274	391	136	152	151	82	76.21320343555	 227	 119 0.000108  346  0
197	03d.ma	274	391	169	212	97	218	75.31370849896	 202	 135 0.00011  337  0
198	03d.ma	274	391	90	221	165	218	76.24264068711	 107	 85 7.9e-05  192  0
199	03d.ma	274	391	180	257	167	186	76.38477631081	 99	 126 7.6e-05  225  0
200	03d.ma	274	391	32	270	40	195	78.31370849896	 64	 121 6e-05  185  0
201	03d.ma	274	391	183	72	123	118	82.5685424948	 295	 309 0.000204  604  0
202	03d.ma	274	391	135	57	135	130	82.11269837214	 464	 631 0.000427  1095  0
203	03d.ma	274	391	45	251	28	175	83.04163056029	 96	 157 8e-05  253  0
204	03d.ma	274	391	54	222	132	211	82.55634918607	 247	 118 0.00013  365  0
205	03d.ma	274	391	166	114	88	124	82.1421356237	 190	 189 0.000119  379  0
206	03d.ma	274	391	92	78	142	27	81.08326112058	 397	 623 0.000318  1020  0
207	03d.ma	274	391	127	199	176	250	79.49747468295	 531	 371 0.000288  748  0
208	03d.ma	274	391	138	143	104	207	81.59797974636	 483	 518 0.000326  824  0
209	03d.ma	274	391	95	321	163	342	78.11269837214	 487	 161 0.000215  648  0
210	03d.ma	274	391	102	229	163	236	80.04163056029	 1168	 231 0.000484  1399  0
211	03d.ma	274	391	121	223	100	299	84.69848480977	 269	 133 0.000121  402  0
212	03d.ma	274	391	88	218	163	206	83.72792206133	 752	 189 0.000312  720  0
213	03d.ma	274	391	132	228	50	223	87.38477631081	 537	 131 0.000232  668  0
214	03d.ma	274	391	100	254	110	337	87.1421356237	 218	 169 0.000112  387  0
215	03d.ma	274	391	122	115	105	180	85.01219330873	 731	 558 0.00042  1289  0
216	03d.ma	274	391	142	17	97	74	84.4264068711	 894	 328 0.0004  1222  0
217	03d.ma	274	391	130	239	181	186	83.49747468295	 489	 465 0.000314  823  0
218	03d.ma	274	391	43	265	86	218	84.97056274844	 477	 929 0.000388  1337  0
219	03d.ma	274	391	102	291	82	366	83.2842712474	 299	 77 0.000113  376  0
220	03d.ma	274	391	40	220	103	254	86.69848480977	 705	 350 0.000377  865  0
221	03d.ma	274	391	136	102	109	176	89.87005768503	 869	 309 0.000407  1178  0
222	03d.ma	274	391	177	168	165	254	90.97056274844	 214	 104 9.7e-05  318  0
223	03d.ma	274	391	110	236	95	320	90.21320343555	 267	 157 0.00012  424  0
224	03d.ma	274	391	47	223	131	232	91.04163056029	 174	 631 0.000284  805  0
225	03d.ma	274	391	107	199	33	236	89.32590180769	 128	 264 0.000127  392  0
226	03d.ma	274	391	145	360	63	349	89.04163056029	 213	 520 0.000253  733  0
227	03d.ma	274	391	120	109	113	54	86.46803743139	 729	 941 0.000495  1552  0
228	03d.ma	274	391	100	253	171	223	90.84062043347	 619	 597 0.00043  1107  0
229	03d.ma	274	391	177	191	107	215	87.21320343555	 339	 1078 0.000493  1376  0
230	03d.ma	274	391	100	343	191	343	91	 46	 45 5.6e-05  91  0
231	03d.ma	274	391	59	219	109	278	93.76955262162	 657	 577 0.000371  1234  0
232	03d.ma	274	391	140	148	140	61	94.45584412266	 530	 425 0.00036  955  0
233	03d.ma	274	391	108	264	84	344	94.04163056029	 601	 147 0.000283  748  0
234	03d.ma	274	391	108	178	105	120	94.35533905925	 921	 848 0.000517  1622  0
235	03d.ma	274	391	164	231	82	226	93.38477631081	 185	 1039 0.000486  1224  0
236	03d.ma	274	391	132	109	136	23	95.94112549688	 319	 879 0.000425  1198  0
237	03d.ma	274	391	23	172	24	244	92.45584412266	 768	 225 0.000312  993  0
238	03d.ma	274	391	188	177	167	262	94.87005768503	 39	 487 0.000174  526  0
239	03d.ma	274	391	99	336	189	349	95.38477631081	 379	 153 0.000158  532  0
240	03d.ma	274	391	185	344	92	345	93.41421356237	 93	 46 6.7e-05  139  0
241	03d.ma	274	391	168	165	183	252	94.97056274844	 564	 127 0.000218  691  0
242	03d.ma	274	391	101	348	100	251	99.07106781185	 198	 145 0.00011  343  0
243	03d.ma	274	391	123	223	111	311	96.2842712474	 352	 265 0.000192  617  0
244	03d.ma	274	391	111	235	41	247	98.18376618399	 1534	 578 0.000725  2112  0
245	03d.ma	274	391	165	258	103	216	99.79898987318	 420	 1902 0.000683  2322  0
246	03d.ma	274	391	91	223	18	179	97.66904755821	 926	 623 0.000538  1493  0
247	03d.ma	274	391	84	128	180	126	99.31370849896	 133	 207 0.000125  340  0
248	03d.ma	274	391	179	259	116	232	96.08326112058	 941	 1022 0.000632  1835  0
249	03d.ma	274	391	86	227	137	153	98.63961030665	 918	 367 0.000426  1285  0
250	03d.ma	274	391	129	174	148	85	96.87005768503	 303	 184 0.000142  487  0
251	03d.ma	274	391	84	78	182	73	100.07106781185	 183	 137 0.000123  320  0
252	03d.ma	274	391	102	253	95	350	100.72792206133	 160	 264 0.000111  424  0
253	03d.ma	274	391	46	218	103	276	102.69848480977	 1057	 546 0.000442  1603  0
254	03d.ma	274	391	110	274	162	223	101.18376618399	 694	 1289 0.00053  1849  0
255	03d.ma	274	391	134	170	73	236	101.22539674428	 222	 1135 0.000424  1357  0
256	03d.ma	274	391	136	118	114	198	100.76955262162	 957	 704 0.000535  1654  0
257	03d.ma	274	391	12	341	111	341	100.65685424948	 88	 151 9.8e-05  239  0
258	03d.ma	274	391	99	71	146	114	98.52691193451	 1068	 1362 0.000633  2389  0
259	03d.ma	274	391	144	120	111	200	100.49747468295	 711	 639 0.000437  1350  0
260	03d.ma	274	391	183	73	143	6	99.76955262162	 765	 1116 0.000691  1881  0
261	03d.ma	274	391	140	166	88	240	106.66904755821	 322	 1698 0.000641  2020  0
262	03d.ma	274	391	103	181	100	121	105.18376618399	 1068	 1002 0.000574  1902  0
263	03d.ma	274	391	99	180	41	239	102.98275605717	 830	 890 0.000545  1558  0
264	03d.ma	274	391	123	164	138	77	106.87005768503	 812	 706 0.000649  1378  0
265	03d.ma	274	391	33	197	111	183	101.88225099376	 690	 1057 0.000612  1737  0
266	03d.ma	274	391	39	234	134	208	106.94112549688	 131	 1046 0.000421  1177  0
267	03d.ma	274	391	26	262	96	205	103.5685424948	 732	 1132 0.000601  1864  0
268	03d.ma	274	391	180	352	136	323	102.35533905925	 1183	 326 0.000378  1509  0
269	03d.ma	274	391	101	232	39	173	103.4264068711	 1629	 495 0.000642  2124  0
270	03d.ma	274	391	107	274	117	174	106.48528137422	 434	 57 0.000159  491  0
271	03d.ma	274	391	143	199	43	225	110.76955262162	 429	 217 0.000219  646  0
272	03d.ma	274	391	126	211	92	305	109.25483399584	 659	 179 0.00028  838  0
273	03d.ma	274	391	99	75	157	122	109.52691193451	 1096	 1642 0.000737  2635  0
274	03d.ma	274	391	45	252	120	215	107.21320343555	 327	 2181 0.000817  2508  0
275	03d.ma	274	391	132	151	104	243	107.11269837214	 314	 1311 0.000569  1625  0
276	03d.ma	274	391	187	249	101	231	109.84062043347	 895	 1421 0.000855  2141  0
277	03d.ma	274	391	104	263	44	239	107.01219330873	 1181	 1268 0.000679  2310  0
278	03d.ma	274	391	165	351	57	345	111.65685424948	 61	 442 0.000183  503  0
279	03d.ma	274	391	52	219	102	290	110.69848480977	 1101	 670 0.00068  1771  0
280	03d.ma	274	391	105	189	29	188	107.5685424948	 1406	 1074 0.000817  2251  0
281	03d.ma	274	391	131	170	47	221	111.5685424948	 626	 987 0.000561  1613  0
282	03d.ma	274	391	180	126	142	54	112.18376618399	 835	 1850 0.000836  2603  0
283	03d.ma	274	391	134	134	142	31	112.11269837214	 693	 806 0.000525  1499  0
284	03d.ma	274	391	23	271	91	197	112.12489168087	 806	 1051 0.000594  1857  0
285	03d.ma	274	391	45	227	108	278	111.25483399584	 1252	 905 0.000622  2024  0
286	03d.ma	274	391	25	270	22	169	113.84062043347	 566	 521 0.000369  1087  0
287	03d.ma	274	391	127	78	187	123	110.69848480977	 1510	 906 0.000657  2316  0
288	03d.ma	274	391	69	240	105	309	111.04163056029	 321	 1308 0.00045  1629  0
289	03d.ma	274	391	93	216	163	175	112.21320343555	 2688	 523 0.000936  3075  0
290	03d.ma	274	391	107	323	203	341	110.38477631081	 574	 610 0.000427  1108  0
291	03d.ma	274	391	30	247	126	213	115.94112549688	 439	 1639 0.000721  2078  0
292	03d.ma	274	391	77	208	96	314	119.66904755821	 869	 425 0.000419  1294  0
293	03d.ma	274	391	146	342	109	260	115.97056274844	 777	 957 0.000518  1706  0
294	03d.ma	274	391	82	201	94	306	117.4264068711	 1018	 335 0.000455  1353  0
295	03d.ma	274	391	150	38	134	140	115.59797974636	 748	 903 0.000567  1651  0
296	03d.ma	274	391	144	68	68	115	108.49747468295	 1230	 495 0.000574  1563  0
297	03d.ma	274	391	132	223	99	322	117.94112549688	 469	 972 0.000474  1441  0
298	03d.ma	274	391	112	217	21	263	117.66904755821	 1381	 804 0.000749  2185  0
299	03d.ma	274	391	91	209	111	317	116.2842712474	 532	 227 0.000206  759  0
300	03d.ma	274	391	143	166	173	78	114.76955262162	 879	 456 0.000446  1335  0
301	03d.ma	274	391	66	222	102	313	119.2842712474	 575	 1052 0.000527  1627  0
302	03d.ma	274	391	124	168	137	59	122.4264068711	 918	 809 0.000581  1504  0
303	03d.ma	274	391	167	194	66	218	119.38477631081	 343	 1839 0.000779  2089  0
304	03d.ma	274	391	149	124	84	208	120.88225099376	 757	 1041 0.000593  1632  0
305	03d.ma	274	391	180	351	66	332	121.87005768503	 340	 291 0.000195  631  0
306	03d.ma	274	391	122	111	142	5	120.08326112058	 547	 1375 0.00066  1905  0
307	03d.ma	274	391	130	170	40	231	121.7106781185	 619	 966 0.000538  1585  0
308	03d.ma	274	391	128	103	103	206	120.18376618399	 977	 961 0.000642  1819  0
309	03d.ma	274	391	109	306	101	186	123.31370849896	 264	 258 0.000142  522  0
310	03d.ma	274	391	190	181	99	233	118.98275605717	 659	 1642 0.000808  2301  0
311	03d.ma	274	391	113	213	117	114	122.15432893243	 1617	 1141 0.001349  2554  0
312	03d.ma	274	391	172	232	132	168	125.29646455613	 2440	 898 0.00091  3338  0
313	03d.ma	274	391	101	298	46	215	126.76955262162	 875	 1503 0.000709  2378  0
314	03d.ma	274	391	92	237	182	262	126.39696961954	 1968	 1068 0.001145  2918  0
315	03d.ma	274	391	133	169	155	54	124.11269837214	 403	 563 0.000259  966  0
316	03d.ma	274	391	38	182	131	199	125.25483399584	 821	 2353 0.001093  3174  0
317	03d.ma	274	391	190	348	68	334	127.79898987318	 261	 395 0.000198  656  0
318	03d.ma	274	391	121	320	137	224	123.01219330873	 1027	 837 0.000591  1864  0
319	03d.ma	274	391	170	204	52	223	125.87005768503	 445	 595 0.000291  1040  0
320	03d.ma	274	391	124	196	110	128	122.76955262162	 1911	 1512 0.000887  3293  0
321	03d.ma	274	391	98	235	98	360	129.72792206133	 291	 657 0.000331  948  0
322	03d.ma	274	391	126	119	134	211	125.98275605717	 1647	 1508 0.000964  3002  0
323	03d.ma	274	391	87	206	171	266	128.76955262162	 2792	 610 0.001075  3402  0
324	03d.ma	274	391	182	170	87	208	129.4264068711	 1050	 2665 0.001244  3502  0
325	03d.ma	274	391	33	182	133	199	129.32590180769	 891	 2230 0.001104  3121  0
326	03d.ma	274	391	100	266	180	189	130.05382386902	 1158	 1042 0.000674  2073  0
327	03d.ma	274	391	38	164	115	234	127.66904755821	 581	 2492 0.000934  3073  0
328	03d.ma	274	391	163	187	116	167	124.98275605717	 1666	 2200 0.000986  3770  0
329	03d.ma	274	391	99	231	132	119	129.18376618399	 1344	 590 0.000622  1561  0
330	03d.ma	274	391	113	106	92	207	129.53910524324	 1008	 1547 0.000823  2250  0
331	03d.ma	274	391	125	51	69	123	134.8528137422	 1844	 1049 0.000786  2893  0
332	03d.ma	274	391	126	215	112	117	133.29646455613	 2160	 1504 0.001146  3477  0
333	03d.ma	274	391	179	126	129	37	133.5685424948	 1087	 2542 0.001127  3513  0
334	03d.ma	274	391	146	9	154	117	131.59797974636	 1891	 789 0.000896  2491  0
335	03d.ma	274	391	127	124	82	228	130.88225099376	 602	 1697 0.000771  2299  0
336	03d.ma	274	391	129	39	141	159	132.4264068711	 978	 1084 0.000713  1911  0
337	03d.ma	274	391	141	217	99	324	131.4264068711	 657	 1210 0.000613  1867  0
338	03d.ma	274	391	118	226	87	349	135.84062043347	 398	 387 0.00021  785  0
339	03d.ma	274	391	20	272	115	209	133.39696961954	 848	 2004 0.000953  2852  0
340	03d.ma	274	391	67	217	177	253	133.69848480977	 2030	 539 0.00092  2569  0
341	03d.ma	274	391	90	329	123	206	136.66904755821	 411	 251 0.000181  662  0
342	03d.ma	274	391	88	307	50	221	138.66904755821	 1221	 2257 0.000984  3341  0
343	03d.ma	274	391	130	209	126	329	137.39696961954	 1185	 632 0.000626  1817  0
344	03d.ma	274	391	102	234	134	350	134.52691193451	 869	 379 0.000415  1248  0
345	03d.ma	274	391	165	122	126	206	135.22539674428	 1543	 2006 0.001034  3317  0
346	03d.ma	274	391	132	219	131	108	136.22539674428	 1561	 1668 0.001111  3070  0
347	03d.ma	274	391	123	234	127	121	135.5685424948	 2041	 1286 0.001217  3058  0
348	03d.ma	274	391	105	217	97	353	139.31370849896	 341	 489 0.000217  830  0
349	03d.ma	274	391	112	324	146	220	135.35533905925	 1434	 913 0.000769  2347  0
350	03d.ma	274	391	141	196	153	122	134.91168824532	 1344	 2127 0.000901  3325  0
351	03d.ma	274	391	105	274	35	179	139.81118318191	 1274	 1318 0.000827  2453  0
352	03d.ma	274	391	105	308	44	228	141.4264068711	 1675	 1752 0.000942  3347  0
353	03d.ma	274	391	108	303	172	229	141.84062043347	 1589	 1935 0.000931  3375  0
354	03d.ma	274	391	105	259	191	170	141.02438661746	 1337	 1345 0.000843  2510  0
355	03d.ma	274	391	163	226	35	199	140.35533905925	 777	 653 0.000439  1430  0
356	03d.ma	274	391	126	210	109	343	141.69848480977	 571	 700 0.000406  1271  0
357	03d.ma	274	391	46	263	134	206	138.94112549688	 522	 3417 0.001182  3939  0
358	03d.ma	274	391	103	78	70	122	140.15432893243	 1475	 1270 0.000601  2745  0
359	03d.ma	274	391	78	323	73	238	137.84062043347	 1377	 1133 0.000733  2383  0
360	03d.ma	274	391	138	232	114	344	141.79898987318	 629	 2112 0.00091  2741  0
361	03d.ma	274	391	138	111	98	235	144.08326112058	 971	 1603 0.000863  2220  0
362	03d.ma	274	391	119	167	133	41	146.66904755821	 1250	 1619 0.00104  2626  0
363	03d.ma	274	391	118	174	112	310	145.55634918607	 390	 656 0.000307  1046  0
364	03d.ma	274	391	166	119	90	218	143.95331880561	 974	 1905 0.000926  2660  0
365	03d.ma	274	391	71	230	187	262	146.5685424948	 2286	 1078 0.001223  3364  0
366	03d.ma	274	391	256	351	112	344	146.89949493659	 336	 260 0.000188  596  0
367	03d.ma	274	391	98	175	133	65	146.98275605717	 1063	 2092 0.001026  3005  0
368	03d.ma	274	391	97	353	128	228	143.69848480977	 1766	 467 0.000735  2233  0
369	03d.ma	274	391	157	115	79	222	145.16652224116	 894	 1366 0.000779  1982  0
370	03d.ma	274	391	133	196	38	167	143.49747468295	 2933	 1046 0.00126  3979  0
371	03d.ma	274	391	28	182	129	174	145.36753236798	 1450	 1694 0.00098  2995  0
372	03d.ma	274	391	104	281	31	178	149.05382386902	 1223	 1507 0.000865  2592  0
373	03d.ma	274	391	29	169	138	199	148.98275605717	 1119	 2805 0.001355  3924  0
374	03d.ma	274	391	128	164	153	35	146.91168824532	 1222	 1089 0.000778  2142  0
375	03d.ma	274	391	153	350	6	340	151.1421356237	 465	 271 0.000247  736  0
376	03d.ma	274	391	187	267	72	227	149.32590180769	 1061	 2588 0.001283  3649  0
377	03d.ma	274	391	111	268	138	139	147.01219330873	 1264	 774 0.00067  2038  0
378	03d.ma	274	391	158	62	112	185	146.98275605717	 1178	 661 0.000599  1593  0
379	03d.ma	274	391	101	361	126	228	148.04163056029	 1643	 342 0.000669  1985  0
380	03d.ma	274	391	130	35	126	170	149.91168824532	 1170	 1382 0.000956  2552  0
381	03d.ma	274	391	170	121	126	10	150.74011537006	 1049	 2945 0.001252  3994  0
382	03d.ma	274	391	94	77	131	173	153.04163056029	 1091	 2299 0.000941  3390  0
383	03d.ma	274	391	97	228	101	118	153.15432893243	 3521	 1178 0.001556  4481  0
384	03d.ma	274	391	118	317	163	211	150.15432893243	 1393	 2209 0.001156  3602  0
385	03d.ma	274	391	110	295	169	248	150.08326112058	 2372	 1913 0.001067  4164  0
386	03d.ma	274	391	69	200	186	169	153.39696961954	 2900	 1148 0.001429  4048  0
387	03d.ma	274	391	150	72	106	202	151.74011537006	 1298	 684 0.000656  1982  0
388	03d.ma	274	391	147	212	151	122	148.36753236798	 2992	 2185 0.001498  4967  0
389	03d.ma	274	391	96	332	56	222	152.4264068711	 1888	 1738 0.001261  3626  0
390	03d.ma	274	391	130	173	96	74	152.69848480977	 2277	 1128 0.000998  3405  0
391	03d.ma	274	391	133	162	164	173	155.29646455613	 3751	 1867 0.001382  5484  0
392	03d.ma	274	391	114	168	18	269	156.58073580353	 1652	 1303 0.000933  2782  0
393	03d.ma	274	391	141	53	100	183	156.98275605717	 1892	 1065 0.000979  2695  0
394	03d.ma	274	391	131	134	101	274	156.76955262162	 459	 1621 0.000694  2080  0
395	03d.ma	274	391	138	233	126	105	157.19595949272	 2112	 1945 0.001366  3902  0
396	03d.ma	274	391	122	166	24	264	154.9949493659	 1641	 1267 0.000916  2727  0
397	03d.ma	274	391	117	169	150	41	154.49747468295	 1449	 1566 0.001027  2808  0
398	03d.ma	274	391	136	74	105	202	155.5685424948	 1527	 1554 0.001011  2813  0
399	03d.ma	274	391	99	118	108	233	156.4264068711	 1183	 3785 0.001659  4772  0
400	03d.ma	274	391	111	329	162	214	157.01219330873	 1790	 1957 0.001281  3747  0
401	03d.ma	274	391	100	207	157	73	161.12489168087	 808	 1401 0.000755  2209  0
402	03d.ma	274	391	139	164	104	303	162.87005768503	 344	 1260 0.000526  1604  0
403	03d.ma	274	391	246	347	106	319	158.62741699792	 1132	 585 0.000609  1717  0
404	03d.ma	274	391	68	336	79	227	161.11269837214	 2036	 2173 0.00124  3933  0
405	03d.ma	274	391	100	206	138	75	159.22539674428	 1591	 1469 0.00101  2767  0
406	03d.ma	274	391	109	169	124	324	162.87005768503	 800	 438 0.000332  1238  0
407	03d.ma	274	391	98	119	95	234	162.5685424948	 1226	 3921 0.001744  4937  0
408	03d.ma	274	391	140	115	158	216	156.88225099376	 2520	 2879 0.001656  5207  0
409	03d.ma	274	391	152	128	58	222	158.50966799168	 1218	 2052 0.000989  3082  0
410	03d.ma	274	391	119	110	106	250	159.66904755821	 1123	 2404 0.001258  3228  0
411	03d.ma	274	391	67	347	96	212	165.11269837214	 1185	 2109 0.001119  3103  0
412	03d.ma	274	391	173	115	129	226	162.68124086694	 1644	 3493 0.001614  4979  0
413	03d.ma	274	391	40	226	114	326	165.74011537006	 1875	 2338 0.001226  4213  0
414	03d.ma	274	391	38	223	106	329	166.18376618399	 1917	 2433 0.001305  4350  0
415	03d.ma	274	391	125	234	99	117	164.88225099376	 3799	 1776 0.001806  5408  0
416	03d.ma	274	391	74	326	154	213	164.29646455613	 1394	 1649 0.000972  2849  0
417	03d.ma	274	391	172	80	99	198	162.29646455613	 1164	 1420 0.000835  2373  0
418	03d.ma	274	391	134	126	41	202	163.02438661746	 2594	 2033 0.00129  4424  0
419	03d.ma	274	391	170	196	100	315	164.39696961954	 1823	 1521 0.001064  3151  0
420	03d.ma	274	391	138	154	116	6	164.5685424948	 1300	 1645 0.001018  2945  0
421	03d.ma	274	391	166	250	96	309	168.98275605717	 1903	 3210 0.001345  5110  0
422	03d.ma	274	391	138	197	185	126	163.49747468295	 3002	 1810 0.001146  4668  0
423	03d.ma	274	391	24	172	107	292	170.19595949272	 1742	 1303 0.000973  2925  0
424	03d.ma	274	391	83	345	68	209	167.5685424948	 1898	 1645 0.001164  3338  0
425	03d.ma	274	391	130	215	75	358	169.29646455613	 1152	 808 0.000626  1960  0
426	03d.ma	274	391	110	168	117	41	169.74011537006	 1967	 2163 0.001349  3953  0
427	03d.ma	274	391	188	120	150	10	167.49747468295	 1050	 3111 0.001247  4033  0
428	03d.ma	274	391	53	220	94	344	167.4264068711	 2061	 2788 0.001667  4849  0
429	03d.ma	274	391	262	349	102	359	168.97056274844	 741	 333 0.000371  1074  0
430	03d.ma	274	391	146	344	91	216	166.59797974636	 921	 2054 0.000931  2975  0
431	03d.ma	274	391	133	160	121	307	169.4264068711	 1179	 778 0.000619  1693  0
432	03d.ma	274	391	93	199	76	353	174.01219330873	 2040	 1260 0.001166  3300  0
433	03d.ma	274	391	111	319	40	246	174.5685424948	 3498	 1872 0.001419  5263  0
434	03d.ma	274	391	90	307	44	254	172.98275605717	 3459	 2136 0.001328  5448  0
435	03d.ma	274	391	95	305	38	177	174.05382386902	 1406	 2327 0.001172  3582  0
436	03d.ma	274	391	150	75	131	206	169.88225099376	 2690	 1393 0.001278  4083  0
437	03d.ma	274	391	78	213	132	356	172.63961030665	 1460	 1430 0.001007  2494  0
438	03d.ma	274	391	106	162	155	37	170.08326112058	 1488	 2655 0.001368  3927  0
439	03d.ma	274	391	133	199	90	354	172.81118318191	 1139	 598 0.000456  1737  0
440	03d.ma	274	391	36	224	141	123	170.26702730457	 1738	 1807 0.001129  3332  0
441	03d.ma	274	391	104	210	157	60	175.46803743139	 920	 1583 0.000846  2503  0
442	03d.ma	274	391	129	173	114	328	175.79898987318	 631	 1588 0.000724  2219  0
443	03d.ma	274	391	76	209	68	349	177.39696961954	 2711	 1792 0.001484  4253  0
444	03d.ma	274	391	157	78	82	220	176.58073580353	 1324	 1154 0.000824  2478  0
445	03d.ma	274	391	61	342	120	208	177.18376618399	 924	 2874 0.001219  3798  0
446	03d.ma	274	391	75	342	147	215	176.74011537006	 2168	 1914 0.001324  3797  0
447	03d.ma	274	391	89	304	27	249	176.88225099376	 2975	 2187 0.001237  4999  0
448	03d.ma	274	391	90	305	169	257	177.22539674428	 3613	 1969 0.001532  5450  0
449	03d.ma	274	391	61	343	238	347	178.65685424948	 343	 172 0.000182  515  0
450	03d.ma	274	391	137	206	76	354	177.95331880561	 1498	 715 0.000729  2213  0
451	03d.ma	274	391	153	220	173	128	176.8528137422	 4278	 1968 0.00167  6110  0
452	03d.ma	274	391	155	75	141	203	180.7106781185	 3511	 1480 0.001496  4991  0
453	03d.ma	274	391	40	342	120	232	178.52691193451	 1586	 2440 0.001135  3788  0
454	03d.ma	274	391	108	209	115	77	181.91168824532	 3273	 2031 0.00156  5067  0
455	03d.ma	274	391	139	226	152	82	179.9949493659	 2764	 2326 0.001739  4974  0
456	03d.ma	274	391	180	255	93	312	183.19595949272	 1898	 3884 0.001629  5768  0
457	03d.ma	274	391	39	191	181	190	176.84062043347	 2055	 2030 0.001404  3564  0
458	03d.ma	274	391	39	340	109	224	180.2842712474	 1030	 2944 0.001133  3974  0
459	03d.ma	274	391	142	362	123	210	177.22539674428	 1519	 1760 0.001109  2971  0
460	03d.ma	274	391	118	164	139	5	179.94112549688	 1163	 2773 0.001405  3610  0
461	03d.ma	274	391	25	186	120	306	182.78174593035	 1934	 1486 0.001051  3261  0
462	03d.ma	274	391	170	189	32	256	184.49747468295	 2212	 2000 0.001448  3802  0
463	03d.ma	274	391	81	119	75	232	185.8528137422	 1160	 5228 0.001906  6121  0
464	03d.ma	274	391	108	324	164	254	184.66904755821	 4568	 1960 0.001617  6392  0
465	03d.ma	274	391	68	362	76	208	185.53910524324	 1745	 2073 0.001262  3488  0
466	03d.ma	274	391	97	323	172	251	185.22539674428	 4391	 1940 0.001659  6284  0
467	03d.ma	274	391	141	220	151	79	182.09545442931	 2884	 2758 0.001845  5642  0
468	03d.ma	274	391	174	226	154	125	180.68124086694	 3607	 2535 0.001718  6001  0
469	03d.ma	274	391	173	192	42	175	182.76955262162	 3098	 1945 0.00163  4837  0
470	03d.ma	274	391	164	121	166	222	181.26702730457	 2357	 3802 0.001734  5917  0
471	03d.ma	274	391	91	302	190	183	185.78174593035	 1475	 2082 0.001047  3399  0
472	03d.ma	274	391	42	212	123	341	186.5685424948	 2295	 2654 0.001579  4742  0
473	03d.ma	274	391	84	359	155	224	187.88225099376	 3467	 1520 0.001668  4987  0
474	03d.ma	274	391	129	171	103	343	190.38477631081	 215	 1937 0.000742  2152  0
475	03d.ma	274	391	117	62	105	210	187.53910524324	 2102	 2838 0.001601  4684  0
476	03d.ma	274	391	134	141	38	165	186.26702730457	 3785	 1768 0.001567  5426  0
477	03d.ma	274	391	140	88	109	256	186.01219330873	 1648	 1825 0.001196  3043  0
478	03d.ma	274	391	81	120	108	249	189.59797974636	 1232	 4823 0.001982  5857  0
479	03d.ma	274	391	146	114	105	282	188.49747468295	 931	 1826 0.000933  2757  0
480	03d.ma	274	391	132	133	186	175	187.33809511642	 4121	 2360 0.001621  6330  0
481	03d.ma	274	391	100	177	119	361	194.21320343555	 1314	 388 0.000549  1702  0
482	03d.ma	274	391	152	47	108	202	191.81118318191	 1986	 2023 0.001309  3734  0
483	03d.ma	274	391	174	251	39	263	194.01219330873	 2869	 2035 0.001542  4748  0
484	03d.ma	274	391	153	224	153	86	191.92388155405	 3447	 3118 0.002076  6355  0
485	03d.ma	274	391	94	343	168	199	191.05382386902	 2461	 1978 0.001505  4439  0
486	03d.ma	274	391	170	171	117	315	190.63961030665	 2781	 1728 0.001476  4341  0
487	03d.ma	274	391	133	74	120	230	191.12489168087	 2354	 3115 0.001857  5271  0
488	03d.ma	274	391	43	168	111	308	191.05382386902	 1987	 2097 0.001273  3918  0
489	03d.ma	274	391	164	197	24	270	192.15432893243	 2840	 1653 0.001543  4326  0
490	03d.ma	274	391	62	223	189	128	192.50966799168	 3572	 1445 0.001566  4839  0
491	03d.ma	274	391	30	346	127	234	195.52691193451	 2100	 2688 0.001361  4559  0
492	03d.ma	274	391	147	343	73	195	195.63961030665	 1005	 3078 0.001307  4083  0
493	03d.ma	274	391	138	56	85	219	195.09545442931	 2186	 2061 0.001461  3812  0
494	03d.ma	274	391	172	199	108	352	196.74011537006	 2176	 2791 0.001733  4967  0
495	03d.ma	274	391	39	347	111	207	198.52691193451	 1150	 3933 0.001605  5083  0
496	03d.ma	274	391	103	310	134	129	197.35533905925	 1439	 576 0.000644  2015  0
497	03d.ma	274	391	114	227	130	60	196.19595949272	 2918	 2479 0.001907  5178  0
498	03d.ma	274	391	148	347	106	184	195.62741699792	 737	 3144 0.001363  3881  0
499	03d.ma	274	391	117	306	43	167	192.53910524324	 1993	 1974 0.001233  3807  0
500	03d.ma	274	391	35	348	91	215	196.59797974636	 1777	 4319 0.001858  5853  0
501	03d.ma	274	391	136	196	151	344	196.98275605717	 3873	 1856 0.001917  5729  0
502	03d.ma	274	391	167	235	97	356	200.15432893243	 2014	 4498 0.002041  6512  0
503	03d.ma	274	391	161	181	124	118	198.61017305509	 2737	 4684 0.001883  7300  0
504	03d.ma	274	391	198	67	114	201	196.26702730457	 1535	 2204 0.001149  3599  0
505	03d.ma	274	391	117	46	97	197	199.12489168087	 2342	 2568 0.001513  4682  0
506	03d.ma	274	391	126	220	118	66	201.92388155405	 3534	 2954 0.002112  6306  0
507	03d.ma	274	391	78	325	174	249	198.02438661746	 4045	 2166 0.001662  6052  0
508	03d.ma	274	391	158	345	81	201	198.15432893243	 1233	 3513 0.001523  4746  0
509	03d.ma	274	391	44	245	114	115	196.9949493659	 3534	 2442 0.001802  5828  0
510	03d.ma	274	391	95	203	123	44	198.43860017983	 2382	 2284 0.001499  4418  0
511	03d.ma	274	391	25	182	101	334	203.88225099376	 2570	 2306 0.001652  4678  0
512	03d.ma	274	391	28	187	173	269	205.91168824532	 3066	 1883 0.001647  4678  0
513	03d.ma	274	391	130	23	110	199	203.53910524324	 2641	 1967 0.001619  4351  0
514	03d.ma	274	391	106	70	93	213	203.19595949272	 2232	 4038 0.0019  6070  0
515	03d.ma	274	391	79	121	100	260	204.66904755821	 1257	 4985 0.002002  6045  0
516	03d.ma	274	391	190	73	123	215	202.92388155405	 2258	 4058 0.002015  6135  0
517	03d.ma	274	391	108	207	29	345	206.45584412266	 4770	 1226 0.001842  5996  0
518	03d.ma	274	391	38	190	116	104	204.06601717775	 3019	 2998 0.001585  5888  0
519	03d.ma	274	391	124	324	169	170	203.12489168087	 1781	 3129 0.00161  4773  0
520	03d.ma	274	391	60	335	159	221	203.32590180769	 2971	 3824 0.001971  6569  0
521	03d.ma	274	391	31	189	71	324	207.02438661746	 3605	 1673 0.001577  5177  0
522	03d.ma	274	391	101	237	153	54	208.05382386902	 1915	 1953 0.001342  3868  0
523	03d.ma	274	391	174	180	131	104	206.78174593035	 2694	 5466 0.00219  8000  0
524	03d.ma	274	391	165	191	99	123	204.95331880561	 4038	 3665 0.001838  7572  0
525	03d.ma	274	391	123	110	170	256	205.50966799168	 2980	 3722 0.002092  6513  0
526	03d.ma	274	391	28	173	180	257	206.7106781185	 2246	 2562 0.001644  4533  0
527	03d.ma	274	391	133	108	183	180	206.50966799168	 5269	 2675 0.002122  7807  0
528	03d.ma	274	391	25	343	114	212	207.11269837214	 1270	 4644 0.001761  5914  0
529	03d.ma	274	391	44	344	124	195	209.66904755821	 1300	 4172 0.001795  5472  0
530	03d.ma	274	391	119	201	171	345	205.35533905925	 4662	 1996 0.002219  6469  0
531	03d.ma	274	391	135	30	118	212	210.78174593035	 3263	 2268 0.001919  5315  0
532	03d.ma	274	391	121	327	186	266	211.68124086694	 5103	 2204 0.001786  7223  0
533	03d.ma	274	391	176	249	165	124	209.23759005301	 4057	 2495 0.001776  6362  0
534	03d.ma	274	391	110	353	164	250	211.66904755821	 5059	 2079 0.002021  7138  0
535	03d.ma	274	391	131	100	180	188	208.19595949272	 5252	 2711 0.002227  7757  0
536	03d.ma	274	391	23	264	173	261	211.22539674428	 2332	 2447 0.001567  4602  0
537	03d.ma	274	391	115	236	119	69	211.12489168087	 4166	 2638 0.00239  6617  0
538	03d.ma	274	391	46	341	56	216	212.49747468295	 3029	 4425 0.002187  7313  0
539	03d.ma	274	391	196	78	94	222	212.61017305509	 1524	 3624 0.001642  4849  0
540	03d.ma	274	391	34	229	137	338	211.05382386902	 3156	 4099 0.00201  7062  0
541	03d.ma	274	391	146	349	164	231	212.81118318191	 4194	 3391 0.002278  7460  0
542	03d.ma	274	391	142	361	169	212	213.78174593035	 3302	 3071 0.002077  6215  0
543	03d.ma	274	391	171	198	78	356	215.8528137422	 2467	 3196 0.001922  5421  0
544	03d.ma	274	391	96	202	182	345	214.94112549688	 4928	 1470 0.001996  6398  0
545	03d.ma	274	391	88	78	109	218	217.91168824532	 1991	 5187 0.002059  6954  0
546	03d.ma	274	391	103	311	146	116	216.32590180769	 1744	 919 0.000881  2663  0
547	03d.ma	274	391	35	196	132	348	213.26702730457	 2478	 2870 0.001775  5141  0
548	03d.ma	274	391	145	123	189	166	212.96551211434	 5641	 2551 0.001904  8044  0
549	03d.ma	274	391	92	342	172	175	217.12489168087	 2599	 2572 0.001721  5099  0
550	03d.ma	274	391	121	72	61	219	217.16652224116	 3287	 4766 0.002534  7853  0
551	03d.ma	274	391	130	101	186	254	218.58073580353	 3256	 3615 0.002156  6758  0
552	03d.ma	274	391	37	229	189	120	218.23759005301	 3471	 1937 0.00179  5117  0
553	03d.ma	274	391	130	46	87	228	218.92388155405	 2703	 3385 0.002131  5711  0
554	03d.ma	274	391	189	244	114	114	217.65180361538	 3840	 3433 0.002089  7129  0
555	03d.ma	274	391	188	350	72	230	217.84062043347	 2653	 3202 0.001674  5683  0
556	03d.ma	274	391	136	24	81	198	219.7106781185	 3865	 1872 0.001924  5486  0
557	03d.ma	274	391	154	35	78	203	220.50966799168	 3539	 1985 0.001861  5260  0
558	03d.ma	274	391	168	215	52	347	222.81118318191	 3657	 3464 0.002161  6842  0
559	03d.ma	274	391	24	269	117	125	221.30865786486	 3203	 2487 0.00165  5560  0
560	03d.ma	274	391	174	265	111	123	217.50966799168	 3990	 3029 0.001983  6884  0
561	03d.ma	274	391	130	199	127	24	223.19595949272	 2253	 4303 0.002104  6360  0
562	03d.ma	274	391	84	70	121	213	225.19595949272	 2287	 5419 0.002231  7472  0
563	03d.ma	274	391	125	340	187	190	221.88225099376	 3581	 3458 0.002273  6885  0
564	03d.ma	274	391	85	212	194	350	223.5685424948	 4690	 1658 0.001909  6348  0
565	03d.ma	274	391	178	254	94	124	224.75230867879	 4676	 3079 0.002114  7655  0
566	03d.ma	274	391	155	73	107	275	225.39696961954	 1739	 2032 0.001296  3316  0
567	03d.ma	274	391	92	359	179	189	225.36753236798	 3430	 2410 0.001996  5840  0
568	03d.ma	274	391	166	165	137	103	221.95331880561	 2705	 6532 0.002264  9045  0
569	03d.ma	274	391	127	79	104	263	223.91168824532	 2084	 4258 0.002186  6001  0
570	03d.ma	274	391	82	344	182	249	222.78174593035	 5064	 2288 0.002002  7226  0
571	03d.ma	274	391	151	36	106	234	226.53910524324	 2532	 2796 0.001887  4961  0
572	03d.ma	274	391	32	341	67	195	228.29646455613	 2062	 4845 0.002082  6869  0
573	03d.ma	274	391	163	228	132	65	227.48023074012	 3985	 4691 0.002848  8460  0
574	03d.ma	274	391	158	75	165	197	225.40916292827	 5728	 3155 0.002467  8673  0
575	03d.ma	274	391	85	348	187	185	228.09545442931	 3294	 2547 0.001895  5628  0
576	03d.ma	274	391	13	348	113	204	229.94112549688	 1262	 5633 0.002063  6895  0
577	03d.ma	274	391	117	206	133	7	228.19595949272	 2396	 3488 0.002116  5666  0
578	03d.ma	274	391	203	67	136	205	224.92388155405	 2688	 4204 0.001964  6717  0
579	03d.ma	274	391	107	120	24	263	227.37972567671	 2462	 3978 0.001801  6236  0
580	03d.ma	274	391	138	37	143	219	226.92388155405	 4649	 3587 0.00284  7961  0
581	03d.ma	274	391	126	31	112	232	231.02438661746	 3139	 3400 0.002344  6255  0
582	03d.ma	274	391	115	343	20	269	231.50966799168	 5367	 1866 0.002015  7153  0
583	03d.ma	274	391	74	224	94	80	231.58073580353	 6119	 2276 0.002474  8184  0
584	03d.ma	274	391	223	341	88	239	231.87005768503	 2146	 4646 0.002018  6582  0
585	03d.ma	274	391	153	16	118	211	229.68124086694	 3399	 2436 0.002029  5590  0
586	03d.ma	274	391	149	66	37	202	232.06601717775	 4938	 2694 0.002289  7454  0
587	03d.ma	274	391	123	40	117	234	230.26702730457	 3304	 3692 0.002527  6772  0
588	03d.ma	274	391	78	347	174	177	232.02438661746	 3078	 2999 0.002069  5850  0
589	03d.ma	274	391	32	186	80	361	230.92388155405	 3138	 3608 0.002378  6746  0
590	03d.ma	274	391	28	259	116	356	233.36753236798	 1987	 5086 0.001928  6972  0
591	03d.ma	274	391	123	221	141	14	237.02438661746	 2683	 3914 0.002338  6313  0
592	03d.ma	274	391	71	223	203	74	234.1370849896	 3767	 1869 0.001739  5406  0
593	03d.ma	274	391	133	57	40	216	236.40916292827	 4412	 3654 0.002578  7716  0
594	03d.ma	274	391	136	336	176	256	231.53910524324	 5514	 3314 0.002249  8687  0
595	03d.ma	274	391	171	117	116	303	233.22539674428	 1884	 3063 0.001691  4695  0
596	03d.ma	274	391	7	341	138	222	234.08326112058	 1903	 4980 0.001896  6655  0
597	03d.ma	274	391	165	257	142	345	235.22539674428	 3146	 5629 0.002278  8678  0
598	03d.ma	274	391	131	152	142	338	234.25483399584	 3942	 2242 0.002077  5873  0
599	03d.ma	274	391	69	77	94	211	235.7106781185	 1633	 6659 0.002276  8151  0
600	03d.ma	274	391	130	21	111	231	237.95331880561	 3273	 3289 0.002366  6218  0
601	03d.ma	274	391	174	268	143	93	237.58073580353	 3639	 3668 0.002432  7184  0
602	03d.ma	274	391	44	204	128	61	238.37972567671	 3915	 4960 0.002674  8651  0
603	03d.ma	274	391	92	121	25	175	236.72287142723	 3127	 3880 0.001633  6882  0
604	03d.ma	274	391	115	37	134	228	240.55129855197	 3973	 4372 0.002878  8086  0
605	03d.ma	274	391	38	170	145	87	239.82337649064	 2286	 6344 0.002359  8493  0
606	03d.ma	274	391	84	200	131	4	239.61017305509	 2366	 3827 0.002169  5924  0
607	03d.ma	274	391	32	174	120	359	239.61017305509	 2868	 3087 0.002039  5728  0
608	03d.ma	274	391	168	208	125	64	235.06601717775	 4178	 5858 0.003055  9817  0
609	03d.ma	274	391	17	180	113	355	237.61017305509	 2636	 3503 0.002067  6075  0
610	03d.ma	274	391	84	219	125	18	238.89444430249	 3066	 3016 0.002107  5732  0
611	03d.ma	274	391	163	199	123	76	240.09545442931	 4442	 6259 0.002966  10569  0
612	03d.ma	274	391	34	268	71	343	245.29646455613	 2937	 5073 0.001985  7913  0
613	03d.ma	274	391	25	183	85	115	241.72287142723	 4287	 2860 0.001733  7029  0
614	03d.ma	274	391	201	66	151	215	242.48023074012	 3318	 4640 0.002271  7816  0
615	03d.ma	274	391	165	236	39	351	245.7106781185	 4105	 4562 0.002426  8524  0
616	03d.ma	274	391	112	222	150	8	243.19595949272	 2676	 3406 0.002135  5782  0
617	03d.ma	274	391	137	30	69	234	243.1370849896	 3044	 2656 0.002021  5303  0
618	03d.ma	274	391	167	203	37	349	244.95331880561	 4370	 3286 0.002331  7425  0
619	03d.ma	274	391	96	73	108	250	243.5685424948	 2503	 5585 0.002676  7805  0
620	03d.ma	274	391	28	186	156	80	243.62236636382	 2464	 5634 0.002272  7940  0
621	03d.ma	274	391	118	223	152	11	244.50966799168	 2874	 3705 0.002276  6268  0
622	03d.ma	274	391	184	261	141	346	244.8528137422	 3009	 5821 0.00229  8752  0
623	03d.ma	274	391	188	173	85	121	245.06601717775	 3897	 4877 0.002232  8622  0
624	03d.ma	274	391	258	339	12	341	248.48528137422	 467	 536 0.000345  1003  0
625	03d.ma	274	391	146	71	173	181	243.75230867879	 7163	 2973 0.002772  9914  0
626	03d.ma	274	391	142	8	113	228	246.29646455613	 3624	 2908 0.002311  6160  0
627	03d.ma	274	391	136	136	134	337	243.91168824532	 3639	 2119 0.001856  5445  0
628	03d.ma	274	391	150	113	78	326	249.8528137422	 1787	 1688 0.001194  3057  0
629	03d.ma	274	391	24	245	148	340	243.7106781185	 3211	 5014 0.002303  8101  0
630	03d.ma	274	391	29	246	55	347	246.53910524324	 3617	 4507 0.002188  7974  0
631	03d.ma	274	391	136	76	176	255	251.30865786486	 4824	 4288 0.002873  8975  0
632	03d.ma	274	391	98	245	116	32	252.33809511642	 4305	 3063 0.0027  7058  0
633	03d.ma	274	391	37	201	136	51	250.37972567671	 3424	 5578 0.002784  8744  0
634	03d.ma	274	391	110	249	129	26	250.95331880561	 3536	 3375 0.002557  6567  0
635	03d.ma	274	391	153	83	31	172	248.62236636382	 6410	 2367 0.002421  8629  0
636	03d.ma	274	391	149	213	121	27	249.1370849896	 4325	 5376 0.003151  9518  0
637	03d.ma	274	391	138	137	141	343	249.91168824532	 3573	 2324 0.001937  5552  0
638	03d.ma	274	391	190	250	155	86	248.1370849896	 3848	 4618 0.002512  8307  0
639	03d.ma	274	391	182	180	147	355	248.9949493659	 3976	 3575 0.002442  7340  0
640	03d.ma	274	391	29	268	86	127	252.30865786486	 4573	 2356 0.001789  6836  0
641	03d.ma	274	391	130	39	164	228	254.72287142723	 5664	 4202 0.003226  9685  0
642	03d.ma	274	391	207	341	58	218	253.74011537006	 2951	 5750 0.00242  8497  0
643	03d.ma	274	391	35	167	152	78	255.96551211434	 2336	 6943 0.002518  9117  0
644	03d.ma	274	391	162	254	134	72	252.30865786486	 4336	 4926 0.002962  9081  0
645	03d.ma	274	391	135	355	178	164	252.50966799168	 3503	 3555 0.002357  6962  0
646	03d.ma	274	391	79	202	215	349	256.63961030665	 5787	 1920 0.002217  7707  0
647	03d.ma	274	391	127	327	98	125	256.39696961954	 3804	 2008 0.001681  5812  0
648	03d.ma	274	391	159	77	37	260	253.45079348856	 2995	 2859 0.001973  5618  0
649	03d.ma	274	391	103	271	107	68	256.88225099376	 4993	 2679 0.00271  7366  0
650	03d.ma	274	391	164	347	131	155	254.49747468295	 2612	 4592 0.002396  6845  0
651	03d.ma	274	391	152	77	90	303	258.7106781185	 2254	 2362 0.001593  4170  0
652	03d.ma	274	391	106	297	133	62	260.46803743139	 3395	 2472 0.002116  5849  0
653	03d.ma	274	391	39	199	115	63	256.45079348856	 4779	 5185 0.002848  9674  0
654	03d.ma	274	391	234	343	87	213	258.84062043347	 2129	 6552 0.002393  8681  0
655	03d.ma	274	391	155	80	112	314	259.46803743139	 2050	 2130 0.001463  3736  0
656	03d.ma	274	391	139	359	186	166	259.48023074012	 3619	 3584 0.002554  7096  0
657	03d.ma	274	391	43	236	191	79	258.1370849896	 4151	 3011 0.002197  6940  0
658	03d.ma	274	391	61	347	30	270	260.61017305509	 5026	 3203 0.002089  8115  0
659	03d.ma	274	391	116	46	49	222	258.48023074012	 4406	 5239 0.00316  9443  0
660	03d.ma	274	391	232	348	138	230	259.35533905925	 2702	 5822 0.002267  8400  0
661	03d.ma	274	391	176	260	140	63	263.55129855197	 4052	 5181 0.003049  8992  0
662	03d.ma	274	391	198	342	41	211	264.22539674428	 3594	 5742 0.00274  9143  0
663	03d.ma	274	391	156	41	162	208	259.9949493659	 6180	 4177 0.003064  10210  0
664	03d.ma	274	391	158	23	57	215	259.79393923908	 4622	 3188 0.002682  7451  0
665	03d.ma	274	391	245	343	130	228	263.11269837214	 2548	 6037 0.002201  8541  0
666	03d.ma	274	391	119	173	196	344	260.87005768503	 5851	 2723 0.002696  8381  0
667	03d.ma	274	391	160	222	208	346	262.32590180769	 5782	 3839 0.00257  9473  0
668	03d.ma	274	391	172	119	96	333	262.46803743139	 1381	 3589 0.001632  4970  0
669	03d.ma	274	391	39	243	181	347	263.53910524324	 4638	 4899 0.002658  9403  0
670	03d.ma	274	391	231	344	71	238	261.01219330873	 2564	 5319 0.002332  7856  0
671	03d.ma	274	391	135	135	56	347	266.98275605717	 4120	 2343 0.002295  6064  0
672	03d.ma	274	391	185	260	151	63	266.86500705093	 3798	 5066 0.002868  8626  0
673	03d.ma	274	391	94	320	190	118	268.7106781185	 4502	 1448 0.001882  5950  0
674	03d.ma	274	391	191	350	125	164	268.08326112058	 2662	 5612 0.002712  8109  0
675	03d.ma	274	391	115	117	124	352	266.46803743139	 2106	 3272 0.001934  5378  0
676	03d.ma	274	391	126	46	105	280	267.46803743139	 2872	 4156 0.002513  6543  0
677	03d.ma	274	391	95	76	40	204	266.23759005301	 4286	 5990 0.002749  10125  0
678	03d.ma	274	391	186	188	120	79	266.58073580353	 4455	 7014 0.003024  11332  0
679	03d.ma	274	391	153	351	27	266	265.75230867879	 5371	 2964 0.00235  8203  0
680	03d.ma	274	391	140	120	70	338	267.15432893243	 3854	 2107 0.00196  5504  0
681	03d.ma	274	391	29	245	178	343	269.12489168087	 4508	 4998 0.002692  9392  0
682	03d.ma	274	391	169	207	204	340	271.05382386902	 5824	 3944 0.00265  9638  0
683	03d.ma	274	391	168	166	170	77	267.65180361538	 3471	 7617 0.002591  10887  0
684	03d.ma	274	391	40	201	148	34	268.03657992619	 3315	 6003 0.002908  9109  0
685	03d.ma	274	391	159	121	104	361	273.32590180769	 1027	 3033 0.001402  4060  0
686	03d.ma	274	391	28	172	164	344	270.50966799168	 4351	 3516 0.002442  7642  0
687	03d.ma	274	391	173	341	142	153	269.5685424948	 2881	 5320 0.002605  8018  0
688	03d.ma	274	391	158	52	98	295	271.95331880561	 2345	 2603 0.001722  4295  0
689	03d.ma	274	391	94	67	41	205	269.55129855197	 4369	 5887 0.002906  10090  0
690	03d.ma	274	391	182	75	167	256	269.1370849896	 4279	 4524 0.002641  8667  0
691	03d.ma	274	391	89	121	105	343	275.59797974636	 1371	 5305 0.002045  6676  0
692	03d.ma	274	391	144	26	111	276	276.29646455613	 3584	 3151 0.002453  6306  0
693	03d.ma	274	391	150	79	98	329	275.05382386902	 1755	 2592 0.001484  4347  0
694	03d.ma	274	391	148	63	24	267	274.69343417567	 3861	 3186 0.002378  6784  0
695	03d.ma	274	391	145	58	185	266	276.20815280145	 5408	 3830 0.003071  9078  0
696	03d.ma	274	391	167	176	125	55	271.55129855197	 3842	 7568 0.003037  11302  0
697	03d.ma	274	391	38	225	90	69	274.89444430249	 6389	 3586 0.002869  9836  0
698	03d.ma	274	391	124	51	30	186	275.00714267463	 6473	 3891 0.002963  10202  0
699	03d.ma	274	391	129	58	112	303	273.78174593035	 3027	 3707 0.002476  6479  0
700	03d.ma	274	391	78	356	117	120	275.12489168087	 3659	 2458 0.002124  5705  0
701	03d.ma	274	391	131	27	39	238	280.86500705093	 5191	 4210 0.00322  9152  0
702	03d.ma	274	391	81	218	252	350	280.74011537006	 6850	 2451 0.002778  9252  0
703	03d.ma	274	391	134	52	25	179	277.76450198752	 7111	 3258 0.002899  10195  0
704	03d.ma	274	391	127	237	263	345	276.87005768503	 5850	 2410 0.002156  8260  0
705	03d.ma	274	391	121	47	174	191	278.72287142723	 7059	 4524 0.003358  11434  0
706	03d.ma	274	391	83	80	168	234	279.9949493659	 4520	 7125 0.003177  11509  0
707	03d.ma	274	391	174	183	184	340	275.95331880561	 5279	 4030 0.002645  9152  0
708	03d.ma	274	391	163	253	21	343	279.88225099376	 5005	 4620 0.002532  9483  0
709	03d.ma	274	391	119	325	157	74	280.19595949272	 2336	 2486 0.001683  4685  0
710	03d.ma	274	391	51	219	224	347	278.15432893243	 6355	 3100 0.002752  9255  0
711	03d.ma	274	391	154	13	42	218	283.55129855197	 5486	 3703 0.003082  8979  0
712	03d.ma	274	391	155	56	40	164	281.79393923908	 7643	 2483 0.002777  9994  0
713	03d.ma	274	391	141	72	117	330	283.88225099376	 2600	 3125 0.002085  5725  0
714	03d.ma	274	391	145	56	25	164	283.03657992619	 7620	 2495 0.002812  9962  0
715	03d.ma	274	391	258	347	95	211	283.18376618399	 2357	 6944 0.002707  9301  0
716	03d.ma	274	391	85	126	97	343	283.32590180769	 1406	 5805 0.00211  7211  0
717	03d.ma	274	391	251	352	93	205	285.08326112058	 2364	 7087 0.002726  9451  0
718	03d.ma	274	391	171	224	217	347	283.5685424948	 5881	 4110 0.002628  9842  0
719	03d.ma	274	391	126	25	36	199	282.35028842515	 6122	 4112 0.003157  10067  0
720	03d.ma	274	391	126	9	167	214	282.65180361538	 5795	 4351 0.003253  9994  0
721	03d.ma	274	391	22	344	175	174	290.19595949272	 3456	 5555 0.002697  8830  0
722	03d.ma	274	391	176	174	188	70	283.86500705093	 4177	 7189 0.002821  11223  0
723	03d.ma	274	391	173	247	154	35	285.69343417567	 4575	 6037 0.00345  10366  0
724	03d.ma	274	391	43	196	80	79	286.9949493659	 6636	 4737 0.002815  11228  0
725	03d.ma	274	391	82	200	246	348	287.98275605717	 7020	 2370 0.00282  9390  0
726	03d.ma	274	391	172	264	134	47	284.96551211434	 4393	 5992 0.003428  10193  0
727	03d.ma	274	391	33	265	29	339	286.36753236798	 5005	 4729 0.002282  9620  0
728	03d.ma	274	391	70	123	83	326	286.46803743139	 1472	 6130 0.002126  7475  0
729	03d.ma	274	391	239	350	152	216	286.98275605717	 2858	 6606 0.00257  9345  0
730	03d.ma	274	391	37	220	121	14	289.03657992619	 4594	 5500 0.00332  9899  0
731	03d.ma	274	391	125	76	87	323	294.19595949272	 2582	 5351 0.00265  7933  0
732	03d.ma	274	391	25	245	127	36	292.76450198752	 4608	 5508 0.003354  9883  0
733	03d.ma	274	391	179	249	93	80	290.72287142723	 6613	 5071 0.003277  11534  0
734	03d.ma	274	391	144	40	35	261	291.2792206133	 5014	 3964 0.003092  8722  0
735	03d.ma	274	391	178	73	96	318	291.8528137422	 1926	 4097 0.002144  6023  0
736	03d.ma	274	391	161	252	122	43	288.79393923908	 5107	 6261 0.003701  11185  0
737	03d.ma	274	391	144	46	169	266	288.48023074012	 5919	 4348 0.003414  10085  0
738	03d.ma	274	391	130	7	164	233	291.72287142723	 5795	 4538 0.003466  10162  0
739	03d.ma	274	391	43	174	197	79	287.30865786486	 4404	 6298 0.00292  10518  0
740	03d.ma	274	391	188	188	142	39	286.72287142723	 3539	 7465 0.003148  10891  0
741	03d.ma	274	391	102	73	187	176	293.03657992619	 7457	 5371 0.003249  12710  0
742	03d.ma	274	391	44	230	123	5	296.10764773804	 4643	 5217 0.003447  9616  0
743	03d.ma	274	391	197	68	32	176	294.421356237	 6250	 3986 0.002912  10065  0
744	03d.ma	274	391	29	192	116	47	294.45079348856	 4923	 6627 0.003175  11308  0
745	03d.ma	274	391	226	349	165	233	295.22539674428	 4168	 6031 0.002642  10071  0
746	03d.ma	274	391	206	349	173	188	293.78174593035	 4079	 5593 0.002865  9500  0
747	03d.ma	274	391	149	342	162	117	293.88225099376	 3433	 4342 0.002518  7521  0
748	03d.ma	274	391	26	244	198	344	292.12489168087	 5305	 5067 0.002926  10265  0
749	03d.ma	274	391	112	331	126	75	295.39696961954	 5308	 2843 0.002839  7903  0
750	03d.ma	274	391	140	34	33	177	291.62236636382	 7047	 3169 0.002915  10075  0
751	03d.ma	274	391	42	251	158	29	295.76450198752	 3903	 5035 0.003106  8502  0
752	03d.ma	274	391	135	37	93	308	301.02438661746	 3308	 3801 0.002528  6629  0
753	03d.ma	274	391	127	346	152	86	295.7106781185	 3024	 2738 0.001949  5201  0
754	03d.ma	274	391	165	75	107	344	299.46803743139	 1697	 3082 0.001685  4779  0
755	03d.ma	274	391	65	342	95	120	301.98275605717	 4547	 3592 0.002567  7969  0
756	03d.ma	274	391	185	183	119	39	297.52186130041	 4359	 7240 0.003249  11489  0
757	03d.ma	274	391	171	248	117	25	297.00714267463	 5152	 6331 0.003754  11298  0
758	03d.ma	274	391	134	7	169	238	297.1370849896	 5996	 4606 0.00356  10425  0
759	03d.ma	274	391	103	318	111	69	299.46803743139	 6014	 2895 0.003113  8826  0
760	03d.ma	274	391	137	36	185	173	295.45079348856	 7536	 3536 0.003072  10990  0
761	03d.ma	274	391	139	222	272	344	302.01219330873	 6879	 2458 0.002371  9337  0
762	03d.ma	274	391	98	354	141	76	304.63961030665	 3764	 1881 0.002001  5645  0
763	03d.ma	274	391	186	72	95	323	305.68124086694	 2073	 4781 0.002399  6854  0
764	03d.ma	274	391	99	341	143	61	304.81118318191	 3597	 2224 0.002077  5821  0
765	03d.ma	274	391	142	77	83	346	304.95331880561	 2577	 3383 0.002126  5525  0
766	03d.ma	274	391	132	337	145	83	299.22539674428	 2611	 3983 0.002134  6172  0
767	03d.ma	274	391	180	243	129	21	300.86500705093	 4817	 6575 0.003735  11236  0
768	03d.ma	274	391	185	120	135	342	301.63961030665	 2870	 4769 0.002428  7455  0
769	03d.ma	274	391	256	343	59	215	302.15432893243	 2653	 7274 0.00308  9737  0
770	03d.ma	274	391	40	341	135	115	302.15432893243	 2576	 6150 0.002904  8380  0
771	03d.ma	274	391	20	188	154	31	304.17871554989	 3205	 6776 0.002873  9790  0
772	03d.ma	274	391	206	345	37	176	305.19595949272	 3836	 6119 0.002896  9778  0
773	03d.ma	274	391	122	32	111	310	309.26702730457	 3639	 4588 0.003032  7870  0
774	03d.ma	274	391	20	181	11	351	308.09545442931	 5307	 3397 0.00247  8620  0
775	03d.ma	274	391	181	186	211	347	305.61017305509	 5651	 4171 0.002805  9760  0
776	03d.ma	274	391	73	76	34	244	306.72287142723	 3490	 6770 0.00286  10151  0
777	03d.ma	274	391	76	324	169	68	305.89444430249	 2797	 2910 0.002097  5236  0
778	03d.ma	274	391	169	246	70	77	305.82337649064	 7348	 4564 0.003293  11803  0
779	03d.ma	274	391	27	183	140	21	303.45079348856	 3247	 6726 0.002982  9703  0
780	03d.ma	274	391	124	9	162	190	307.20815280145	 6518	 4262 0.003175  10665  0
781	03d.ma	274	391	84	121	75	359	311.95331880561	 2199	 5029 0.002352  6896  0
782	03d.ma	274	391	109	302	116	25	310.50966799168	 4738	 3520 0.00307  7770  0
783	03d.ma	274	391	255	352	108	179	309.69848480977	 2429	 7565 0.002951  9896  0
784	03d.ma	274	391	140	20	102	306	311.05382386902	 3568	 3648 0.002689  6719  0
785	03d.ma	274	391	39	263	207	350	310.78174593035	 5408	 5380 0.002945  10681  0
786	03d.ma	274	391	110	318	198	70	309.78174593035	 5202	 2531 0.002829  7330  0
787	03d.ma	274	391	104	361	155	73	312.63961030665	 2689	 1844 0.001763  4533  0
788	03d.ma	274	391	155	40	119	304	306.36753236798	 4108	 3964 0.003007  7793  0
789	03d.ma	274	391	159	72	85	348	311.33809511642	 2205	 2729 0.00168  4326  0
790	03d.ma	274	391	134	43	96	327	313.19595949272	 3157	 4412 0.002718  7569  0
791	03d.ma	274	391	188	75	110	335	314.7106781185	 2488	 5286 0.002814  7347  0
792	03d.ma	274	391	110	315	144	25	315.88225099376	 3663	 3819 0.002766  7021  0
793	03d.ma	274	391	126	71	106	354	318.39696961954	 2497	 5582 0.002819  8079  0
794	03d.ma	274	391	167	189	227	351	312.12489168087	 5936	 3805 0.002781  9608  0
795	03d.ma	274	391	120	318	133	32	316.43860017983	 4044	 4328 0.003204  8069  0
796	03d.ma	274	391	181	189	120	13	311.93607486278	 4289	 6711 0.003284  10885  0
797	03d.ma	274	391	136	111	30	347	317.39696961954	 6412	 2756 0.003085  8842  0
798	03d.ma	274	391	144	328	149	87	312.61017305509	 2687	 5862 0.002556  8195  0
799	03d.ma	274	391	29	251	130	10	316.00714267463	 4658	 5745 0.003719  10124  0
800	03d.ma	274	391	88	320	104	67	315.50966799168	 6399	 2998 0.003226  9243  0
801	03d.ma	274	391	131	14	96	301	318.61017305509	 4054	 4108 0.00297  7503  0
802	03d.ma	274	391	120	341	140	53	317.88225099376	 4005	 3751 0.002855  7050  0
803	03d.ma	274	391	176	187	122	3	316.93607486278	 4344	 6439 0.003201  10654  0
804	03d.ma	274	391	215	351	27	177	319.82337649064	 3901	 6257 0.003013  10007  0
805	03d.ma	274	391	121	117	24	340	319.88225099376	 6652	 3407 0.003255  9910  0
806	03d.ma	274	391	213	345	191	249	315.53910524324	 5411	 5611 0.002649  10961  0
807	03d.ma	274	391	79	343	166	77	317.8528137422	 3648	 2889 0.00231  6123  0
808	03d.ma	274	391	135	10	162	172	317.89444430249	 6964	 3800 0.003043  10637  0
809	03d.ma	274	391	226	341	177	186	315.78174593035	 3933	 5998 0.002706  9801  0
810	03d.ma	274	391	154	16	185	182	316.52186130041	 6902	 3879 0.003055  10654  0
811	03d.ma	274	391	104	342	106	72	326.81118318191	 7598	 2907 0.003507  10505  0
812	03d.ma	274	391	152	17	95	301	320.43860017983	 4014	 3837 0.002834  7175  0
813	03d.ma	274	391	251	345	43	233	321.05382386902	 3452	 7253 0.003261  10562  0
814	03d.ma	274	391	103	324	142	25	324.46803743139	 4025	 3505 0.002726  7008  0
815	03d.ma	274	391	199	342	140	127	319.15432893243	 3289	 7281 0.003177  10360  0
816	03d.ma	274	391	128	11	25	184	320.00714267463	 6540	 4004 0.003095  10387  0
817	03d.ma	274	391	228	349	31	251	322.68124086694	 5001	 6141 0.003266  11015  0
818	03d.ma	274	391	105	334	114	52	322.19595949272	 6077	 2809 0.003238  8744  0
819	03d.ma	274	391	38	262	128	11	323.35028842515	 4886	 5769 0.003699  10365  0
820	03d.ma	274	391	118	103	173	349	321.7106781185	 6190	 3709 0.003314  9684  0
821	03d.ma	274	391	124	114	194	344	327.15432893243	 7261	 3649 0.003568  10747  0
822	03d.ma	274	391	149	17	178	269	323.93607486278	 6564	 4461 0.003703  10840  0
823	03d.ma	274	391	124	347	174	66	323.40916292827	 3841	 3125 0.002572  6655  0
824	03d.ma	274	391	101	329	152	31	328.43860017983	 4195	 3269 0.002709  7464  0
825	03d.ma	274	391	128	349	126	68	325.26702730457	 5342	 3734 0.003206  8859  0
826	03d.ma	274	391	101	331	142	28	329.29646455613	 4215	 3438 0.002788  7112  0
827	03d.ma	274	391	91	329	153	43	327.43860017983	 4878	 3128 0.002866  7568  0
828	03d.ma	274	391	73	128	142	337	323.74011537006	 3344	 6199 0.002661  9427  0
829	03d.ma	274	391	127	62	102	358	327.95331880561	 2712	 5432 0.002872  8144  0
830	03d.ma	274	391	69	346	134	76	327.36753236798	 4676	 4040 0.002976  8391  0
831	03d.ma	274	391	231	347	29	255	329.68124086694	 5111	 6166 0.003255  11162  0
832	03d.ma	274	391	158	54	82	348	331.92388155405	 2961	 3089 0.00214  5221  0
833	03d.ma	274	391	143	361	196	125	327.26702730457	 5260	 2492 0.002434  7558  0
834	03d.ma	274	391	90	349	186	73	333.33809511642	 5403	 2075 0.002651  7478  0
835	03d.ma	274	391	77	75	111	321	333.98275605717	 3012	 8615 0.003656  11383  0
836	03d.ma	274	391	4	339	128	126	329.5685424948	 2912	 7361 0.003115  10065  0
837	03d.ma	274	391	80	347	120	74	331.61017305509	 6383	 3621 0.003265  9740  0
838	03d.ma	274	391	115	46	86	325	331.33809511642	 3321	 5994 0.003269  8887  0
839	03d.ma	274	391	25	265	145	11	329.421356237	 4232	 5931 0.003526  9752  0
840	03d.ma	274	391	130	9	91	305	330.68124086694	 4397	 4295 0.00314  8203  0
841	03d.ma	274	391	137	73	146	359	334.33809511642	 4555	 3863 0.002933  7992  0
842	03d.ma	274	391	224	347	134	136	333.91168824532	 3496	 7867 0.003314  11207  0
843	03d.ma	274	391	17	181	119	10	333.14927829833	 4258	 6656 0.003117  10735  0
844	03d.ma	274	391	118	65	130	341	333.19595949272	 4490	 6106 0.003645  10299  0
845	03d.ma	274	391	151	76	54	347	334.61017305509	 4642	 2858 0.002468  7036  0
846	03d.ma	274	391	142	89	38	348	334.29646455613	 5645	 2813 0.002784  8082  0
847	03d.ma	274	391	60	347	133	76	337.78174593035	 4697	 4715 0.003118  9105  0
848	03d.ma	274	391	149	9	188	265	332.07821048648	 6520	 4492 0.003692  10789  0
849	03d.ma	274	391	112	79	127	347	332.88225099376	 3811	 6899 0.003437  10456  0
850	03d.ma	274	391	118	312	127	7	337.09545442931	 4479	 4733 0.003449  8893  0
851	03d.ma	274	391	239	345	31	179	337.68124086694	 4065	 6997 0.003395  10903  0
852	03d.ma	274	391	125	73	136	357	337.26702730457	 4129	 5206 0.003229  9153  0
853	03d.ma	274	391	25	261	159	6	335.63455967255	 4232	 5762 0.003447  9755  0
854	03d.ma	274	391	249	345	135	157	337.49747468295	 3216	 8386 0.003178  11399  0
855	03d.ma	274	391	43	343	189	124	338.05382386902	 4828	 4370 0.002728  8961  0
856	03d.ma	274	391	115	323	133	11	340.36753236798	 4436	 4700 0.003413  8816  0
857	03d.ma	274	391	189	120	165	341	336.88225099376	 4464	 4848 0.00283  9081  0
858	03d.ma	274	391	234	347	168	168	338.88225099376	 4008	 5928 0.002811  9800  0
859	03d.ma	274	391	269	348	170	208	337.46803743139	 2786	 6864 0.002466  9560  0
860	03d.ma	274	391	133	324	126	32	337.65180361538	 4439	 5408 0.003638  9375  0
861	03d.ma	274	391	101	76	125	343	341.46803743139	 3966	 7834 0.003629  11593  0
862	03d.ma	274	391	72	76	90	322	344.95331880561	 2753	 9084 0.003578  11504  0
863	03d.ma	274	391	42	346	77	119	345.05382386902	 4854	 4211 0.002711  8910  0
864	03d.ma	274	391	143	56	65	332	342.36753236798	 5739	 3388 0.003112  8654  0
865	03d.ma	274	391	243	349	186	191	341.36753236798	 4009	 6092 0.002731  9973  0
866	03d.ma	274	391	133	69	54	341	344.19595949272	 5454	 4344 0.003238  9466  0
867	03d.ma	274	391	124	8	121	317	343.58073580353	 4862	 4803 0.003656  9283  0
868	03d.ma	274	391	146	331	141	59	341.61017305509	 3684	 6516 0.003369  9656  0
869	03d.ma	274	391	151	34	91	343	343.75230867879	 3341	 4503 0.002887  7638  0
870	03d.ma	274	391	145	83	33	341	345.29646455613	 6524	 2850 0.002955  8924  0
871	03d.ma	274	391	100	357	128	39	348.02438661746	 5700	 3304 0.003256  9004  0
872	03d.ma	274	391	117	332	148	16	346.43860017983	 4058	 4676 0.003247  8358  0
873	03d.ma	274	391	121	331	156	21	347.65180361538	 4241	 4635 0.003325  8550  0
874	03d.ma	274	391	144	78	38	339	347.95331880561	 6695	 3137 0.003062  9503  0
875	03d.ma	274	391	117	43	101	348	347.36753236798	 3285	 6891 0.003588  10176  0
876	03d.ma	274	391	137	103	15	350	346.39696961954	 7076	 2657 0.003207  9452  0
877	03d.ma	274	391	157	127	204	339	344.29646455613	 7302	 4367 0.003374  11501  0
878	03d.ma	274	391	125	62	69	354	346.65180361538	 4142	 5525 0.00333  9385  0
879	03d.ma	274	391	261	348	163	190	346.7106781185	 3270	 6546 0.002535  9682  0
880	03d.ma	274	391	137	126	226	344	345.91168824532	 8146	 3526 0.003307  11422  0
881	03d.ma	274	391	100	78	84	358	354.61017305509	 2894	 7666 0.003359  10560  0
882	03d.ma	274	391	257	350	30	190	351.8528137422	 3680	 7596 0.00351  11115  0
883	03d.ma	274	391	36	349	189	117	350.43860017983	 4615	 4812 0.002942  9195  0
884	03d.ma	274	391	249	348	172	263	350.7106781185	 4578	 6085 0.00241  10541  0
885	03d.ma	274	391	85	120	27	343	350.39696961954	 5449	 4519 0.002915  9815  0
886	03d.ma	274	391	148	6	89	325	352.75230867879	 4220	 4234 0.003048  7848  0
887	03d.ma	274	391	119	65	63	336	351.26702730457	 5097	 5921 0.003517  10784  0
888	03d.ma	274	391	243	339	168	269	348.63961030665	 4909	 6100 0.002409  10897  0
889	03d.ma	274	391	239	340	35	267	347.36753236798	 5111	 6296 0.003342  11310  0
890	03d.ma	274	391	174	126	17	347	351.53910524324	 6540	 4278 0.003323  10621  0
891	03d.ma	274	391	144	85	190	341	354.22539674428	 8487	 3373 0.003525  11546  0
892	03d.ma	274	391	166	346	147	65	351.88225099376	 3235	 6756 0.0032  9529  0
893	03d.ma	274	391	163	344	171	78	353.19595949272	 4399	 5826 0.003177  10039  0
894	03d.ma	274	391	121	9	87	328	357.30865786486	 4109	 5489 0.00345  9127  0
895	03d.ma	274	391	40	344	157	68	357.8528137422	 3006	 6071 0.002956  8626  0
896	03d.ma	274	391	128	348	119	44	354.09545442931	 6669	 4767 0.004182  11131  0
897	03d.ma	274	391	44	244	270	349	353.12489168087	 7590	 3153 0.003354  10602  0
898	03d.ma	274	391	171	342	71	127	352.15432893243	 5994	 4735 0.002975  10557  0
899	03d.ma	274	391	105	358	122	31	357.43860017983	 6021	 3416 0.003466  9437  0
900	03d.ma	274	391	114	118	214	342	351.98275605717	 7829	 4478 0.003768  12120  0
901	03d.ma	274	391	148	17	107	350	359.29646455613	 3738	 4498 0.003029  7676  0
902	03d.ma	274	391	119	73	156	343	355.7106781185	 6068	 5562 0.003702  11420  0
903	03d.ma	274	391	141	341	129	42	355.02438661746	 5319	 6064 0.004069  11119  0
904	03d.ma	274	391	142	41	140	353	356.50966799168	 5425	 4482 0.003665  9601  0
905	03d.ma	274	391	86	340	135	17	361.19595949272	 5011	 4939 0.00366  9424  0
906	03d.ma	274	391	33	264	252	347	358.02438661746	 6605	 4653 0.003346  11143  0
907	03d.ma	274	391	70	357	139	41	358.58073580353	 4594	 4159 0.003209  8294  0
908	03d.ma	274	391	256	340	23	251	356.8528137422	 4345	 6929 0.003595  11164  0
909	03d.ma	274	391	111	126	220	342	357.66904755821	 7884	 4698 0.003684  12445  0
910	03d.ma	274	391	119	362	125	40	359.43860017983	 5468	 4437 0.003677  9448  0
911	03d.ma	274	391	192	349	183	120	359.53910524324	 4905	 6110 0.003363  10880  0
912	03d.ma	274	391	268	346	40	256	362.7106781185	 3716	 7245 0.003515  10839  0
913	03d.ma	274	391	95	353	116	24	366.06601717775	 6548	 3691 0.003764  10239  0
914	03d.ma	274	391	148	81	18	344	363.12489168087	 7714	 2887 0.003261  10189  0
915	03d.ma	274	391	131	26	130	340	359.02438661746	 5826	 5363 0.004067  10826  0
916	03d.ma	274	391	181	270	250	352	364.09545442931	 6003	 4877 0.002469  10763  0
917	03d.ma	274	391	185	69	150	346	359.33809511642	 4849	 5350 0.003404  9916  0
918	03d.ma	274	391	133	322	155	11	360.72287142723	 3831	 5896 0.003487  9435  0
919	03d.ma	274	391	146	339	107	70	358.95331880561	 6865	 5762 0.004122  12348  0
920	03d.ma	274	391	94	347	131	15	363.26702730457	 5462	 4070 0.00351  9070  0
921	03d.ma	274	391	267	334	173	254	362.36753236798	 3491	 7004 0.002295  10343  0
922	03d.ma	274	391	254	347	189	168	367.58073580353	 3875	 6112 0.002755  9856  0
923	03d.ma	274	391	29	174	259	337	365.75230867879	 7744	 3739 0.003719  11315  0
924	03d.ma	274	391	89	123	7	349	367.63961030665	 6446	 4339 0.003255  10673  0
925	03d.ma	274	391	127	43	151	342	367.02438661746	 6608	 5534 0.004224  11920  0
926	03d.ma	274	391	218	352	114	107	366.19595949272	 4421	 8011 0.004031  12264  0
927	03d.ma	274	391	166	350	157	59	363.68124086694	 3426	 6487 0.003216  9515  0
928	03d.ma	274	391	185	346	161	76	366.8528137422	 3642	 7626 0.003372  11026  0
929	03d.ma	274	391	221	347	107	123	365.15432893243	 4834	 7839 0.003774  12571  0
930	03d.ma	274	391	78	80	110	355	366.15432893243	 3127	 8985 0.003643  11724  0
931	03d.ma	274	391	133	355	155	31	368.65180361538	 4904	 5239 0.003717  9783  0
932	03d.ma	274	391	35	175	268	345	369.02438661746	 7741	 3531 0.003571  11103  0
933	03d.ma	274	391	206	340	146	88	368.46803743139	 3712	 9270 0.003778  12735  0
934	03d.ma	274	391	13	343	188	117	369.95331880561	 4370	 6352 0.003173  10545  0
935	03d.ma	274	391	145	354	125	37	370.48023074012	 5522	 5950 0.004144  11143  0
936	03d.ma	274	391	125	42	148	347	368.50966799168	 6290	 5767 0.004277  11734  0
937	03d.ma	274	391	111	354	73	76	370.5685424948	 9121	 3195 0.003762  12089  0
938	03d.ma	274	391	71	362	196	72	370.48023074012	 6480	 2941 0.003274  9077  0
939	03d.ma	274	391	146	26	71	338	369.02438661746	 5955	 4821 0.003846  10408  0
940	03d.ma	274	391	262	337	169	167	369.12489168087	 3592	 6558 0.002698  9988  0
941	03d.ma	274	391	184	348	170	80	374.02438661746	 4460	 7125 0.003498  11369  0
942	03d.ma	274	391	145	9	124	351	374.09545442931	 5348	 4881 0.003804  9812  0
943	03d.ma	274	391	187	348	157	70	372.8528137422	 3542	 7932 0.003533  11086  0
944	03d.ma	274	391	154	81	9	340	375.43860017983	 8664	 2823 0.003479  11113  0
945	03d.ma	274	391	174	70	176	345	372.92388155405	 6535	 4326 0.003389  10520  0
946	03d.ma	274	391	124	350	73	79	374.36753236798	 9377	 3628 0.003912  12850  0
947	03d.ma	274	391	178	351	143	58	373.78174593035	 3751	 7692 0.003709  10921  0
948	03d.ma	274	391	185	164	257	348	373.33809511642	 6127	 3861 0.002776  9872  0
949	03d.ma	274	391	26	345	169	78	374.26702730457	 3806	 6685 0.003262  10167  0
950	03d.ma	274	391	130	30	143	332	371.75230867879	 7339	 5338 0.004429  12310  0
951	03d.ma	274	391	116	78	32	347	381.95331880561	 6127	 5215 0.003389  11162  0
952	03d.ma	274	391	133	15	72	342	378.8528137422	 5994	 5547 0.004191  11172  0
953	03d.ma	274	391	151	340	137	27	376.53910524324	 4951	 7162 0.004185  11778  0
954	03d.ma	274	391	68	75	128	347	379.53910524324	 3907	 9450 0.004027  13206  0
955	03d.ma	274	391	211	346	183	128	377.29646455613	 4983	 6909 0.003366  11744  0
956	03d.ma	274	391	162	347	101	79	378.88225099376	 6897	 6074 0.003907  12756  0
957	03d.ma	274	391	74	358	85	68	381.9949493659	 8377	 3593 0.003905  11730  0
958	03d.ma	274	391	119	118	243	351	378.88225099376	 8749	 4109 0.003895  12717  0
959	03d.ma	274	391	21	341	149	61	380.95331880561	 3005	 7957 0.003438  10568  0
960	03d.ma	274	391	96	355	130	5	380.8528137422	 5914	 4345 0.003784  9807  0
961	03d.ma	274	391	135	40	44	347	383.09545442931	 6531	 4786 0.003882  10942  0
962	03d.ma	274	391	144	4	81	347	382.50966799168	 5206	 4934 0.00372  9517  0
963	03d.ma	274	391	241	350	132	105	382.32590180769	 3533	 9542 0.003865  12854  0
964	03d.ma	274	391	132	8	133	339	380.02438661746	 6288	 5460 0.004324  11366  0
965	03d.ma	274	391	124	120	253	339	381.39696961954	 9479	 3775 0.003672  13017  0
966	03d.ma	274	391	175	350	157	51	380.68124086694	 3600	 7073 0.003453  10228  0
967	03d.ma	274	391	121	8	80	346	384.48023074012	 5140	 6537 0.004347  11327  0
968	03d.ma	274	391	261	339	142	130	380.22539674428	 3384	 9517 0.003398  12719  0
969	03d.ma	274	391	104	363	156	11	383.43860017983	 4984	 4011 0.003293  8691  0
970	03d.ma	274	391	100	354	125	2	383.26702730457	 6202	 4282 0.003886  9996  0
971	03d.ma	274	391	62	347	82	73	388.02438661746	 8304	 4375 0.003814  12505  0
972	03d.ma	274	391	234	349	133	96	384.32590180769	 3624	 9670 0.003956  13020  0
973	03d.ma	274	391	79	118	210	341	383.39696961954	 7087	 5878 0.003663  12853  0
974	03d.ma	274	391	83	70	62	332	387.8528137422	 5108	 8237 0.004033  13186  0
975	03d.ma	274	391	155	13	72	336	386.16652224116	 6452	 5101 0.004078  11042  0
976	03d.ma	274	391	151	77	208	340	383.53910524324	 9629	 3822 0.003927  13031  0
977	03d.ma	274	391	185	67	38	351	387.06601717775	 5179	 4785 0.003294  9672  0
978	03d.ma	274	391	148	71	8	351	386.02438661746	 8596	 2881 0.003589  11142  0
979	03d.ma	274	391	164	351	147	41	384.68124086694	 4611	 7250 0.004034  11557  0
980	03d.ma	274	391	269	343	136	130	384.08326112058	 3303	 9671 0.003427  12785  0
981	03d.ma	274	391	58	347	81	72	393.43860017983	 8186	 4569 0.003801  12568  0
982	03d.ma	274	391	134	332	141	5	387.19595949272	 4907	 6795 0.004165  11355  0
983	03d.ma	274	391	48	347	203	67	391.65180361538	 6350	 4447 0.003534  10501  0
984	03d.ma	274	391	126	2	88	359	392.82337649064	 4381	 6355 0.00397  10287  0
985	03d.ma	274	391	146	57	13	346	392.12489168087	 8398	 2984 0.003584  10966  0
986	03d.ma	274	391	251	351	124	113	388.05382386902	 3827	 9351 0.003879  12968  0
987	03d.ma	274	391	47	344	89	78	392.7106781185	 7351	 4932 0.003541  12102  0
988	03d.ma	274	391	140	339	71	73	387.7106781185	 9264	 5051 0.004139  14095  0
989	03d.ma	274	391	70	352	73	67	393.58073580353	 8910	 3783 0.003958  12516  0
990	03d.ma	274	391	47	346	135	28	391.68124086694	 5162	 6691 0.004173  11521  0
991	03d.ma	274	391	58	350	133	15	396.16652224116	 5762	 6498 0.004397  11893  0
992	03d.ma	274	391	149	54	12	343	396.12489168087	 8390	 2995 0.003568  10988  0
993	03d.ma	274	391	72	80	145	346	394.53910524324	 5009	 9444 0.004202  14294  0
994	03d.ma	274	391	147	7	71	354	393.65180361538	 5415	 5264 0.003986  10198  0
995	03d.ma	274	391	148	14	147	332	391.75230867879	 7356	 4975 0.004331  11984  0
996	03d.ma	274	391	253	350	150	115	391.78174593035	 3490	 9161 0.003694  12448  0
997	03d.ma	274	391	180	343	113	58	391.92388155405	 5517	 7493 0.004178  12874  0
998	03d.ma	274	391	164	66	13	350	394.58073580353	 8195	 2947 0.003547  10737  0
999	03d.ma	274	391	107	71	179	343	391.53910524324	 7279	 6057 0.004215  13144  0
1000	03d.ma	274	391	257	326	136	126	392.98275605717	 3294	 11399 0.003991  14498  0
1001	03d.ma	274	391	93	77	169	350	395.95331880561	 6316	 7264 0.004115  13445  0
1002	03d.ma	274	391	124	106	255	342	396.15432893243	 10039	 3841 0.00394  13691  0
1003	03d.ma	274	391	25	347	142	42	399.68124086694	 4106	 7514 0.003959  11326  0
1004	03d.ma	274	391	63	347	128	5	401.9949493659	 6332	 6326 0.004774  12358  0
1005	03d.ma	274	391	107	117	251	344	396.39696961954	 9145	 4538 0.003926  13533  0
1006	03d.ma	274	391	160	67	207	343	395.02438661746	 9319	 3923 0.004295  12771  0
1007	03d.ma	274	391	126	116	264	340	395.15432893243	 10159	 3650 0.004082  13603  0
1008	03d.ma	274	391	137	62	6	341	397.43860017983	 9024	 3618 0.005  12362  0
1009	03d.ma	274	391	44	339	137	23	399.8528137422	 4946	 7354 0.005161  12006  0
1010	03d.ma	274	391	133	79	214	341	398.05382386902	 10104	 4797 0.006164  14787  0
1011	03d.ma	274	391	163	340	127	21	402.09545442931	 5762	 7761 0.006394  13379  0
1012	03d.ma	274	391	190	78	189	352	401.50966799168	 6630	 5364 0.003817  11854  0
1013	03d.ma	274	391	115	5	142	346	400.30865786486	 6412	 6712 0.005377  12814  0
1014	03d.ma	274	391	251	349	168	124	401.88225099376	 4197	 8541 0.003567  12544  0
1015	03d.ma	274	391	190	340	110	71	400.78174593035	 5758	 8073 0.004545  13651  0
1016	03d.ma	274	391	156	122	264	342	401.63961030665	 9550	 3746 0.00362  13110  0
1017	03d.ma	274	391	254	348	134	99	401.32590180769	 3514	 10277 0.004069  13525  0
1018	03d.ma	274	391	142	335	118	5	399.48023074012	 6448	 6856 0.00492  13042  0
1019	03d.ma	274	391	146	90	242	343	401.81118318191	 10305	 3659 0.004959  13793  0
1020	03d.ma	274	391	157	349	76	76	400.95331880561	 8723	 5709 0.00424  14213  0
1021	03d.ma	274	391	222	351	155	71	407.26702730457	 3827	 10147 0.004527  13694  0
1022	03d.ma	274	391	74	75	48	344	407.95331880561	 4876	 8139 0.003741  12863  0
1023	03d.ma	274	391	119	113	260	333	402.29646455613	 10557	 3933 0.004691  14298  0
1024	03d.ma	274	391	191	72	191	342	403.68124086694	 6907	 5349 0.003691  12041  0
1025	03d.ma	274	391	267	344	122	111	403.98275605717	 3833	 10217 0.003956  13828  0
1026	03d.ma	274	391	237	346	84	122	404.15432893243	 5600	 7907 0.003769  13364  0
1027	03d.ma	274	391	188	343	196	70	406.09545442931	 5663	 6490 0.003642  12024  0
1028	03d.ma	274	391	34	348	89	80	408.19595949272	 6683	 5275 0.003444  11738  0
1029	03d.ma	274	391	143	353	123	2	403.89444430249	 6276	 6306 0.004798  12255  0
1030	03d.ma	274	391	191	70	188	348	403.16652224116	 6608	 5381 0.003778  11737  0
1031	03d.ma	274	391	223	347	167	77	410.8528137422	 4278	 9848 0.004168  13895  0
1032	03d.ma	274	391	151	31	180	345	406.92388155405	 7958	 4789 0.004188  12425  0
1033	03d.ma	274	391	174	345	146	22	407.8528137422	 4954	 7770 0.004331  12520  0
1034	03d.ma	274	391	70	80	157	349	408.61017305509	 5629	 9267 0.004318  14702  0
1035	03d.ma	274	391	272	344	154	122	407.63961030665	 3616	 9930 0.003713  13352  0
1036	03d.ma	274	391	115	16	47	345	411.55129855197	 6895	 6906 0.004871  13581  0
1037	03d.ma	274	391	205	349	135	50	411.26702730457	 4592	 9659 0.004571  14070  0
1038	03d.ma	274	391	218	339	69	114	403.88225099376	 6082	 7233 0.003709  13204  0
1039	03d.ma	274	391	174	344	87	68	408.19595949272	 7737	 6737 0.004587  14280  0
1040	03d.ma	274	391	95	71	183	342	407.95331880561	 7184	 6857 0.004205  13812  0
1041	03d.ma	274	391	71	73	166	342	414.12489168087	 6367	 8889 0.00437  15025  0
1042	03d.ma	274	391	258	333	104	120	413.22539674428	 4620	 10189 0.003911  14709  0
1043	03d.ma	274	391	27	339	117	40	413.9949493659	 5753	 7472 0.004209  13031  0
1044	03d.ma	274	391	139	45	206	345	413.95331880561	 9716	 4490 0.004505  14012  0
1045	03d.ma	274	391	143	41	201	343	413.78174593035	 9214	 4558 0.004573  13553  0
1046	03d.ma	274	391	253	343	175	116	411.7106781185	 4237	 8848 0.003936  12886  0
1047	03d.ma	274	391	157	72	232	345	414.61017305509	 10545	 3796 0.004222  14046  0
1048	03d.ma	274	391	204	348	185	74	411.50966799168	 4928	 7933 0.003846  12617  0
1049	03d.ma	274	391	230	352	72	125	412.05382386902	 6026	 7443 0.003835  13370  0
1050	03d.ma	274	391	115	7	52	346	415.96551211434	 6732	 7165 0.005116  13661  0
1051	03d.ma	274	391	101	72	14	348	419.61017305509	 6989	 5256 0.003668  12016  0
1052	03d.ma	274	391	260	342	172	128	414.46803743139	 4374	 9006 0.00355  13234  0
1053	03d.ma	274	391	191	351	131	32	417.75230867879	 4967	 8513 0.004517  13196  0
1054	03d.ma	274	391	120	42	193	341	417.68124086694	 8626	 5555 0.004522  14058  0
1055	03d.ma	274	391	23	342	115	41	418.33809511642	 5746	 7420 0.004096  12979  0
1056	03d.ma	274	391	25	346	117	30	419.72287142723	 5718	 7398 0.005075  12915  0
1057	03d.ma	274	391	118	63	209	351	417.75230867879	 9491	 5277 0.004688  14621  0
1058	03d.ma	274	391	153	53	216	352	418.8528137422	 9986	 3930 0.004323  13561  0
1059	03d.ma	274	391	98	117	259	338	415.05382386902	 9642	 4815 0.003985  14291  0
1060	03d.ma	274	391	257	325	111	119	415.05382386902	 4267	 11102 0.004194  15187  0
1061	03d.ma	274	391	132	4	40	351	425.9949493659	 7161	 5950 0.004705  12851  0
1062	03d.ma	274	391	172	120	260	335	418.53910524324	 9664	 4151 0.00374  13665  0
1063	03d.ma	274	391	268	334	101	121	421.63961030665	 4715	 10193 0.003975  14726  0
1064	03d.ma	274	391	143	78	247	339	422.29646455613	 11261	 3924 0.004322  14965  0
1065	03d.ma	274	391	223	342	152	54	421.12489168087	 3907	 10553 0.00425  14178  0
1066	03d.ma	274	391	104	70	203	350	421.8528137422	 8410	 6085 0.004544  14395  0
1067	03d.ma	274	391	29	345	122	19	423.65180361538	 5987	 7407 0.004899  13183  0
1068	03d.ma	274	391	194	350	154	39	420.33809511642	 5071	 8486 0.005024  13335  0
1069	03d.ma	274	391	178	72	222	345	422.09545442931	 9549	 4551 0.004119  13929  0
1070	03d.ma	274	391	19	348	141	26	421.68124086694	 4302	 7982 0.004106  11974  0
1071	03d.ma	274	391	133	32	9	342	425.68124086694	 8584	 4301 0.004164  12652  0
1072	03d.ma	274	391	255	348	151	85	423.95331880561	 3625	 10944 0.004167  14422  0
1073	03d.ma	274	391	223	348	181	75	426.09545442931	 4711	 9445 0.004147  14000  0
1074	03d.ma	274	391	121	27	193	343	425.58073580353	 8311	 5601 0.004601  13740  0
1075	03d.ma	274	391	133	95	257	326	422.74011537006	 11965	 3467 0.004151  15140  0
1076	03d.ma	274	391	177	343	76	66	422.61017305509	 8455	 6786 0.004583  15089  0
1077	03d.ma	274	391	238	351	69	128	423.88225099376	 6072	 7601 0.003839  13549  0
1078	03d.ma	274	391	226	345	135	54	426.61017305509	 4549	 10915 0.004784  15278  0
1079	03d.ma	274	391	164	350	121	3	424.65180361538	 6579	 7419 0.005714  13752  0
1080	03d.ma	274	391	39	343	116	5	429.30865786486	 7025	 7213 0.005  14042  0
1081	03d.ma	274	391	92	120	269	340	428.98275605717	 9717	 5039 0.004274  14629  0
1082	03d.ma	274	391	12	339	117	38	429.82337649064	 5191	 8266 0.006206  13275  0
1083	03d.ma	274	391	31	342	114	12	431.55129855197	 6666	 7408 0.005546  13860  0
1084	03d.ma	274	391	177	350	120	12	427.89444430249	 6331	 7736 0.004854  13940  0
1085	03d.ma	274	391	94	116	263	334	425.7106781185	 9986	 4927 0.004059  14773  0
1086	03d.ma	274	391	219	340	124	51	427.58073580353	 4898	 10372 0.004659  15090  0
1087	03d.ma	274	391	69	122	247	345	428.74011537006	 8041	 5940 0.003817  13806  0
1088	03d.ma	274	391	258	343	78	121	430.32590180769	 5627	 8768 0.003883  14273  0
1089	03d.ma	274	391	146	82	260	348	429.29646455613	 11339	 3594 0.004409  14608  0
1090	03d.ma	274	391	245	344	159	70	430.02438661746	 3746	 10996 0.004227  14394  0
1091	03d.ma	274	391	135	54	233	347	434.43860017983	 11205	 4495 0.004886  15471  0
1092	03d.ma	274	391	118	66	229	349	435.09545442931	 10582	 5211 0.004885  15687  0
1093	03d.ma	274	391	155	76	254	345	431.78174593035	 11198	 3668 0.004522  14707  0
1094	03d.ma	274	391	23	341	135	9	434.26702730457	 5160	 7620 0.004443  12531  0
1095	03d.ma	274	391	136	19	13	339	434.68124086694	 8211	 4497 0.00427  12476  0
1096	03d.ma	274	391	152	78	260	342	434.12489168087	 11460	 3630 0.004169  14833  0
1097	03d.ma	274	391	174	79	241	345	434.19595949272	 10453	 4444 0.00416  14740  0
1098	03d.ma	274	391	133	58	236	343	432.61017305509	 11252	 4518 0.006107  15605  0
1099	03d.ma	274	391	249	352	161	77	432.92388155405	 3822	 10831 0.004559  14411  0
1100	03d.ma	274	391	88	80	6	347	436.78174593035	 6800	 5626 0.003578  12199  0
1101	03d.ma	274	391	136	25	209	345	438.19595949272	 9090	 4932 0.0045  13840  0
1102	03d.ma	274	391	191	119	264	343	437.46803743139	 8893	 4558 0.00359  13275  0
1103	03d.ma	274	391	86	73	10	350	437.8528137422	 6568	 5734 0.003564  12104  0
1104	03d.ma	274	391	158	18	189	339	433.23759005301	 8104	 5208 0.005161  13138  0
1105	03d.ma	274	391	195	346	149	15	437.50966799168	 5119	 8142 0.004447  12857  0
1106	03d.ma	274	391	222	343	113	55	436.33809511642	 5314	 9799 0.004717  14990  0
1107	03d.ma	274	391	199	344	84	67	436.61017305509	 7318	 7524 0.004441  14716  0
1108	03d.ma	274	391	128	21	6	344	441.75230867879	 8303	 4848 0.004352  12936  0
1109	03d.ma	274	391	157	9	184	345	435.40916292827	 7832	 5425 0.004492  13004  0
1110	03d.ma	274	391	79	73	13	343	438.36753236798	 6270	 6292 0.003659  12358  0
1111	03d.ma	274	391	148	77	268	342	441.46803743139	 11819	 3586 0.00437  15184  0
1112	03d.ma	274	391	187	128	269	349	440.53910524324	 8975	 4661 0.003777  13462  0
1113	03d.ma	274	391	114	57	225	350	439.82337649064	 10113	 5283 0.004875  15300  0
1114	03d.ma	274	391	192	344	113	15	441.48023074012	 6472	 8003 0.004874  14313  0
1115	03d.ma	274	391	19	345	157	14	440.48023074012	 4954	 7610 0.0043  12296  0
1116	03d.ma	274	391	186	122	265	336	438.53910524324	 9636	 4430 0.003676  13961  0
1117	03d.ma	274	391	142	30	217	341	441.19595949272	 9678	 4647 0.004502  14141  0
1118	03d.ma	274	391	198	339	159	20	440.65180361538	 5227	 8379 0.004378  13344  0
1119	03d.ma	274	391	119	64	236	347	441.09545442931	 10891	 5097 0.004949  15873  0
1120	03d.ma	274	391	140	54	240	349	440.19595949272	 11465	 4233 0.004833  15431  0
1121	03d.ma	274	391	151	53	246	343	444.29646455613	 11501	 3805 0.005724  15064  0
1122	03d.ma	274	391	252	341	128	69	445.19595949272	 4626	 11546 0.004762  16051  0
1123	03d.ma	274	391	263	344	156	71	445.78174593035	 3656	 11652 0.004331  15049  0
1124	03d.ma	274	391	225	340	124	47	444.8528137422	 5122	 10347 0.004673  15375  0
1125	03d.ma	274	391	196	347	134	5	446.8528137422	 5520	 8073 0.00466  13366  0
1126	03d.ma	274	391	242	349	154	51	446.02438661746	 3829	 11257 0.004531  14700  0
1127	03d.ma	274	391	257	347	166	73	445.50966799168	 3884	 11172 0.004292  14853  0
1128	03d.ma	274	391	203	346	149	18	443.09545442931	 5116	 8487 0.00449  13403  0
1129	03d.ma	274	391	113	55	228	350	445.23759005301	 10174	 5305 0.004816  15320  0
1130	03d.ma	274	391	241	351	137	52	445.8528137422	 4353	 11525 0.004979  15768  0
1131	03d.ma	274	391	249	344	138	51	450.95331880561	 4289	 11687 0.004763  15880  0
1132	03d.ma	274	391	203	350	153	17	449.16652224116	 5379	 8372 0.005208  13466  0
1133	03d.ma	274	391	217	344	87	67	451.61017305509	 6628	 8497 0.004507  14963  0
1134	03d.ma	274	391	10	345	70	79	451.19595949272	 6701	 6113 0.003565  12612  0
1135	03d.ma	274	391	253	352	146	55	450.95331880561	 3739	 11720 0.004674  15216  0
1136	03d.ma	274	391	131	75	261	337	450.36753236798	 11886	 4493 0.005433  16241  0
1137	03d.ma	274	391	228	340	200	78	448.02438661746	 5095	 9143 0.003857  14077  0
1138	03d.ma	274	391	172	69	251	350	448.40916292827	 10894	 4037 0.004367  14711  0
1139	03d.ma	274	391	227	346	121	42	451.09545442931	 5195	 10234 0.004796  15296  0
1140	03d.ma	274	391	141	60	255	352	450.02438661746	 11731	 4027 0.005006  15560  0
1141	03d.ma	274	391	238	344	149	46	453.95331880561	 4654	 11000 0.004701  15461  0
1142	03d.ma	274	391	137	11	211	343	452.95331880561	 8684	 5161 0.004545  13609  0
1143	03d.ma	274	391	259	340	129	70	451.19595949272	 4541	 11783 0.004717  16190  0
1144	03d.ma	274	391	75	72	206	340	451.36753236798	 7709	 7420 0.00438  14959  0
1145	03d.ma	274	391	215	347	140	17	452.19595949272	 4854	 9092 0.004569  13730  0
1146	03d.ma	274	391	222	349	88	73	455.19595949272	 6466	 8843 0.004508  15192  0
1147	03d.ma	274	391	205	339	146	11	451.50966799168	 5232	 8485 0.004427  13542  0
1148	03d.ma	274	391	203	339	158	13	452.23759005301	 5335	 8367 0.004415  13437  0
1149	03d.ma	274	391	157	56	254	349	454.26702730457	 11547	 3759 0.004564  15036  0
1150	03d.ma	274	391	114	60	240	340	451.33809511642	 11069	 5199 0.004893  16106  0
1151	03d.ma	274	391	246	339	190	75	457.68124086694	 4736	 10542 0.004206  15168  0
1152	03d.ma	274	391	175	78	261	347	456.43860017983	 11078	 4305 0.004286  15160  0
1153	03d.ma	274	391	159	5	195	352	454.72287142723	 7937	 5511 0.004637  13296  0
1154	03d.ma	274	391	158	32	224	345	455.16652224116	 9682	 4770 0.004471  14276  0
1155	03d.ma	274	391	232	344	204	73	457.26702730457	 5114	 9016 0.003963  13970  0
1156	03d.ma	274	391	148	53	260	340	458.29646455613	 11939	 3726 0.004484  15474  0
1157	03d.ma	274	391	236	347	199	74	457.09545442931	 5020	 9459 0.004136  14341  0
1158	03d.ma	274	391	213	351	139	10	458.43860017983	 4984	 8814 0.004682  13602  0
1159	03d.ma	274	391	69	117	273	344	456.39696961954	 9302	 5730 0.004076  14879  0
1160	03d.ma	274	391	252	349	156	52	455.8528137422	 3787	 11564 0.00458  15076  0
1161	03d.ma	274	391	156	11	208	349	459.23759005301	 8409	 5260 0.004545  13516  0
1162	03d.ma	274	391	204	344	122	2	461.58073580353	 6299	 8152 0.004807  14262  0
1163	03d.ma	274	391	264	348	173	70	461.16652224116	 4012	 11315 0.004423  15085  0
1164	03d.ma	274	391	252	345	188	73	461.68124086694	 4646	 10649 0.00432  15188  0
1165	03d.ma	274	391	134	57	265	342	462.61017305509	 12020	 4278 0.004803  16189  0
1166	03d.ma	274	391	139	62	269	347	460.78174593035	 12154	 4022 0.004838  16009  0
1167	03d.ma	274	391	149	47	245	344	461.36753236798	 11225	 4667 0.00477  15765  0
1168	03d.ma	274	391	204	343	119	5	459.40916292827	 6349	 8178 0.004796  14323  0
1169	03d.ma	274	391	153	18	218	344	461.26702730457	 8912	 5110 0.004497  13885  0
1170	03d.ma	274	391	114	13	211	348	462.55129855197	 8502	 6150 0.005025  14510  0
1171	03d.ma	274	391	189	69	248	352	463.23759005301	 10392	 4631 0.004531  14890  0
1172	03d.ma	274	391	233	350	115	35	467.65180361538	 5311	 10171 0.004934  15368  0
1173	03d.ma	274	391	120	32	236	346	465.23759005301	 10419	 5037 0.0049  15328  0
1174	03d.ma	274	391	232	350	131	25	465.33809511642	 4825	 10186 0.004817  14851  0
1175	03d.ma	274	391	103	70	249	346	467.19595949272	 10946	 5705 0.00486  16505  0
1176	03d.ma	274	391	94	75	239	351	466.19595949272	 10162	 6123 0.00486  16141  0
1177	03d.ma	274	391	127	45	247	352	466.33809511642	 11389	 4828 0.005182  16082  0
1178	03d.ma	274	391	191	68	250	345	464.75230867879	 10462	 4667 0.004387  14906  0
1179	03d.ma	274	391	175	76	268	347	464.26702730457	 11353	 4213 0.004563  15361  0
1180	03d.ma	274	391	264	349	179	77	464.68124086694	 4391	 11105 0.004429  15341  0
1181	03d.ma	274	391	132	22	237	346	471.26702730457	 10225	 4785 0.004728  14840  0
1182	03d.ma	274	391	244	342	203	71	469.09545442931	 5000	 9842 0.004182  14729  0
1183	03d.ma	274	391	227	344	75	75	470.29646455613	 6800	 8532 0.004424  15183  0
1184	03d.ma	274	391	214	348	156	9	466.23759005301	 5150	 8577 0.004554  13602  0
1185	03d.ma	274	391	220	341	128	9	468.50966799168	 5449	 8835 0.004671  14124  0
1186	03d.ma	274	391	119	7	211	352	468.72287142723	 8438	 6094 0.004871  14413  0
1187	03d.ma	274	391	249	350	127	47	467.50966799168	 4871	 11421 0.004999  16181  0
1188	03d.ma	274	391	198	70	246	346	467.33809511642	 10098	 4891 0.004301  14822  0
1189	03d.ma	274	391	270	349	157	58	468.26702730457	 3671	 11995 0.004602  15411  0
1190	03d.ma	274	391	145	39	254	343	469.61017305509	 11476	 4308 0.004677  15636  0
1191	03d.ma	274	391	265	344	139	47	470.53910524324	 4158	 11914 0.004831  15941  0
1192	03d.ma	274	391	124	53	264	350	472.23759005301	 11900	 4612 0.004957  16419  0
1193	03d.ma	274	391	262	344	144	45	473.36753236798	 4300	 11779 0.004714  15952  0
1194	03d.ma	274	391	260	335	134	46	472.68124086694	 4368	 11905 0.004714  16161  0
1195	03d.ma	274	391	122	45	253	343	473.61017305509	 11306	 5002 0.004914  16204  0
1196	03d.ma	274	391	255	340	102	71	473.78174593035	 5683	 11296 0.004792  16834  0
1197	03d.ma	274	391	143	39	257	350	474.68124086694	 11648	 4269 0.005558  15761  0
1198	03d.ma	274	391	258	350	143	45	470.8528137422	 4278	 11772 0.004982  15890  0
1199	03d.ma	274	391	113	77	266	341	470.88225099376	 11718	 5272 0.004758  16832  0
1200	03d.ma	274	391	226	351	78	68	472.09545442931	 6698	 8636 0.004616  15174  0
1201	03d.ma	274	391	142	27	249	344	475.78174593035	 11008	 4423 0.004721  15244  0
1202	03d.ma	274	391	69	72	223	351	476.43860017983	 8133	 7076 0.004508  15083  0
1203	03d.ma	274	391	128	46	260	337	476.68124086694	 11742	 4683 0.004935  16347  0
1204	03d.ma	274	391	272	346	183	75	476.26702730457	 4417	 11358 0.004348  15624  0
1205	03d.ma	274	391	230	351	157	19	475.30865786486	 4755	 9535 0.00461  14131  0
1206	03d.ma	274	391	234	344	144	11	477.61017305509	 4693	 9533 0.004564  14037  0
1207	03d.ma	274	391	197	78	259	345	475.61017305509	 10660	 4870 0.004201  15407  0
1208	03d.ma	274	391	265	340	108	76	475.7106781185	 5448	 11722 0.004744  17038  0
1209	03d.ma	274	391	248	342	87	77	478.46803743139	 6243	 10343 0.004668  16477  0
1210	03d.ma	274	391	240	342	158	27	473.9949493659	 4515	 10307 0.004437  14619  0
1211	03d.ma	274	391	120	46	259	344	481.61017305509	 11444	 5060 0.00494  16389  0
1212	03d.ma	274	391	90	76	252	342	479.88225099376	 10700	 6152 0.004622  16689  0
1213	03d.ma	274	391	232	347	159	13	481.65180361538	 4795	 9295 0.004519  13961  0
1214	03d.ma	274	391	183	75	257	325	477.92388155405	 12147	 4388 0.004458  16456  0
1215	03d.ma	274	391	118	29	248	344	480.23759005301	 10733	 5026 0.004938  15629  0
1216	03d.ma	274	391	138	21	249	348	482.61017305509	 10854	 4483 0.005676  15196  0
1217	03d.ma	274	391	147	29	253	340	480.68124086694	 11182	 4388 0.004743  15460  0
1218	03d.ma	274	391	239	351	124	20	480.65180361538	 4998	 10161 0.004853  15063  0
1219	03d.ma	274	391	91	71	252	341	481.36753236798	 10807	 6093 0.004737  16771  0
1220	03d.ma	274	391	119	37	253	350	482.82337649064	 11212	 5046 0.005076  16132  0
1221	03d.ma	274	391	249	340	82	75	486.12489168087	 6303	 10309 0.00453  16487  0
1222	03d.ma	274	391	151	38	261	342	482.26702730457	 11535	 4369 0.004858  15757  0
1223	03d.ma	274	391	140	13	242	351	484.8528137422	 10251	 4520 0.005462  14638  0
1224	03d.ma	274	391	142	3	232	346	483.61017305509	 9183	 4825 0.004748  13726  0
1225	03d.ma	274	391	260	350	149	36	483.16652224116	 4283	 11587 0.004795  15717  0
1226	03d.ma	274	391	68	68	231	347	485.43860017983	 8484	 6979 0.004546  15380  0
1227	03d.ma	274	391	239	347	158	16	485.23759005301	 4649	 9759 0.00454  14285  0
1228	03d.ma	274	391	77	68	238	350	484.68124086694	 9267	 6517 0.004653  15628  0
1229	03d.ma	274	391	107	77	272	347	483.7106781185	 11742	 5465 0.004893  17099  0
1230	03d.ma	274	391	147	30	258	346	484.68124086694	 11347	 4348 0.00475  15575  0
1231	03d.ma	274	391	252	352	129	22	489.9949493659	 4781	 10940 0.006304  15596  0
1232	03d.ma	274	391	113	54	267	334	486.65180361538	 11900	 5007 0.004869  16854  0
1233	03d.ma	274	391	252	339	117	27	487.89444430249	 5029	 10852 0.004768  15772  0
1234	03d.ma	274	391	159	14	240	343	486.9949493659	 9614	 4681 0.004446  14089  0
1235	03d.ma	274	391	155	34	260	339	488.16652224116	 11398	 4410 0.004616  15662  0
1236	03d.ma	274	391	152	44	266	351	489.26702730457	 11741	 4530 0.00494  16147  0
1237	03d.ma	274	391	70	68	237	348	489.8528137422	 8880	 6765 0.004612  15515  0
1238	03d.ma	274	391	267	351	148	41	486.92388155405	 4293	 11815 0.004802  15990  0
1239	03d.ma	274	391	256	344	159	29	488.9949493659	 4463	 11041 0.005761  15404  0
1240	03d.ma	274	391	191	71	273	347	487.33809511642	 11302	 4543 0.004485  15754  0
1241	03d.ma	274	391	247	350	131	13	492.33809511642	 4797	 10338 0.004866  14989  0
1242	03d.ma	274	391	264	345	156	34	492.33809511642	 4428	 11445 0.004704  15732  0
1243	03d.ma	274	391	100	73	273	345	492.53910524324	 11706	 5684 0.005804  17250  0
1244	03d.ma	274	391	259	332	137	26	494.02438661746	 4371	 11573 0.005268  15825  0
1245	03d.ma	274	391	241	347	72	70	490.61017305509	 6630	 9190 0.004587  15662  0
1246	03d.ma	274	391	116	51	270	346	490.58073580353	 11725	 5079 0.004935  16724  0
1247	03d.ma	274	391	151	46	273	346	491.78174593035	 11864	 4478 0.00479  16188  0
1248	03d.ma	274	391	268	349	150	37	490.75230867879	 4250	 11757 0.00481  15901  0
1249	03d.ma	274	391	257	346	159	26	493.23759005301	 4439	 11014 0.004656  15289  0
1250	03d.ma	274	391	248	344	148	11	493.26702730457	 4539	 10140 0.004549  14518  0
1251	03d.ma	274	391	157	19	251	348	495.06601717775	 10503	 4529 0.004665  14859  0
1252	03d.ma	274	391	266	344	137	22	497.36753236798	 4406	 11397 0.004787  15660  0
1253	03d.ma	274	391	159	9	241	346	494.23759005301	 9489	 4728 0.004703  14076  0
1254	03d.ma	274	391	158	17	250	340	494.82337649064	 10348	 4507 0.004495  14735  0
1255	03d.ma	274	391	203	73	270	341	494.68124086694	 11092	 4843 0.004304  15767  0
1256	03d.ma	274	391	132	19	258	350	496.92388155405	 11080	 4674 0.004933  15559  0
1257	03d.ma	274	391	269	352	156	43	496.50966799168	 4574	 11734 0.004908  16156  0
1258	03d.ma	274	391	246	352	132	7	497.75230867879	 4825	 10044 0.00528  14736  0
1259	03d.ma	274	391	157	33	266	343	494.92388155405	 11442	 4424 0.004581  15685  0
1260	03d.ma	274	391	259	348	81	76	497.53910524324	 6291	 10684 0.004722  16827  0
1261	03d.ma	274	391	261	347	158	23	500.23759005301	 4428	 11087 0.004644  15339  0
1262	03d.ma	274	391	138	19	268	344	501.95331880561	 11376	 4376 0.004708  15554  0
1263	03d.ma	274	391	155	19	252	349	497.89444430249	 10503	 4639 0.004648  14973  0
1264	03d.ma	274	391	272	343	142	26	499.36753236798	 4267	 11636 0.004654  15750  0
1265	03d.ma	274	391	258	330	137	21	501.43860017983	 4390	 11492 0.00461  15754  0
1266	03d.ma	274	391	256	345	138	9	500.36753236798	 4500	 10599 0.004635  14943  0
1267	03d.ma	274	391	153	10	249	341	497.75230867879	 10054	 4558 0.004428  14498  0
1268	03d.ma	274	391	258	346	157	22	498.23759005301	 4493	 10886 0.004762  15253  0
1269	03d.ma	274	391	149	12	254	351	501.58073580353	 10588	 4466 0.004678  14878  0
1270	03d.ma	274	391	253	339	140	7	500.19595949272	 4485	 10416 0.004501  14716  0
1271	03d.ma	274	391	254	351	153	12	503.23759005301	 4474	 10517 0.0047  14840  0
1272	03d.ma	274	391	156	22	259	335	504.06601717775	 11051	 4536 0.004575  15486  0
1273	03d.ma	274	391	156	13	251	352	502.65180361538	 10305	 4592 0.004602  14698  0
1274	03d.ma	274	391	158	28	269	344	501.9949493659	 11435	 4334 0.004571  15589  0
1275	03d.ma	274	391	159	31	268	350	502.65180361538	 11497	 4420 0.004685  15745  0
1276	03d.ma	274	391	69	71	253	352	507.26702730457	 9843	 6520 0.005124  16240  0
1277	03d.ma	274	391	250	350	141	3	502.8528137422	 4548	 10106 0.00472  14390  0
1278	03d.ma	274	391	268	351	158	30	502.48023074012	 4347	 11519 0.004682  15763  0
1279	03d.ma	274	391	257	327	88	75	502.78174593035	 6049	 11677 0.004884  17625  0
1280	03d.ma	274	391	147	18	261	334	503.33809511642	 11202	 4382 0.004674  15440  0
1281	03d.ma	274	391	118	10	258	345	509.65180361538	 10366	 5088 0.004709  15352  0
1282	03d.ma	274	391	114	8	252	346	507.72287142723	 9892	 5284 0.005906  15017  0
1283	03d.ma	274	391	273	345	138	18	508.36753236798	 4341	 11498 0.005102  15697  0
1284	03d.ma	274	391	258	348	113	13	509.96551211434	 5180	 10465 0.004832  15545  0
1285	03d.ma	274	391	259	342	127	10	506.50966799168	 4845	 10558 0.004829  15297  0
1286	03d.ma	274	391	267	333	140	19	505.26702730457	 4309	 11500 0.004616  15687  0
1287	03d.ma	274	391	148	10	261	343	506.8528137422	 10675	 4452 0.004583  14956  0
1288	03d.ma	274	391	78	69	265	345	508.19595949272	 10867	 6298 0.004731  17051  0
1289	03d.ma	274	391	259	338	117	13	509.30865786486	 5052	 10583 0.005191  15488  0
1290	03d.ma	274	391	268	333	85	74	506.02438661746	 6102	 11512 0.005332  17544  0
