mapNUm 	 mapName 	 width 	 height 	 StartX 	 StartY  	 GoalX 	 GoalY 	 optimalCost 	 ForwardverticesNum 	 BackwardverticesNum 	 times 	 OSME
1	00d.ma	412	395	354	322	356	325	3.82842712474	 2	 1 7e-06  3  0
2	00d.ma	412	395	324	54	322	53	2.41421356237	 1	 1 6e-06  2  0
3	00d.ma	412	395	39	214	38	217	3.41421356237	 2	 1 7e-06  3  0
4	00d.ma	412	395	321	99	322	97	2.41421356237	 1	 1 6e-06  2  0
5	00d.ma	412	395	165	44	164	44	1	 1	 1 6e-06  1  0
6	00d.ma	412	395	187	380	189	382	2.82842712474	 1	 1 7e-06  2  0
7	00d.ma	412	395	52	91	54	90	2.41421356237	 1	 1 7e-06  2  0
8	00d.ma	412	395	168	191	165	191	3	 2	 1 6e-06  3  0
9	00d.ma	412	395	205	215	206	218	3.41421356237	 2	 1 7e-06  3  0
10	00d.ma	412	395	216	339	214	341	2.82842712474	 1	 1 6e-06  2  0
11	00d.ma	412	395	181	372	179	366	6.82842712474	 4	 4 1.1e-05  8  0
12	00d.ma	412	395	266	375	269	369	7.24264068711	 4	 3 9e-06  7  0
13	00d.ma	412	395	308	299	315	298	7.41421356237	 7	 3 1e-05  10  0
14	00d.ma	412	395	171	173	173	169	4.82842712474	 2	 2 8e-06  4  0
15	00d.ma	412	395	344	7	337	8	7.41421356237	 7	 3 1.2e-05  10  0
16	00d.ma	412	395	132	98	127	102	6.65685424948	 3	 2 9e-06  5  0
17	00d.ma	412	395	350	383	351	378	5.41421356237	 5	 2 1e-05  7  0
18	00d.ma	412	395	245	326	248	322	5.24264068711	 2	 2 8e-06  4  0
19	00d.ma	412	395	214	17	215	12	5.41421356237	 5	 2 9e-06  7  0
20	00d.ma	412	395	226	320	231	320	5	 3	 2 9e-06  5  0
21	00d.ma	412	395	230	343	227	351	9.24264068711	 7	 5 1.2e-05  12  0
22	00d.ma	412	395	70	157	71	168	11.41421356237	 11	 5 1.3e-05  16  0
23	00d.ma	412	395	90	165	81	169	10.65685424948	 10	 4 1.3e-05  14  0
24	00d.ma	412	395	287	291	294	285	9.48528137422	 4	 3 1e-05  7  0
25	00d.ma	412	395	288	365	279	361	10.65685424948	 10	 4 1.2e-05  14  0
26	00d.ma	412	395	201	60	193	52	11.31370849896	 4	 4 1.2e-05  8  0
27	00d.ma	412	395	273	123	280	118	9.07106781185	 4	 3 1.1e-05  7  0
28	00d.ma	412	395	166	37	160	30	9.48528137422	 4	 3 1.1e-05  7  0
29	00d.ma	412	395	284	49	295	47	11.82842712474	 15	 5 1.6e-05  20  0
30	00d.ma	412	395	121	308	111	304	11.65685424948	 8	 8 1.6e-05  16  0
31	00d.ma	412	395	340	270	339	285	15.41421356237	 15	 7 1.4e-05  22  0
32	00d.ma	412	395	230	51	239	63	15.72792206133	 7	 6 1.4e-05  13  0
33	00d.ma	412	395	48	87	37	96	14.72792206133	 6	 5 1.4e-05  11  0
34	00d.ma	412	395	314	74	318	63	12.65685424948	 14	 6 1.5e-05  20  0
35	00d.ma	412	395	92	265	94	260	11.24264068711	 50	 18 2.7e-05  68  0
36	00d.ma	412	395	50	161	64	159	14.82842712474	 12	 12 1.7e-05  24  0
37	00d.ma	412	395	228	265	239	274	14.72792206133	 6	 5 1.3e-05  11  0
38	00d.ma	412	395	307	82	304	94	13.24264068711	 13	 9 1.5e-05  22  0
39	00d.ma	412	395	34	185	45	194	14.72792206133	 6	 5 1.4e-05  11  0
40	00d.ma	412	395	193	360	203	369	13.72792206133	 5	 5 1.3e-05  10  0
41	00d.ma	412	395	187	370	203	365	18.07106781185	 19	 14 2.1e-05  33  0
42	00d.ma	412	395	284	361	273	373	16.55634918607	 6	 6 1.4e-05  12  0
43	00d.ma	412	395	287	347	297	360	17.1421356237	 8	 6 1.5e-05  14  0
44	00d.ma	412	395	102	78	102	62	16	 8	 8 1.2e-05  16  0
45	00d.ma	412	395	291	366	274	368	17.82842712474	 24	 8 2e-05  32  0
46	00d.ma	412	395	224	17	209	11	17.48528137422	 20	 10 2.2e-05  30  0
47	00d.ma	412	395	47	215	40	202	17.55634918607	 56	 25 3.5e-05  81  0
48	00d.ma	412	395	26	180	41	176	16.65685424948	 22	 10 2.3e-05  32  0
49	00d.ma	412	395	310	30	294	34	17.65685424948	 17	 17 2.3e-05  34  0
50	00d.ma	412	395	271	163	289	167	19.65685424948	 20	 9 2e-05  29  0
51	00d.ma	412	395	250	355	257	334	23.89949493659	 60	 9 3e-05  69  0
52	00d.ma	412	395	91	236	74	230	21.1421356237	 41	 72 5.9e-05  113  0
53	00d.ma	412	395	106	150	126	154	22.48528137422	 45	 23 3.1e-05  68  0
54	00d.ma	412	395	340	70	342	90	22.24264068711	 22	 36 2.5e-05  40  0
55	00d.ma	412	395	263	255	276	239	21.38477631081	 9	 8 1.7e-05  17  0
56	00d.ma	412	395	249	386	260	369	21.55634918607	 13	 9 1.9e-05  22  0
57	00d.ma	412	395	353	386	348	365	23.07106781185	 30	 21 2.4e-05  51  0
58	00d.ma	412	395	136	264	151	248	22.21320343555	 8	 8 1.7e-05  16  0
59	00d.ma	412	395	128	135	123	117	20.07106781185	 17	 22 2.2e-05  39  0
60	00d.ma	412	395	175	355	197	357	22.82842712474	 20	 20 2.3e-05  40  0
61	00d.ma	412	395	93	258	83	238	24.1421356237	 11	 18 2e-05  29  0
62	00d.ma	412	395	171	22	193	23	24.07106781185	 43	 39 3.8e-05  82  0
63	00d.ma	412	395	316	329	300	348	25.62741699792	 11	 9 1.9e-05  20  0
64	00d.ma	412	395	42	205	37	182	25.07106781185	 34	 24 2.7e-05  58  0
65	00d.ma	412	395	309	352	331	359	24.89949493659	 31	 24 2.9e-05  55  0
66	00d.ma	412	395	228	294	252	286	27.31370849896	 32	 32 3.3e-05  64  0
67	00d.ma	412	395	320	133	341	131	24.07106781185	 70	 20 3.9e-05  90  0
68	00d.ma	412	395	257	372	243	353	24.79898987318	 15	 9 1.9e-05  24  0
69	00d.ma	412	395	226	234	243	253	26.04163056029	 10	 9 2e-05  19  0
70	00d.ma	412	395	282	201	274	180	24.31370849896	 32	 18 2.7e-05  50  0
71	00d.ma	412	395	290	210	281	185	28.72792206133	 71	 13 3.7e-05  84  0
72	00d.ma	412	395	157	333	184	330	28.24264068711	 36	 23 3.1e-05  59  0
73	00d.ma	412	395	219	364	248	357	31.89949493659	 92	 13 4.1e-05  105  0
74	00d.ma	412	395	324	370	295	370	29	 15	 14 2.3e-05  29  0
75	00d.ma	412	395	339	144	354	121	29.21320343555	 19	 12 2.2e-05  31  0
76	00d.ma	412	395	25	79	47	85	26.97056274844	 68	 28 4e-05  96  0
77	00d.ma	412	395	91	67	67	82	30.21320343555	 20	 16 2.7e-05  36  0
78	00d.ma	412	395	322	317	350	316	28.41421356237	 27	 14 2.5e-05  41  0
79	00d.ma	412	395	65	53	40	66	30.38477631081	 55	 11 3.4e-05  66  0
80	00d.ma	412	395	221	83	237	60	29.62741699792	 20	 12 2.4e-05  32  0
81	00d.ma	412	395	104	122	112	154	35.89949493659	 16	 123 4.5e-05  139  0
82	00d.ma	412	395	47	199	53	168	33.48528137422	 60	 34 3.7e-05  94  0
83	00d.ma	412	395	198	169	177	193	32.69848480977	 13	 12 2.2e-05  25  0
84	00d.ma	412	395	270	392	277	359	35.89949493659	 108	 15 4.6e-05  123  0
85	00d.ma	412	395	74	67	42	61	34.48528137422	 48	 48 4.2e-05  96  0
86	00d.ma	412	395	314	359	283	366	33.89949493659	 100	 14 4.6e-05  114  0
87	00d.ma	412	395	288	325	257	330	33.07106781185	 50	 36 3.9e-05  86  0
88	00d.ma	412	395	218	374	246	360	33.79898987318	 30	 30 3.3e-05  60  0
89	00d.ma	412	395	55	134	41	107	32.79898987318	 35	 21 3.2e-05  56  0
90	00d.ma	412	395	65	177	48	192	33.07106781185	 162	 285 0.00013  447  0
91	00d.ma	412	395	36	124	22	93	39.1421356237	 167	 77 9.2e-05  244  0
92	00d.ma	412	395	281	75	318	77	37.82842712474	 54	 18 3.6e-05  72  0
93	00d.ma	412	395	315	380	311	344	37.65685424948	 47	 47 3.5e-05  94  0
94	00d.ma	412	395	87	93	118	112	38.87005768503	 52	 14 3.7e-05  66  0
95	00d.ma	412	395	94	97	68	69	38.76955262162	 14	 14 2.5e-05  28  0
96	00d.ma	412	395	292	298	254	302	39.65685424948	 50	 50 4.2e-05  100  0
97	00d.ma	412	395	275	274	289	297	34.07106781185	 98	 246 0.000114  343  0
98	00d.ma	412	395	342	298	309	308	37.1421356237	 68	 44 4.6e-05  112  0
99	00d.ma	412	395	312	163	315	200	38.24264068711	 51	 33 3.3e-05  84  0
100	00d.ma	412	395	260	230	283	206	35.87005768503	 98	 39 5.5e-05  137  0
101	00d.ma	412	395	15	126	11	85	42.65685424948	 88	 54 4.5e-05  142  0
102	00d.ma	412	395	337	266	304	285	40.87005768503	 16	 45 3.6e-05  61  0
103	00d.ma	412	395	267	6	299	33	43.18376618399	 19	 17 2.9e-05  36  0
104	00d.ma	412	395	211	334	253	333	42.41421356237	 41	 21 3.7e-05  62  0
105	00d.ma	412	395	212	74	218	35	41.48528137422	 80	 46 4.4e-05  126  0
106	00d.ma	412	395	46	137	11	121	41.62741699792	 127	 15 5.7e-05  142  0
107	00d.ma	412	395	110	235	82	257	41.79898987318	 256	 247 0.000173  503  0
108	00d.ma	412	395	44	33	22	64	40.11269837214	 24	 18 3e-05  42  0
109	00d.ma	412	395	191	283	199	322	42.31370849896	 86	 54 4.8e-05  140  0
110	00d.ma	412	395	228	67	197	41	41.76955262162	 18	 15 3e-05  33  0
111	00d.ma	412	395	277	147	309	122	44.11269837214	 171	 19 7.4e-05  190  0
112	00d.ma	412	395	98	49	141	46	44.24264068711	 60	 49 4.6e-05  109  0
113	00d.ma	412	395	328	243	288	230	45.38477631081	 115	 47 5.9e-05  162  0
114	00d.ma	412	395	262	239	293	234	47.01219330873	 545	 545 0.000373  1090  0
115	00d.ma	412	395	345	383	325	345	46.2842712474	 46	 46 4.2e-05  92  0
116	00d.ma	412	395	267	198	254	213	44.97056274844	 503	 596 0.000269  1099  0
117	00d.ma	412	395	143	186	156	156	39.04163056029	 113	 133 8.5e-05  156  0
118	00d.ma	412	395	350	358	338	318	44.97056274844	 77	 77 5.5e-05  154  0
119	00d.ma	412	395	327	315	339	358	47.97056274844	 208	 19 7.5e-05  227  0
120	00d.ma	412	395	64	30	73	73	46.72792206133	 152	 31 6.1e-05  183  0
121	00d.ma	412	395	51	56	34	84	46.55634918607	 564	 135 0.00022  699  0
122	00d.ma	412	395	300	320	254	325	48.07106781185	 79	 58 5.1e-05  137  0
123	00d.ma	412	395	253	341	215	372	50.84062043347	 24	 21 3.4e-05  45  0
124	00d.ma	412	395	104	236	129	196	50.35533905925	 24	 37 3.5e-05  61  0
125	00d.ma	412	395	270	154	280	199	49.1421356237	 106	 74 6.1e-05  180  0
126	00d.ma	412	395	160	58	153	10	50.89949493659	 60	 76 4.6e-05  136  0
127	00d.ma	412	395	341	356	356	311	51.21320343555	 156	 49 7e-05  205  0
128	00d.ma	412	395	187	19	142	32	50.38477631081	 89	 47 5.9e-05  136  0
129	00d.ma	412	395	116	12	69	21	50.72792206133	 162	 35 7.2e-05  197  0
130	00d.ma	412	395	307	69	259	63	50.48528137422	 23	 101 4.7e-05  124  0
131	00d.ma	412	395	305	222	328	267	54.52691193451	 112	 33 5.7e-05  145  0
132	00d.ma	412	395	309	24	264	49	55.35533905925	 101	 29 5.6e-05  130  0
133	00d.ma	412	395	256	176	250	227	53.48528137422	 110	 64 5.7e-05  174  0
134	00d.ma	412	395	221	211	230	170	48.04163056029	 111	 266 0.000129  377  0
135	00d.ma	412	395	120	134	87	173	52.66904755821	 24	 20 3.5e-05  44  0
136	00d.ma	412	395	304	295	342	272	52.21320343555	 101	 455 0.000194  556  0
137	00d.ma	412	395	221	199	218	252	54.24264068711	 62	 49 3.7e-05  111  0
138	00d.ma	412	395	325	286	280	264	54.11269837214	 95	 23 5.5e-05  118  0
139	00d.ma	412	395	314	191	269	208	52.04163056029	 147	 47 7.1e-05  194  0
140	00d.ma	412	395	22	207	60	246	54.74011537006	 20	 19 3.4e-05  39  0
141	00d.ma	412	395	104	101	125	53	56.69848480977	 125	 57 7e-05  182  0
142	00d.ma	412	395	366	325	324	362	57.32590180769	 24	 22 3.4e-05  46  0
143	00d.ma	412	395	275	242	224	224	58.45584412266	 241	 40 9.9e-05  281  0
144	00d.ma	412	395	206	277	181	323	56.35533905925	 91	 38 5.8e-05  129  0
145	00d.ma	412	395	352	373	312	334	56.15432893243	 20	 20 3.3e-05  40  0
146	00d.ma	412	395	226	328	190	371	57.91168824532	 30	 22 3.7e-05  52  0
147	00d.ma	412	395	235	259	270	287	56.01219330873	 659	 327 0.000311  986  0
148	00d.ma	412	395	158	51	121	83	54.59797974636	 179	 167 0.000129  346  0
149	00d.ma	412	395	311	311	312	367	56.41421356237	 55	 28 3.5e-05  83  0
150	00d.ma	412	395	84	70	112	25	56.59797974636	 20	 40 3.7e-05  60  0
151	00d.ma	412	395	251	342	289	388	61.74011537006	 28	 28 3.7e-05  56  0
152	00d.ma	412	395	248	89	189	94	61.07106781185	 105	 78 9.9e-05  183  0
153	00d.ma	412	395	355	40	341	76	45.31370849896	 197	 335 0.000176  532  0
154	00d.ma	412	395	349	364	296	343	61.69848480977	 180	 66 8.9e-05  246  0
155	00d.ma	412	395	223	146	270	169	61.11269837214	 185	 223 0.000149  405  0
156	00d.ma	412	395	316	377	270	341	60.91168824532	 31	 31 4.1e-05  62  0
157	00d.ma	412	395	174	303	220	337	60.08326112058	 35	 35 4.3e-05  70  0
158	00d.ma	412	395	306	314	264	359	62.39696961954	 24	 22 3.8e-05  46  0
159	00d.ma	412	395	233	141	270	97	62.84062043347	 102	 238 0.00012  340  0
160	00d.ma	412	395	223	169	249	216	57.76955262162	 194	 72 8.8e-05  266  0
161	00d.ma	412	395	260	373	196	373	64	 32	 32 4.7e-05  64  0
162	00d.ma	412	395	67	16	130	10	65.48528137422	 140	 82 8.5e-05  222  0
163	00d.ma	412	395	288	249	251	217	65.52691193451	 580	 952 0.000441  1468  0
164	00d.ma	412	395	89	193	118	138	67.01219330873	 87	 47 5.7e-05  134  0
165	00d.ma	412	395	352	230	346	167	65.48528137422	 110	 82 6.4e-05  192  0
166	00d.ma	412	395	117	124	91	179	65.76955262162	 214	 25 9.8e-05  239  0
167	00d.ma	412	395	292	360	314	302	67.11269837214	 139	 139 9.4e-05  278  0
168	00d.ma	412	395	89	75	146	69	66.11269837214	 605	 207 0.000299  812  0
169	00d.ma	412	395	245	288	235	228	64.1421356237	 136	 136 8.2e-05  272  0
170	00d.ma	412	395	54	93	17	140	64.08326112058	 307	 195 0.00018  502  0
171	00d.ma	412	395	201	54	250	99	68.22539674428	 116	 68 7.6e-05  184  0
172	00d.ma	412	395	303	317	237	322	68.07106781185	 142	 113 8.6e-05  255  0
173	00d.ma	412	395	133	43	71	58	68.21320343555	 220	 93 0.000121  313  0
174	00d.ma	412	395	58	95	65	159	68.55634918607	 128	 329 0.000152  457  0
175	00d.ma	412	395	106	159	97	95	68.55634918607	 279	 193 0.000127  472  0
176	00d.ma	412	395	268	353	326	321	71.25483399584	 87	 87 7.3e-05  174  0
177	00d.ma	412	395	159	21	225	16	68.07106781185	 119	 89 7.9e-05  208  0
178	00d.ma	412	395	365	192	315	146	69.05382386902	 25	 26 4e-05  51  0
179	00d.ma	412	395	38	111	76	167	71.74011537006	 55	 55 5.9e-05  110  0
180	00d.ma	412	395	91	110	74	156	68.25483399584	 637	 938 0.000506  1575  0
181	00d.ma	412	395	41	226	63	164	73.35533905925	 486	 356 0.000282  692  0
182	00d.ma	412	395	340	154	390	194	74.76955262162	 581	 336 0.000288  917  0
183	00d.ma	412	395	153	344	218	327	72.04163056029	 277	 107 0.000125  384  0
184	00d.ma	412	395	260	29	195	54	75.35533905925	 246	 82 0.000115  328  0
185	00d.ma	412	395	62	179	124	149	75.25483399584	 550	 33 0.000179  583  0
186	00d.ma	412	395	199	276	230	337	73.84062043347	 159	 63 8.3e-05  222  0
187	00d.ma	412	395	270	252	270	177	75	 38	 37 3.6e-05  75  0
188	00d.ma	412	395	249	352	214	292	74.49747468295	 35	 66 4.9e-05  101  0
189	00d.ma	412	395	274	213	296	150	72.11269837214	 196	 52 8.7e-05  248  0
190	00d.ma	412	395	181	379	253	371	75.31370849896	 152	 152 0.000111  304  0
191	00d.ma	412	395	164	48	108	49	62.21320343555	 177	 407 0.000228  584  0
192	00d.ma	412	395	51	195	97	245	77.49747468295	 585	 530 0.000359  1115  0
193	00d.ma	412	395	263	47	192	54	73.89949493659	 227	 153 0.000162  380  0
194	00d.ma	412	395	35	135	64	69	78.01219330873	 194	 109 0.000134  303  0
195	00d.ma	412	395	254	358	178	360	76.82842712474	 74	 74 6.7e-05  148  0
196	00d.ma	412	395	82	80	135	25	76.95331880561	 28	 27 7.3e-05  55  0
197	00d.ma	412	395	260	228	210	273	75.08326112058	 647	 326 0.000343  973  0
198	00d.ma	412	395	167	78	145	32	65.69848480977	 994	 374 0.000468  1368  0
199	00d.ma	412	395	273	33	337	61	75.59797974636	 45	 148 8.3e-05  193  0
200	00d.ma	412	395	72	132	84	73	77.22539674428	 759	 1020 0.000625  1779  0
201	00d.ma	412	395	160	155	120	199	76.76955262162	 614	 614 0.000351  1075  0
202	00d.ma	412	395	69	205	8	161	79.22539674428	 28	 106 6.4e-05  134  0
203	00d.ma	412	395	83	133	20	91	80.39696961954	 52	 31 5.6e-05  83  0
204	00d.ma	412	395	332	147	381	203	79.81118318191	 477	 204 0.000232  681  0
205	00d.ma	412	395	291	198	232	248	82.63961030665	 360	 537 0.000305  897  0
206	00d.ma	412	395	12	115	78	147	79.25483399584	 102	 110 9.2e-05  212  0
207	00d.ma	412	395	81	31	105	81	62.2842712474	 112	 486 0.000206  598  0
208	00d.ma	412	395	390	96	316	76	82.2842712474	 152	 140 9.7e-05  292  0
209	00d.ma	412	395	236	59	307	78	78.87005768503	 296	 227 0.000161  523  0
210	00d.ma	412	395	326	275	265	317	78.39696961954	 104	 28 6.3e-05  132  0
211	00d.ma	412	395	94	154	19	167	86.18376618399	 976	 175 0.000428  1151  0
212	00d.ma	412	395	321	191	255	236	84.63961030665	 101	 40 6.9e-05  141  0
213	00d.ma	412	395	228	308	288	266	86.76955262162	 1255	 383 0.000557  1638  0
214	00d.ma	412	395	12	56	46	128	86.08326112058	 71	 65 6.2e-05  136  0
215	00d.ma	412	395	287	360	209	341	85.87005768503	 332	 184 0.000159  516  0
216	00d.ma	412	395	280	79	217	98	86.18376618399	 383	 1525 0.000656  1908  0
217	00d.ma	412	395	60	229	125	197	81.5685424948	 512	 154 0.000239  666  0
218	00d.ma	412	395	13	161	88	170	84.38477631081	 266	 840 0.000402  1106  0
219	00d.ma	412	395	132	84	63	51	83.25483399584	 486	 66 0.000174  552  0
220	00d.ma	412	395	103	197	75	271	85.59797974636	 191	 112 0.000102  303  0
221	00d.ma	412	395	6	132	90	148	90.62741699792	 165	 198 0.000126  363  0
222	00d.ma	412	395	228	44	178	103	87.02438661746	 102	 905 0.000343  1007  0
223	00d.ma	412	395	109	160	78	81	91.84062043347	 406	 84 0.000142  490  0
224	00d.ma	412	395	278	122	200	153	90.84062043347	 386	 57 0.000144  443  0
225	00d.ma	412	395	191	74	143	57	55.04163056029	 176	 134 9.8e-05  310  0
226	00d.ma	412	395	256	69	196	14	86.29646455613	 349	 359 0.000246  508  0
227	00d.ma	412	395	231	75	172	10	90.61017305509	 277	 122 0.00015  399  0
228	00d.ma	412	395	344	182	280	156	85.35533905925	 1109	 234 0.000429  1227  0
229	00d.ma	412	395	113	45	138	123	88.35533905925	 198	 195 0.000117  393  0
230	00d.ma	412	395	315	18	241	50	87.25483399584	 150	 190 0.00012  340  0
231	00d.ma	412	395	223	130	280	193	94.22539674428	 445	 619 0.000341  1064  0
232	00d.ma	412	395	298	271	249	220	92.4264068711	 1396	 1663 0.000899  3059  0
233	00d.ma	412	395	305	205	228	250	95.63961030665	 139	 74 8.6e-05  213  0
234	00d.ma	412	395	275	75	297	24	70.31370849896	 298	 1121 0.000477  1310  0
235	00d.ma	412	395	171	11	174	84	75.89949493659	 130	 214 0.000112  344  0
236	00d.ma	412	395	346	308	303	383	92.81118318191	 191	 77 9.6e-05  268  0
237	00d.ma	412	395	64	87	49	175	94.21320343555	 401	 294 0.000182  695  0
238	00d.ma	412	395	68	253	57	177	93.52691193451	 1372	 576 0.000663  1948  0
239	00d.ma	412	395	179	13	89	26	95.38477631081	 365	 172 0.000168  537  0
240	00d.ma	412	395	286	304	232	241	91.81118318191	 790	 833 0.000535  1623  0
241	00d.ma	412	395	143	33	63	81	99.88225099376	 117	 128 9.7e-05  245  0
242	00d.ma	412	395	177	361	217	279	98.5685424948	 194	 194 0.000129  388  0
243	00d.ma	412	395	269	100	198	157	98.7106781185	 166	 763 0.000325  929  0
244	00d.ma	412	395	248	22	327	55	92.66904755821	 294	 81 0.00013  375  0
245	00d.ma	412	395	375	369	286	349	97.2842712474	 551	 134 0.000204  685  0
246	00d.ma	412	395	348	297	280	312	88.0538238690201	 1647	 747 0.000859  2327  0
247	00d.ma	412	395	236	194	295	247	94.46803743139	 1158	 1010 0.000677  1927  0
248	00d.ma	412	395	127	114	201	94	97.15432893243	 934	 1193 0.000753  2103  0
249	00d.ma	412	395	90	228	27	173	93.88225099376	 418	 988 0.000461  1406  0
250	00d.ma	412	395	199	333	286	361	98.59797974636	 519	 162 0.000207  681  0
251	00d.ma	412	395	149	74	107	160	103.39696961954	 211	 126 0.000115  337  0
252	00d.ma	412	395	287	204	252	165	100.18376618399	 2629	 1806 0.001145  4435  0
253	00d.ma	412	395	316	240	321	340	102.07106781185	 187	 140 9.3e-05  327  0
254	00d.ma	412	395	268	13	199	74	96.61017305509	 489	 412 0.000316  901  0
255	00d.ma	412	395	264	378	345	328	101.7106781185	 243	 54 0.000114  297  0
256	00d.ma	412	395	263	146	356	166	102.94112549688	 352	 719 0.00037  1071  0
257	00d.ma	412	395	45	159	57	256	101.97056274844	 495	 277 0.000205  772  0
258	00d.ma	412	395	297	263	353	338	98.19595949272	 107	 35 6.6e-05  142  0
259	00d.ma	412	395	129	117	87	203	103.39696961954	 46	 305 0.000112  351  0
260	00d.ma	412	395	329	294	369	378	100.5685424948	 210	 210 0.000137  420  0
261	00d.ma	412	395	306	373	204	365	105.31370849896	 227	 227 0.000146  454  0
262	00d.ma	412	395	272	337	171	350	106.38477631081	 469	 159 0.000193  628  0
263	00d.ma	412	395	98	99	51	163	104.39696961954	 739	 2239 0.000893  2978  0
264	00d.ma	412	395	73	115	65	204	105.5685424948	 1333	 437 0.000662  1770  0
265	00d.ma	412	395	246	315	284	229	107.01219330873	 1503	 667 0.000726  2170  0
266	00d.ma	412	395	336	151	303	228	99.45584412266	 1016	 1275 0.000784  2291  0
267	00d.ma	412	395	130	86	80	23	84.88225099376	 53	 317 0.000138  370  0
268	00d.ma	412	395	111	160	64	205	103.25483399584	 2657	 831 0.000921  3488  0
269	00d.ma	412	395	141	92	207	14	105.33809511642	 47	 51 6.5e-05  98  0
270	00d.ma	412	395	147	88	95	12	98.12489168087	 271	 78 0.000116  349  0
271	00d.ma	412	395	243	351	343	323	111.59797974636	 413	 413 0.000255  826  0
272	00d.ma	412	395	232	175	266	268	107.08326112058	 395	 143 0.000157  538  0
273	00d.ma	412	395	267	364	161	373	109.72792206133	 382	 139 0.000161  521  0
274	00d.ma	412	395	104	170	22	147	105.5685424948	 2169	 314 0.000886  2483  0
275	00d.ma	412	395	43	193	124	141	108.39696961954	 477	 1404 0.000679  1881  0
276	00d.ma	412	395	113	159	62	210	109.84062043347	 2761	 964 0.00101  3725  0
277	00d.ma	412	395	111	37	24	94	110.61017305509	 76	 82 8.3e-05  158  0
278	00d.ma	412	395	326	66	218	57	111.72792206133	 412	 199 0.000179  611  0
279	00d.ma	412	395	238	36	343	22	110.79898987318	 635	 86 0.000216  721  0
280	00d.ma	412	395	268	268	337	298	100.49747468295	 1107	 2331 0.00114  3381  0
281	00d.ma	412	395	61	256	142	211	110.26702730457	 2134	 415 0.000876  2549  0
282	00d.ma	412	395	113	31	26	95	115.26702730457	 54	 651 0.000267  705  0
283	00d.ma	412	395	277	45	260	62	67.21320343555	 1595	 627 0.000549  2222  0
284	00d.ma	412	395	29	129	53	230	113.2842712474	 238	 1195 0.000477  1433  0
285	00d.ma	412	395	321	136	352	237	113.84062043347	 172	 486 0.000192  658  0
286	00d.ma	412	395	290	183	248	280	114.39696961954	 393	 63 0.000136  456  0
287	00d.ma	412	395	59	149	50	37	115.72792206133	 450	 196 0.000171  646  0
288	00d.ma	412	395	265	288	249	180	114.62741699792	 186	 223 0.000121  409  0
289	00d.ma	412	395	293	238	361	324	114.16652224116	 70	 70 8.3e-05  140  0
290	00d.ma	412	395	286	388	318	288	113.25483399584	 410	 378 0.000222  788  0
291	00d.ma	412	395	326	246	230	249	118.78174593035	 2510	 2420 0.002082  4930  0
292	00d.ma	412	395	166	368	222	274	117.19595949272	 172	 172 0.000126  344  0
293	00d.ma	412	395	335	88	260	36	96.53910524324	 35	 112 6.9e-05  147  0
294	00d.ma	412	395	13	132	124	145	116.38477631081	 155	 392 0.00017  547  0
295	00d.ma	412	395	254	120	173	195	115.58073580353	 225	 634 0.000299  859  0
296	00d.ma	412	395	319	310	216	345	117.49747468295	 555	 194 0.000232  749  0
297	00d.ma	412	395	253	146	319	237	118.33809511642	 134	 48 8.7e-05  182  0
298	00d.ma	412	395	217	205	172	302	119.29646455613	 234	 527 0.000238  658  0
299	00d.ma	412	395	167	22	54	7	119.21320343555	 564	 202 0.000234  766  0
300	00d.ma	412	395	321	37	208	50	118.38477631081	 525	 183 0.000231  708  0
301	00d.ma	412	395	275	357	214	269	122.05382386902	 1688	 1805 0.001237  3493  0
302	00d.ma	412	395	14	60	30	172	121.79898987318	 936	 414 0.000422  905  0
303	00d.ma	412	395	302	219	324	333	123.11269837214	 567	 304 0.000231  871  0
304	00d.ma	412	395	330	139	210	135	121.65685424948	 277	 59 0.000123  336  0
305	00d.ma	412	395	310	148	247	229	118.46803743139	 839	 1831 0.000884  2218  0
306	00d.ma	412	395	291	85	178	72	121.45584412266	 355	 1085 0.000498  1440  0
307	00d.ma	412	395	84	57	188	70	112.69848480977	 736	 852 0.000577  1588  0
308	00d.ma	412	395	99	264	43	168	122.7106781185	 78	 1191 0.000436  1269  0
309	00d.ma	412	395	327	278	247	249	114.74011537006	 3305	 2178 0.001855  5255  0
310	00d.ma	412	395	261	290	315	332	108.04163056029	 2502	 3088 0.00156  5376  0
311	00d.ma	412	395	243	43	138	86	122.81118318191	 989	 248 0.000366  1237  0
312	00d.ma	412	395	139	32	215	89	110.78174593035	 1076	 1794 0.000971  2486  0
313	00d.ma	412	395	332	349	206	353	127.65685424948	 182	 182 0.000135  364  0
314	00d.ma	412	395	256	380	333	287	124.89444430249	 106	 48 8e-05  154  0
315	00d.ma	412	395	56	239	121	167	124.05382386902	 2936	 1029 0.001212  3675  0
316	00d.ma	412	395	113	157	158	197	97.2842712474	 998	 1670 0.000708  2668  0
317	00d.ma	412	395	98	136	30	227	123.8528137422	 1447	 1251 0.000978  2698  0
318	00d.ma	412	395	187	175	279	184	127.8528137422	 2745	 1538 0.001431  4283  0
319	00d.ma	412	395	124	115	42	197	123.58073580353	 1033	 373 0.000477  1406  0
320	00d.ma	412	395	279	381	184	302	127.72287142723	 107	 49 8.7e-05  156  0
321	00d.ma	412	395	325	152	298	264	126.11269837214	 217	 1539 0.000596  1756  0
322	00d.ma	412	395	314	83	202	40	129.81118318191	 538	 85 0.000204  623  0
323	00d.ma	412	395	126	91	45	9	126.09545442931	 1413	 1259 0.000867  2672  0
324	00d.ma	412	395	139	21	95	124	130.49747468295	 1984	 698 0.00093  2682  0
325	00d.ma	412	395	297	301	259	199	127.01219330873	 2368	 1354 0.001291  3337  0
326	00d.ma	412	395	182	9	75	62	128.95331880561	 248	 104 0.000131  352  0
327	00d.ma	412	395	319	345	275	285	114.87005768503	 3975	 2164 0.0017  6139  0
328	00d.ma	412	395	46	230	81	129	127.69848480977	 1987	 898 0.001  2640  0
329	00d.ma	412	395	270	204	340	197	91.4264068711	 1759	 270 0.000697  2029  0
330	00d.ma	412	395	29	118	108	25	128.20815280145	 874	 64 0.000331  938  0
331	00d.ma	412	395	164	366	297	367	133.41421356237	 133	 66 9.7e-05  199  0
332	00d.ma	412	395	145	199	205	138	126.88225099376	 2175	 1999 0.00112  4052  0
333	00d.ma	412	395	197	274	302	224	130.19595949272	 1637	 1122 0.000966  2009  0
334	00d.ma	412	395	367	196	287	204	95.74011537006	 923	 1200 0.000807  2123  0
335	00d.ma	412	395	299	254	324	134	130.35533905925	 429	 501 0.000253  930  0
336	00d.ma	412	395	222	335	233	293	90.45584412266	 2902	 1743 0.001325  4466  0
337	00d.ma	412	395	296	192	373	194	92.01219330873	 698	 1056 0.000683  1754  0
338	00d.ma	412	395	218	284	281	274	93.4264068711	 1877	 1124 0.000976  2752  0
339	00d.ma	412	395	319	308	233	306	118.66904755821	 2166	 2472 0.001647  4638  0
340	00d.ma	412	395	259	120	357	196	132.40916292827	 863	 844 0.00059  1707  0
341	00d.ma	412	395	74	78	184	7	139.40916292827	 142	 165 0.000129  307  0
342	00d.ma	412	395	231	217	163	325	136.16652224116	 114	 52 8.2e-05  166  0
343	00d.ma	412	395	53	25	57	163	139.65685424948	 200	 200 0.000113  400  0
344	00d.ma	412	395	233	198	316	284	137.9949493659	 2280	 2249 0.001425  4529  0
345	00d.ma	412	395	316	227	269	346	138.46803743139	 1557	 65 0.000425  1622  0
346	00d.ma	412	395	236	58	312	7	100.63961030665	 154	 866 0.00038  1020  0
347	00d.ma	412	395	149	69	24	95	136.59797974636	 689	 950 0.000444  1098  0
348	00d.ma	412	395	254	279	297	323	119.4264068711	 4160	 3550 0.001956  7451  0
349	00d.ma	412	395	176	85	51	105	137.4264068711	 842	 624 0.000457  1411  0
350	00d.ma	412	395	62	41	170	69	126.22539674428	 1220	 939 0.000754  1459  0
351	00d.ma	412	395	94	68	80	195	143.5685424948	 1172	 2239 0.001291  3411  0
352	00d.ma	412	395	293	277	337	381	130.4264068711	 846	 2655 0.001237  3501  0
353	00d.ma	412	395	157	362	226	251	139.58073580353	 142	 100 0.0001  242  0
354	00d.ma	412	395	294	285	353	373	128.05382386902	 868	 3118 0.001325  3986  0
355	00d.ma	412	395	105	251	44	134	142.26702730457	 212	 143 0.000142  355  0
356	00d.ma	412	395	139	264	149	170	141.33809511642	 2084	 2870 0.001535  4755  0
357	00d.ma	412	395	180	304	286	392	142.45079348856	 80	 80 9.1e-05  160  0
358	00d.ma	412	395	223	354	360	345	140.72792206133	 575	 125 0.000216  700  0
359	00d.ma	412	395	194	101	287	50	118.22539674428	 1581	 568 0.000782  2149  0
360	00d.ma	412	395	129	144	51	222	138.7106781185	 2618	 2318 0.001532  4606  0
361	00d.ma	412	395	369	327	227	334	144.89949493659	 331	 264 0.000197  595  0
362	00d.ma	412	395	175	361	310	337	144.94112549688	 989	 320 0.000392  1309  0
363	00d.ma	412	395	150	173	84	153	117.39696961954	 1544	 3764 0.001582  5032  0
364	00d.ma	412	395	259	295	261	152	145.48528137422	 316	 98 0.000121  414  0
365	00d.ma	412	395	216	304	336	295	143.08326112058	 586	 3014 0.001347  3600  0
366	00d.ma	412	395	201	37	305	115	146.26702730457	 2300	 652 0.000995  2952  0
367	00d.ma	412	395	200	167	329	164	147.39696961954	 832	 1598 0.000846  2430  0
368	00d.ma	412	395	305	227	297	361	142.2842712474	 1304	 1171 0.000876  2475  0
369	00d.ma	412	395	310	133	242	214	141.36753236798	 3610	 3402 0.002156  6589  0
370	00d.ma	412	395	361	87	238	49	138.74011537006	 57	 468 0.000163  525  0
371	00d.ma	412	395	279	154	321	284	149.88225099376	 139	 2118 0.000825  2257  0
372	00d.ma	412	395	244	343	263	242	133.92388155405	 2085	 3615 0.001966  5625  0
373	00d.ma	412	395	351	364	220	322	148.39696961954	 978	 441 0.000415  1419  0
374	00d.ma	412	395	173	86	297	101	150.74011537006	 3347	 898 0.001639  4245  0
375	00d.ma	412	395	294	251	227	321	146.98275605717	 3916	 3503 0.001983  7419  0
376	00d.ma	412	395	210	311	355	325	150.79898987318	 126	 897 0.000296  1023  0
377	00d.ma	412	395	311	80	186	18	150.68124086694	 623	 64 0.000228  687  0
378	00d.ma	412	395	111	42	45	165	150.33809511642	 57	 596 0.000205  653  0
379	00d.ma	412	395	292	111	259	28	109.25483399584	 1213	 1487 0.000917  2700  0
380	00d.ma	412	395	312	271	290	146	148.05382386902	 3272	 377 0.001332  3649  0
381	00d.ma	412	395	103	106	93	252	154.2842712474	 761	 1117 0.00059  1155  0
382	00d.ma	412	395	304	230	216	300	136.40916292827	 1909	 1812 0.001216  3721  0
383	00d.ma	412	395	293	45	252	87	117.62741699792	 4968	 1306 0.001597  6208  0
384	00d.ma	412	395	305	350	173	296	154.36753236798	 217	 598 0.000256  815  0
385	00d.ma	412	395	97	185	92	41	154.35533905925	 1285	 1488 0.001075  2773  0
386	00d.ma	412	395	89	202	122	64	151.66904755821	 256	 555 0.000231  811  0
387	00d.ma	412	395	290	200	358	325	153.16652224116	 443	 143 0.000189  586  0
388	00d.ma	412	395	139	124	225	28	152.20815280145	 826	 3718 0.00145  4028  0
389	00d.ma	412	395	111	71	88	217	155.52691193451	 593	 350 0.000259  943  0
390	00d.ma	412	395	232	65	94	60	145.87005768503	 1188	 621 0.000708  1809  0
391	00d.ma	412	395	225	341	272	226	140.26702730457	 755	 2490 0.001171  3245  0
392	00d.ma	412	395	177	75	319	39	156.91168824532	 336	 762 0.000317  1098  0
393	00d.ma	412	395	198	301	334	286	158.78174593035	 2174	 3289 0.002112  5463  0
394	00d.ma	412	395	269	277	254	125	158.21320343555	 594	 381 0.00025  975  0
395	00d.ma	412	395	81	166	79	27	158.88225099376	 1890	 3041 0.001917  4931  0
396	00d.ma	412	395	230	145	154	271	158.65180361538	 122	 1253 0.0005  1375  0
397	00d.ma	412	395	316	256	233	380	158.37972567671	 1306	 1676 0.001165  2982  0
398	00d.ma	412	395	320	312	243	203	157.92388155405	 3057	 2983 0.002073  6040  0
399	00d.ma	412	395	244	231	328	317	156.26702730457	 3771	 4499 0.002435  8270  0
400	00d.ma	412	395	210	94	301	6	139.16652224116	 1563	 1541 0.001015  2795  0
401	00d.ma	412	395	100	166	197	59	160.06601717775	 2008	 1713 0.001225  3721  0
402	00d.ma	412	395	342	289	214	296	159.7106781185	 4632	 2224 0.00267  6218  0
403	00d.ma	412	395	197	73	346	91	159.76955262162	 1131	 1444 0.000911  2575  0
404	00d.ma	412	395	19	198	117	89	161.30865786486	 2304	 1152 0.001143  3456  0
405	00d.ma	412	395	221	188	268	142	128.63961030665	 3264	 4104 0.001921  7217  0
406	00d.ma	412	395	343	156	298	278	155.18376618399	 2222	 3622 0.002154  5844  0
407	00d.ma	412	395	250	56	105	18	162.49747468295	 70	 1863 0.000718  1933  0
408	00d.ma	412	395	211	188	263	137	118.05382386902	 2842	 2986 0.001529  5747  0
409	00d.ma	412	395	251	340	249	290	118.7106781185	 4547	 3831 0.002446  8156  0
410	00d.ma	412	395	168	308	286	213	158.52186130041	 1200	 1063 0.000868  1137  0
411	00d.ma	412	395	218	90	334	10	159.68124086694	 1755	 2869 0.001646  4328  0
412	00d.ma	412	395	91	161	168	174	134.12489168087	 4507	 2252 0.002062  6488  0
413	00d.ma	412	395	147	163	48	259	159.65180361538	 771	 3123 0.001196  3894  0
414	00d.ma	412	395	324	297	221	263	131.46803743139	 2337	 1908 0.001599  3766  0
415	00d.ma	412	395	321	35	159	29	166.1421356237	 724	 158 0.000322  882  0
416	00d.ma	412	395	222	321	286	196	154.82337649064	 132	 2417 0.000958  2549  0
417	00d.ma	412	395	353	169	203	127	167.39696961954	 1393	 444 0.00051  1837  0
418	00d.ma	412	395	49	10	53	175	166.65685424948	 322	 160 0.000129  482  0
419	00d.ma	412	395	296	15	222	115	144.12489168087	 2455	 2080 0.001542  4535  0
420	00d.ma	412	395	248	265	221	381	137.87005768503	 2132	 2932 0.001875  4827  0
421	00d.ma	412	395	245	175	319	295	167.68124086694	 2829	 3897 0.002329  6726  0
422	00d.ma	412	395	51	256	130	119	169.72287142723	 1566	 201 0.000485  1767  0
423	00d.ma	412	395	276	202	197	330	160.72287142723	 101	 65 8.8e-05  166  0
424	00d.ma	412	395	172	49	321	91	167.22539674428	 417	 1274 0.000583  1691  0
425	00d.ma	412	395	159	164	41	230	162.7106781185	 948	 3663 0.001545  4611  0
426	00d.ma	412	395	115	312	177	171	169.9949493659	 1756	 379 0.000754  2135  0
427	00d.ma	412	395	388	128	271	51	162.16652224116	 208	 2636 0.001002  2844  0
428	00d.ma	412	395	88	6	255	16	171.1421356237	 537	 457 0.000309  994  0
429	00d.ma	412	395	252	11	115	77	169.30865786486	 3245	 195 0.001325  3440  0
430	00d.ma	412	395	228	388	384	361	167.76955262162	 1855	 107 0.000532  1962  0
431	00d.ma	412	395	319	225	227	328	172.15432893243	 4193	 1930 0.001834  6123  0
432	00d.ma	412	395	197	63	65	18	150.63961030665	 501	 187 0.00023  688  0
433	00d.ma	412	395	130	46	288	10	172.91168824532	 868	 1397 0.000625  2265  0
434	00d.ma	412	395	35	182	71	22	174.91168824532	 813	 712 0.000397  1525  0
435	00d.ma	412	395	203	381	353	319	175.68124086694	 753	 753 0.00043  1506  0
436	00d.ma	412	395	194	194	109	251	166.06601717775	 4018	 3537 0.002065  7308  0
437	00d.ma	412	395	57	217	166	150	164.40916292827	 3465	 1829 0.00168  4980  0
438	00d.ma	412	395	146	16	75	160	174.58073580353	 1678	 728 0.000851  2406  0
439	00d.ma	412	395	342	339	195	286	172.46803743139	 2423	 666 0.001123  3089  0
440	00d.ma	412	395	223	248	333	316	159.58073580353	 4231	 3991 0.002908  7665  0
441	00d.ma	412	395	382	193	322	241	137.69848480977	 3122	 2737 0.001493  5859  0
442	00d.ma	412	395	229	314	297	339	159.46803743139	 3983	 8458 0.003406  12441  0
443	00d.ma	412	395	293	299	243	383	156.20815280145	 2900	 7051 0.002861  9951  0
444	00d.ma	412	395	259	197	355	217	165.82337649064	 4867	 3843 0.002603  8394  0
445	00d.ma	412	395	305	191	317	364	177.97056274844	 84	 952 0.00027  1036  0
446	00d.ma	412	395	190	183	79	244	169.37972567671	 2895	 4411 0.002409  7217  0
447	00d.ma	412	395	179	346	353	333	179.38477631081	 785	 382 0.000326  1167  0
448	00d.ma	412	395	212	329	294	241	164.55129855197	 4724	 3823 0.002426  8547  0
449	00d.ma	412	395	156	167	293	151	176.68124086694	 3411	 1874 0.001904  5046  0
450	00d.ma	412	395	377	154	324	17	171.37972567671	 478	 3914 0.001557  4392  0
451	00d.ma	412	395	329	25	151	25	182.97056274844	 894	 634 0.000595  1526  0
452	00d.ma	412	395	300	212	317	386	181.04163056029	 488	 894 0.000355  1382  0
453	00d.ma	412	395	357	360	245	291	169.02438661746	 6657	 3158 0.003245  9815  0
454	00d.ma	412	395	34	216	23	49	179.84062043347	 1838	 1826 0.001364  3664  0
455	00d.ma	412	395	257	369	263	297	162.40916292827	 9616	 4584 0.004033  14193  0
456	00d.ma	412	395	299	242	189	318	166.14927829833	 2620	 4172 0.002223  6792  0
457	00d.ma	412	395	233	214	358	317	181.76450198752	 2497	 3744 0.002143  6241  0
458	00d.ma	412	395	272	209	175	341	172.17871554989	 75	 66 8.2e-05  141  0
459	00d.ma	412	395	205	165	94	242	173.1370849896	 2876	 3510 0.002121  6041  0
460	00d.ma	412	395	182	170	327	190	179.40916292827	 3590	 3023 0.002516  6176  0
461	00d.ma	412	395	308	262	175	324	174.421356237	 3548	 4487 0.003027  7608  0
462	00d.ma	412	395	206	73	60	119	182.66904755821	 3729	 1547 0.001884  5203  0
463	00d.ma	412	395	340	279	350	129	180.61017305509	 1894	 3190 0.001847  5084  0
464	00d.ma	412	395	197	159	226	232	88.52691193451	 595	 570 0.000377  948  0
465	00d.ma	412	395	33	222	36	49	185.01219330873	 1896	 1649 0.001321  3545  0
466	00d.ma	412	395	224	230	357	316	186.86500705093	 4094	 5243 0.003412  9337  0
467	00d.ma	412	395	96	218	125	45	185.01219330873	 618	 617 0.000329  1235  0
468	00d.ma	412	395	155	24	310	96	184.82337649064	 171	 761 0.00029  932  0
469	00d.ma	412	395	335	151	232	185	172.48023074012	 7098	 3753 0.003208  10582  0
470	00d.ma	412	395	92	100	159	203	160.91168824532	 3450	 2558 0.001839  5759  0
471	00d.ma	412	395	94	209	191	80	190.8528137422	 3594	 1686 0.001698  5280  0
472	00d.ma	412	395	28	217	106	67	189.58073580353	 3149	 2096 0.001906  4731  0
473	00d.ma	412	395	61	20	84	194	187.66904755821	 2024	 1810 0.001365  3834  0
474	00d.ma	412	395	103	78	57	241	188.29646455613	 1705	 2375 0.001474  3499  0
475	00d.ma	412	395	266	376	244	284	148.75230867879	 6698	 3469 0.003313  10167  0
476	00d.ma	412	395	333	338	152	362	190.94112549688	 1426	 481 0.000533  1907  0
477	00d.ma	412	395	297	109	142	85	189.32590180769	 975	 4204 0.001913  5179  0
478	00d.ma	412	395	307	210	185	204	141.88225099376	 2329	 1978 0.001688  3859  0
479	00d.ma	412	395	210	183	233	360	188.18376618399	 1262	 1374 0.000922  1608  0
480	00d.ma	412	395	212	59	90	177	190.20815280145	 2760	 2651 0.001741  5411  0
481	00d.ma	412	395	191	329	269	178	183.30865786486	 89	 106 9.3e-05  195  0
482	00d.ma	412	395	48	197	113	28	195.92388155405	 1561	 71 0.000441  1632  0
483	00d.ma	412	395	206	276	345	371	194.16652224116	 3548	 5245 0.003211  8793  0
484	00d.ma	412	395	275	261	145	356	171.35028842515	 785	 2108 0.001096  2893  0
485	00d.ma	412	395	199	77	378	45	192.25483399584	 1532	 881 0.000658  2413  0
486	00d.ma	412	395	313	258	389	202	161.69848480977	 4819	 3010 0.002108  7829  0
487	00d.ma	412	395	270	197	344	358	191.65180361538	 81	 1163 0.000346  1244  0
488	00d.ma	412	395	227	309	291	353	171.05382386902	 4753	 9615 0.003764  14368  0
489	00d.ma	412	395	260	114	217	184	134.58073580353	 3515	 2777 0.001742  6052  0
490	00d.ma	412	395	287	215	229	355	176.06601717775	 4816	 2396 0.00269  6564  0
491	00d.ma	412	395	240	304	358	366	184.9949493659	 3436	 8606 0.003926  12042  0
492	00d.ma	412	395	119	220	95	37	197.91168824532	 1799	 2553 0.001597  3969  0
493	00d.ma	412	395	79	160	189	187	166.48023074012	 5622	 3156 0.002914  8488  0
494	00d.ma	412	395	80	186	209	99	198.69343417567	 5761	 2224 0.002597  7985  0
495	00d.ma	412	395	324	179	278	348	193.32590180769	 2147	 2195 0.001315  4342  0
496	00d.ma	412	395	230	156	224	144	118.95331880561	 2346	 3597 0.001269  5846  0
497	00d.ma	412	395	33	52	209	64	185.11269837214	 1525	 1188 0.001042  2693  0
498	00d.ma	412	395	192	18	25	89	196.40916292827	 344	 303 0.000227  647  0
499	00d.ma	412	395	262	358	221	191	189.53910524324	 1692	 2661 0.001603  3413  0
500	00d.ma	412	395	288	231	182	345	180.49242404885	 1228	 3806 0.001569  5034  0
501	00d.ma	412	395	55	137	166	159	168.96551211434	 6548	 1946 0.002651  8354  0
502	00d.ma	412	395	264	192	140	159	196.23759005301	 5802	 4377 0.003253  9767  0
503	00d.ma	412	395	356	123	258	275	196.69343417567	 1648	 1799 0.001226  3447  0
504	00d.ma	412	395	85	147	244	108	199.2792206133	 3614	 2623 0.002328  6077  0
505	00d.ma	412	395	166	348	266	313	157.00714267463	 7364	 2302 0.003196  9666  0
506	00d.ma	412	395	140	40	316	72	201.78174593035	 544	 4415 0.001929  4959  0
507	00d.ma	412	395	201	49	382	98	201.29646455613	 1538	 214 0.000506  1752  0
508	00d.ma	412	395	226	113	81	12	189.17871554989	 2028	 1538 0.001342  3566  0
509	00d.ma	412	395	206	340	286	182	191.1370849896	 190	 77 0.000113  267  0
510	00d.ma	412	395	255	203	233	381	199.53910524324	 4366	 3112 0.002936  7478  0
511	00d.ma	412	395	101	82	41	256	207.33809511642	 2198	 4137 0.002311  5716  0
512	00d.ma	412	395	262	120	335	297	207.23759005301	 862	 90 0.000281  952  0
513	00d.ma	412	395	98	51	129	192	171.35533905925	 3710	 1064 0.001715  4507  0
514	00d.ma	412	395	41	240	156	132	197.9949493659	 6449	 1215 0.002338  7446  0
515	00d.ma	412	395	200	75	44	184	204.07821048648	 1392	 2431 0.001449  3696  0
516	00d.ma	412	395	275	387	272	267	187.7106781185	 9285	 5108 0.005141  14393  0
517	00d.ma	412	395	196	223	111	253	194.72287142723	 5087	 5483 0.002742  10387  0
518	00d.ma	412	395	392	371	187	370	205.41421356237	 205	 102 0.000142  307  0
519	00d.ma	412	395	316	157	267	328	199.49747468295	 3804	 648 0.001659  4202  0
520	00d.ma	412	395	49	107	151	177	177.23759005301	 6791	 2017 0.002775  8808  0
521	00d.ma	412	395	267	216	183	380	198.79393923908	 102	 813 0.000269  915  0
522	00d.ma	412	395	175	164	251	229	118.09545442931	 114	 1767 0.000596  1881  0
523	00d.ma	412	395	387	114	222	16	207.35028842515	 135	 3028 0.00122  3163  0
524	00d.ma	412	395	72	145	172	190	176.1370849896	 7674	 2995 0.003324  10350  0
525	00d.ma	412	395	41	95	233	53	210.22539674428	 2059	 2500 0.001285  4559  0
526	00d.ma	412	395	232	72	35	65	209.01219330873	 2594	 2309 0.002111  4903  0
527	00d.ma	412	395	86	166	230	38	207.5634918607	 2406	 2335 0.001642  4741  0
528	00d.ma	412	395	345	224	250	157	204.89444430249	 6410	 5034 0.003012  11193  0
529	00d.ma	412	395	58	89	164	207	186.9949493659	 3651	 2076 0.001844  5242  0
530	00d.ma	412	395	120	121	302	66	211.36753236798	 1733	 2274 0.001504  3512  0
531	00d.ma	412	395	254	129	179	291	213.40916292827	 4101	 3236 0.002543  6891  0
532	00d.ma	412	395	153	221	83	74	192.09545442931	 2818	 3925 0.002386  6382  0
533	00d.ma	412	395	46	208	189	173	201.37972567671	 8046	 3487 0.004131  10960  0
534	00d.ma	412	395	130	85	329	47	214.74011537006	 571	 1934 0.000717  2505  0
535	00d.ma	412	395	289	275	383	206	184.29646455613	 7113	 3033 0.002928  10146  0
536	00d.ma	412	395	110	134	175	191	179.43860017983	 6493	 4965 0.002999  11103  0
537	00d.ma	412	395	129	260	265	127	211.59292911226	 2155	 2612 0.00155  4458  0
538	00d.ma	412	395	117	193	176	83	168.09545442931	 3649	 3088 0.002225  6398  0
539	00d.ma	412	395	208	98	41	174	214.32085117359	 2012	 5570 0.002844  6398  0
540	00d.ma	412	395	55	93	255	81	214.08326112058	 2103	 1771 0.001682  3560  0
541	00d.ma	412	395	310	70	116	113	217.61017305509	 1196	 2301 0.001295  3497  0
542	00d.ma	412	395	67	6	230	107	207.17871554989	 2288	 2707 0.001961  4995  0
543	00d.ma	412	395	227	73	100	198	216.26702730457	 4098	 5090 0.002818  9188  0
544	00d.ma	412	395	226	100	48	154	217.86500705093	 2491	 5427 0.002969  7031  0
545	00d.ma	412	395	252	392	212	192	218.22539674428	 2661	 2779 0.002097  5439  0
546	00d.ma	412	395	235	132	99	231	204.90663761122	 3246	 3838 0.002387  6894  0
547	00d.ma	412	395	126	290	241	128	216.07821048648	 2099	 1915 0.00145  3499  0
548	00d.ma	412	395	238	165	349	131	209.35028842515	 3702	 8132 0.003251  11422  0
549	00d.ma	412	395	166	385	226	310	175.26702730457	 7580	 1585 0.002397  9165  0
550	00d.ma	412	395	114	214	72	24	215.68124086694	 3365	 3715 0.002688  6568  0
551	00d.ma	412	395	82	194	215	40	221.39191898544	 3126	 3145 0.002196  6271  0
552	00d.ma	412	395	274	156	152	282	219.86500705093	 4100	 3259 0.002252  7359  0
553	00d.ma	412	395	270	171	355	358	222.20815280145	 105	 1691 0.000478  1796  0
554	00d.ma	412	395	282	256	179	352	195.9949493659	 4833	 8782 0.004  13499  0
555	00d.ma	412	395	269	237	366	384	221.76450198752	 4163	 8581 0.00427  12744  0
556	00d.ma	412	395	385	104	191	46	218.02438661746	 241	 1792 0.000581  2033  0
557	00d.ma	412	395	280	147	115	194	216.16652224116	 4302	 3152 0.002679  7207  0
558	00d.ma	412	395	211	65	43	185	220.63455967255	 1884	 2689 0.001746  1696  0
559	00d.ma	412	395	177	211	73	156	189.45079348856	 3913	 8643 0.003736  12102  0
560	00d.ma	412	395	394	370	300	195	220.96551211434	 265	 3943 0.001587  4208  0
561	00d.ma	412	395	347	58	133	84	224.76955262162	 1835	 410 0.000633  2245  0
562	00d.ma	412	395	375	371	323	179	226.50966799168	 4469	 2070 0.002325  6539  0
563	00d.ma	412	395	225	248	343	384	224.30865786486	 6518	 8970 0.004953  15488  0
564	00d.ma	412	395	347	163	307	336	204.11269837214	 2739	 4665 0.00273  7404  0
565	00d.ma	412	395	213	87	117	213	222.65180361538	 5094	 7453 0.003666  12165  0
566	00d.ma	412	395	283	364	254	190	225.20815280145	 6939	 8049 0.005734  14988  0
567	00d.ma	412	395	309	140	358	345	225.29646455613	 2447	 305 0.000737  2752  0
568	00d.ma	412	395	380	188	188	175	226.37972567671	 4279	 4816 0.003565  8123  0
569	00d.ma	412	395	371	51	165	7	224.22539674428	 1417	 1347 0.000757  2764  0
570	00d.ma	412	395	138	206	134	299	220.52186130041	 7830	 3294 0.003087  11124  0
571	00d.ma	412	395	122	31	341	11	227.2842712474	 1393	 1007 0.000704  2400  0
572	00d.ma	412	395	294	17	73	30	226.38477631081	 1087	 399 0.00046  1486  0
573	00d.ma	412	395	287	338	238	171	224.20815280145	 5970	 7405 0.004741  12922  0
574	00d.ma	412	395	177	210	247	202	76.62741699792	 262	 474 0.000256  736  0
575	00d.ma	412	395	272	149	133	287	227.83556979937	 1875	 3302 0.001559  5177  0
576	00d.ma	412	395	140	271	282	174	229.29141392203	 3960	 7208 0.003659  11168  0
577	00d.ma	412	395	202	187	299	275	162.78174593035	 3218	 2654 0.001823  5416  0
578	00d.ma	412	395	310	59	134	129	226.95331880561	 6106	 809 0.00249  6915  0
579	00d.ma	412	395	103	12	66	213	230.40916292827	 5872	 1350 0.00277  7222  0
580	00d.ma	412	395	179	231	92	265	218.86500705093	 5595	 7139 0.003445  12475  0
581	00d.ma	412	395	281	176	344	384	234.09545442931	 351	 2279 0.000695  2630  0
582	00d.ma	412	395	311	367	277	152	229.91168824532	 1867	 179 0.00053  2046  0
583	00d.ma	412	395	178	352	322	217	219.24978336174	 3656	 3003 0.002188  6659  0
584	00d.ma	412	395	254	81	98	182	233.06601717775	 4023	 5913 0.003308  9530  0
585	00d.ma	412	395	159	31	374	75	233.22539674428	 2418	 498 0.000893  2916  0
586	00d.ma	412	395	335	387	227	234	231.55129855197	 9240	 7078 0.005534  16318  0
587	00d.ma	412	395	167	329	324	181	221.23253941891	 1275	 520 0.000649  1784  0
588	00d.ma	412	395	322	318	224	134	233.96551211434	 4577	 665 0.001996  5242  0
589	00d.ma	412	395	307	373	260	189	226.29646455613	 6729	 5527 0.004749  11818  0
590	00d.ma	412	395	75	81	282	22	233.09545442931	 2399	 3838 0.002525  6237  0
591	00d.ma	412	395	28	176	212	50	237.94826817151	 2599	 2821 0.002127  4530  0
592	00d.ma	412	395	68	263	223	154	228.63455967255	 4832	 3574 0.002808  8100  0
593	00d.ma	412	395	348	331	210	184	230.5634918607	 5955	 5046 0.00366  11001  0
594	00d.ma	412	395	311	321	261	109	232.7106781185	 572	 790 0.000397  1362  0
595	00d.ma	412	395	237	248	341	390	228.93607486278	 6754	 10450 0.005597  17204  0
596	00d.ma	412	395	48	249	173	84	236.24978336174	 5556	 2726 0.002913  7705  0
597	00d.ma	412	395	76	182	235	144	213.89444430249	 6972	 3606 0.003873  10299  0
598	00d.ma	412	395	255	343	313	140	232.88225099376	 892	 4103 0.001862  4995  0
599	00d.ma	412	395	150	364	316	252	235.82337649064	 8520	 5833 0.005405  14353  0
600	00d.ma	412	395	247	231	389	375	237.7056274844	 6573	 6828 0.004502  11362  0
601	00d.ma	412	395	323	86	110	122	241.9949493659	 1835	 3349 0.001988  5184  0
602	00d.ma	412	395	188	186	44	131	210.90663761122	 3434	 8597 0.004068  12031  0
603	00d.ma	412	395	45	53	156	205	217.89444430249	 5772	 1858 0.002588  7630  0
604	00d.ma	412	395	163	174	222	253	116.91168824532	 1274	 625 0.000616  1899  0
605	00d.ma	412	395	244	321	314	139	236.18376618399	 893	 7919 0.003053  8812  0
606	00d.ma	412	395	135	212	129	25	221.46803743139	 2732	 5735 0.003174  8467  0
607	00d.ma	412	395	275	181	379	380	242.07821048648	 742	 495 0.00035  1237  0
608	00d.ma	412	395	115	70	321	22	229.78174593035	 1661	 3638 0.001879  3961  0
609	00d.ma	412	395	250	308	369	167	216.55129855197	 7112	 2676 0.003205  9788  0
610	00d.ma	412	395	187	213	249	267	117.88225099376	 1372	 3229 0.001294  4601  0
611	00d.ma	412	395	221	101	388	144	244.50966799168	 4812	 3536 0.002742  8116  0
612	00d.ma	412	395	282	144	105	212	233.30865786486	 4625	 3939 0.003107  8402  0
613	00d.ma	412	395	250	131	326	345	245.48023074012	 1040	 568 0.00046  1608  0
614	00d.ma	412	395	54	207	182	232	235.69343417567	 11550	 6231 0.005766  17648  0
615	00d.ma	412	395	309	185	155	352	230.78888860498	 83	 87 0.000116  170  0
616	00d.ma	412	395	349	337	222	163	243.63455967255	 6146	 4974 0.004097  11120  0
617	00d.ma	412	395	77	261	158	51	244.96551211434	 2873	 182 0.001134  3055  0
618	00d.ma	412	395	114	300	126	203	239.97770542307	 3201	 11211 0.004059  14041  0
619	00d.ma	412	395	284	26	117	155	245.17871554989	 7144	 1715 0.003038  8859  0
620	00d.ma	412	395	183	322	241	130	234.83556979937	 4780	 3223 0.002883  8003  0
621	00d.ma	412	395	151	341	320	177	239.85995641683	 1094	 831 0.000687  1306  0
622	00d.ma	412	395	76	253	143	35	245.75230867879	 700	 676 0.000385  1376  0
623	00d.ma	412	395	196	190	48	129	218.5634918607	 3999	 8878 0.004366  12619  0
624	00d.ma	412	395	174	152	262	265	163.79393923908	 1126	 3029 0.001398  4155  0
625	00d.ma	412	395	141	208	139	25	226.43860017983	 3307	 7439 0.003944  10746  0
626	00d.ma	412	395	351	234	272	334	245.75230867879	 3498	 16645 0.005288  19814  0
627	00d.ma	412	395	91	231	217	104	249.20815280145	 9473	 3430 0.003534  12903  0
628	00d.ma	412	395	37	226	185	46	247.74725804469	 2092	 2596 0.001708  3878  0
629	00d.ma	412	395	9	91	237	113	249.15432893243	 4132	 2299 0.002538  6105  0
630	00d.ma	412	395	318	174	144	144	239.62236636382	 9356	 3326 0.004683  12265  0
631	00d.ma	412	395	59	187	237	64	251.87720035966	 3328	 5971 0.003416  8680  0
632	00d.ma	412	395	155	257	102	170	219.37972567671	 5118	 12326 0.004635  17178  0
633	00d.ma	412	395	366	79	141	11	253.16652224116	 2371	 1017 0.001582  3388  0
634	00d.ma	412	395	21	201	201	183	238.20815280145	 10587	 4444 0.005676  14624  0
635	00d.ma	412	395	15	43	252	35	251.91168824532	 2685	 3690 0.002781  5935  0
636	00d.ma	412	395	344	335	227	144	252.93607486278	 5975	 489 0.002363  6464  0
637	00d.ma	412	395	194	200	268	298	140.8528137422	 589	 2689 0.001114  3278  0
638	00d.ma	412	395	174	14	19	185	254.19090885862	 6084	 4426 0.003656  10510  0
639	00d.ma	412	395	351	139	263	333	248.02438661746	 6006	 3570 0.003534  8584  0
640	00d.ma	412	395	196	173	99	109	218.43860017983	 6238	 9805 0.004462  15635  0
641	00d.ma	412	395	226	120	91	221	256.59292911226	 3487	 11291 0.004139  14778  0
642	00d.ma	412	395	68	11	84	252	257.5685424948	 3281	 3898 0.002799  7179  0
643	00d.ma	412	395	234	3	77	122	257.07821048648	 11263	 1685 0.004155  12948  0
644	00d.ma	412	395	261	136	78	205	241.62236636382	 4274	 6693 0.004001  10606  0
645	00d.ma	412	395	153	374	313	220	241.36248173388	 4611	 2244 0.002277  6855  0
646	00d.ma	412	395	270	37	26	39	258.08326112058	 3780	 2753 0.003011  6074  0
647	00d.ma	412	395	293	139	341	369	255.74011537006	 898	 5221 0.002195  6119  0
648	00d.ma	412	395	149	176	226	217	110.36753236798	 638	 1342 0.000632  1742  0
649	00d.ma	412	395	167	264	333	164	257.96551211434	 5135	 10097 0.004896  15052  0
650	00d.ma	412	395	313	330	212	156	255.06601717775	 9274	 6010 0.005111  15284  0
651	00d.ma	412	395	121	116	350	45	260.16652224116	 397	 3337 0.001386  3734  0
652	00d.ma	412	395	292	306	197	190	160.62236636382	 1396	 1137 0.000886  2133  0
653	00d.ma	412	395	199	317	210	162	179.63961030665	 2809	 2172 0.001867  4981  0
654	00d.ma	412	395	248	336	262	123	249.75230867879	 2786	 5416 0.002855  7009  0
655	00d.ma	412	395	327	182	170	356	248.64675298128	 268	 3017 0.00116  3285  0
656	00d.ma	412	395	191	286	191	179	134.53910524324	 1009	 2184 0.001062  3193  0
657	00d.ma	412	395	205	179	9	218	250.23759005301	 4022	 9299 0.00502  12751  0
658	00d.ma	412	395	362	387	225	215	261.00714267463	 9618	 7566 0.006046  17184  0
659	00d.ma	412	395	166	158	78	74	227.82337649064	 4085	 15822 0.005463  19480  0
660	00d.ma	412	395	235	347	332	211	256.11984104677	 16275	 6507 0.007125  22179  0
661	00d.ma	412	395	72	129	271	67	259.79393923908	 2486	 7704 0.003743  10190  0
662	00d.ma	412	395	23	216	191	28	264.03152929209	 2249	 3071 0.001988  5320  0
663	00d.ma	412	395	362	366	256	161	265.93607486278	 6955	 3901 0.004015  10856  0
664	00d.ma	412	395	249	347	341	176	231.26702730457	 4167	 5840 0.003925  9242  0
665	00d.ma	412	395	387	164	207	46	264.06601717775	 1055	 10154 0.003774  11209  0
666	00d.ma	412	395	290	365	259	132	263.23759005301	 3347	 5664 0.003497  9011  0
667	00d.ma	412	395	354	319	202	143	266.49242404885	 6839	 3890 0.003617  10729  0
668	00d.ma	412	395	271	82	146	290	263.87720035966	 2046	 2987 0.001843  5033  0
669	00d.ma	412	395	249	128	367	345	265.87720035966	 638	 488 0.000343  1126  0
670	00d.ma	412	395	159	137	244	261	167.40916292827	 1651	 2150 0.00134  3528  0
671	00d.ma	412	395	216	146	91	123	236.79393923908	 5738	 10191 0.004771  15572  0
672	00d.ma	412	395	156	163	302	277	216.69343417567	 4168	 2916 0.002367  7084  0
673	00d.ma	412	395	164	150	90	65	235.50966799168	 4188	 18781 0.006237  22514  0
674	00d.ma	412	395	98	228	225	15	270.29141392203	 2842	 4207 0.00262  7049  0
675	00d.ma	412	395	165	24	55	246	268.73506473596	 2706	 975 0.0014  3681  0
676	00d.ma	412	395	295	138	283	383	268.98275605717	 5178	 4558 0.003828  9736  0
677	00d.ma	412	395	314	6	76	74	266.16652224116	 3383	 2897 0.001674  6280  0
678	00d.ma	412	395	87	227	242	60	271.03657992619	 7808	 5546 0.004248  13354  0
679	00d.ma	412	395	351	360	284	121	269.68124086694	 4809	 1235 0.002294  6044  0
680	00d.ma	412	395	229	225	145	162	130.68124086694	 1779	 1428 0.001033  2655  0
681	00d.ma	412	395	359	202	365	343	238.23759005301	 3523	 9574 0.003702  13097  0
682	00d.ma	412	395	253	161	363	370	271.59292911226	 4327	 7197 0.004338  11524  0
683	00d.ma	412	395	11	159	219	22	273.19090885862	 2796	 5829 0.003222  8285  0
684	00d.ma	412	395	109	58	355	72	255.94112549688	 1119	 2077 0.001132  3196  0
685	00d.ma	412	395	203	178	206	313	153.84062043347	 1351	 2080 0.001309  3431  0
686	00d.ma	412	395	298	205	138	278	225.49242404885	 8852	 3371 0.004385  11929  0
687	00d.ma	412	395	275	125	320	380	273.63961030665	 517	 3005 0.000897  3522  0
688	00d.ma	412	395	238	31	43	195	271.71782079313	 3434	 3295 0.002554  3644  0
689	00d.ma	412	395	387	87	144	16	273.58073580353	 168	 5430 0.00233  5598  0
690	00d.ma	412	395	208	222	55	144	242.90663761122	 4886	 11389 0.005293  15865  0
691	00d.ma	412	395	258	168	194	218	108.5685424948	 2417	 501 0.00087  2918  0
692	00d.ma	412	395	204	226	255	281	158.02438661746	 1795	 8099 0.002533  9894  0
693	00d.ma	412	395	163	156	231	164	109.43860017983	 1665	 1328 0.000899  2866  0
694	00d.ma	412	395	248	132	365	361	277.46298679729	 1783	 152 0.000568  1935  0
695	00d.ma	412	395	290	136	211	372	268.72287142723	 160	 1309 0.000407  1469  0
696	00d.ma	412	395	271	31	55	176	277.81832585654	 4228	 3085 0.002909  7313  0
697	00d.ma	412	395	305	114	67	74	275.53910524324	 2045	 7175 0.003665  8700  0
698	00d.ma	412	395	291	38	29	41	277.32590180769	 4813	 2995 0.003555  7808  0
699	00d.ma	412	395	183	223	231	168	80.15432893243	 352	 583 0.000315  890  0
700	00d.ma	412	395	202	190	188	293	127.22539674428	 1590	 1139 0.000913  2729  0
701	00d.ma	412	395	129	267	276	221	196.62236636382	 2833	 6242 0.003291  8788  0
702	00d.ma	412	395	365	370	239	159	280.22034611018	 7317	 5582 0.004953  12899  0
703	00d.ma	412	395	144	150	234	243	163.9949493659	 2053	 2828 0.001427  4616  0
704	00d.ma	412	395	257	323	368	195	242.39696961954	 9043	 6018 0.004394  14554  0
705	00d.ma	412	395	249	129	73	269	269.50461735758	 4490	 5491 0.003254  9725  0
706	00d.ma	412	395	112	252	224	106	278.45079348856	 9767	 5176 0.004007  14624  0
707	00d.ma	412	395	153	270	255	213	155.02438661746	 2235	 3938 0.001976  6173  0
708	00d.ma	412	395	377	366	352	223	279.03657992619	 11839	 3458 0.004269  15297  0
709	00d.ma	412	395	260	157	65	177	259.10764773804	 5222	 9610 0.005414  14407  0
710	00d.ma	412	395	112	142	345	68	279.50966799168	 3109	 5548 0.003234  8011  0
711	00d.ma	412	395	350	213	262	369	268.16652224116	 4529	 15816 0.006118  20345  0
712	00d.ma	412	395	52	50	315	44	277.08326112058	 2935	 4082 0.002953  6802  0
713	00d.ma	412	395	265	34	25	136	285.421356237	 5659	 3217 0.003434  8876  0
714	00d.ma	412	395	354	227	369	369	282.37972567671	 3444	 12729 0.004605  16173  0
715	00d.ma	412	395	278	49	17	47	274.25483399584	 3620	 3354 0.003127  5967  0
716	00d.ma	412	395	171	350	224	140	252.03657992619	 5705	 3592 0.003293  9297  0
717	00d.ma	412	395	152	367	314	162	272.10259710394	 106	 128 0.000138  234  0
718	00d.ma	412	395	31	44	285	70	274.7106781185	 4674	 2967 0.003079  6858  0
719	00d.ma	412	395	267	77	92	111	281.46803743139	 13541	 4375 0.00583  17365  0
720	00d.ma	412	395	348	221	207	216	258.14927829833	 9952	 7338 0.00516  17002  0
721	00d.ma	412	395	249	19	103	225	288.04877323492	 7912	 6473 0.005369  13927  0
722	00d.ma	412	395	344	57	70	72	287.66904755821	 3967	 2218 0.002492  6185  0
723	00d.ma	412	395	300	64	53	130	287.69343417567	 5604	 3231 0.003334  8215  0
724	00d.ma	412	395	144	205	288	251	236.10764773804	 4558	 12753 0.005891  16807  0
725	00d.ma	412	395	160	252	321	247	218.35028842515	 2920	 10071 0.004746  12568  0
726	00d.ma	412	395	69	124	290	84	283.83556979937	 6670	 8226 0.00564  14192  0
727	00d.ma	412	395	325	368	277	101	287.7106781185	 4093	 766 0.001832  4859  0
728	00d.ma	412	395	141	264	346	179	272.43354954573	 4864	 9493 0.00515  13826  0
729	00d.ma	412	395	350	64	106	147	290.33809511642	 5602	 2715 0.003085  7472  0
730	00d.ma	412	395	172	165	121	41	258.53910524324	 5922	 19796 0.007564  25718  0
731	00d.ma	412	395	179	225	372	224	267.46298679729	 8402	 5368 0.004813  13123  0
732	00d.ma	412	395	210	130	179	340	242.92388155405	 3357	 4619 0.002918  7976  0
733	00d.ma	412	395	339	198	357	369	245.7106781185	 3270	 9247 0.004058  12517  0
734	00d.ma	412	395	264	219	103	216	230.00714267463	 9248	 5378 0.004923  14237  0
735	00d.ma	412	395	250	138	43	167	270.59292911226	 5004	 11101 0.006046  15716  0
736	00d.ma	412	395	61	139	237	126	259.67619023284	 12484	 4952 0.005976  16967  0
737	00d.ma	412	395	59	106	323	51	292.29646455613	 1706	 5244 0.002579  6950  0
738	00d.ma	412	395	276	244	148	274	194.93607486278	 7922	 3071 0.0038  10858  0
739	00d.ma	412	395	185	350	342	219	277.88939366839	 15584	 1869 0.005283  17453  0
740	00d.ma	412	395	326	144	221	387	286.49242404885	 3590	 2709 0.001591  6299  0
741	00d.ma	412	395	277	97	202	354	288.06601717775	 801	 377 0.000339  1178  0
742	00d.ma	412	395	156	252	57	187	269.421356237	 6333	 15923 0.006094  21987  0
743	00d.ma	412	395	144	262	316	238	227.421356237	 3150	 10071 0.004826  12597  0
744	00d.ma	412	395	158	204	218	114	271.421356237	 11127	 8934 0.005248  19709  0
745	00d.ma	412	395	383	194	301	357	256.35533905925	 3503	 12463 0.00497  15966  0
746	00d.ma	412	395	16	176	205	227	272.79393923908	 13586	 5914 0.007118  19201  0
747	00d.ma	412	395	359	34	98	128	299.93607486278	 3821	 352 0.001166  4173  0
748	00d.ma	412	395	201	181	232	332	169.84062043347	 929	 1885 0.000995  2725  0
749	00d.ma	412	395	179	220	289	308	185.76450198752	 1750	 6537 0.002541  8287  0
750	00d.ma	412	395	377	379	349	134	292.86500705093	 6785	 4891 0.004327  11676  0
751	00d.ma	412	395	228	207	159	201	144.23759005301	 5535	 1555 0.001782  7090  0
752	00d.ma	412	395	296	209	114	232	266.46298679729	 14847	 5686 0.007119  20056  0
753	00d.ma	412	395	152	331	206	161	212.45079348856	 2950	 3036 0.001977  5986  0
754	00d.ma	412	395	303	359	386	210	267.74011537006	 15130	 3389 0.005492  18519  0
755	00d.ma	412	395	29	221	248	60	301.50461735758	 6302	 5274 0.004419  8417  0
756	00d.ma	412	395	208	142	296	367	288.48023074012	 8615	 9779 0.007084  17332  0
757	00d.ma	412	395	360	45	115	142	298.65180361538	 8201	 1472 0.003811  9673  0
758	00d.ma	412	395	197	362	216	129	260.95331880561	 5648	 3364 0.003525  9012  0
759	00d.ma	412	395	242	17	123	195	266.60512242099	 11139	 5319 0.005789  16297  0
760	00d.ma	412	395	120	133	371	98	300.65180361538	 5002	 4785 0.003779  9643  0
761	00d.ma	412	395	224	377	275	108	295.09545442931	 2606	 3616 0.002345  6222  0
762	00d.ma	412	395	270	143	53	159	281.83556979937	 6233	 10931 0.006469  16709  0
763	00d.ma	412	395	161	150	339	291	254.01933598336	 3621	 5333 0.003269  8330  0
764	00d.ma	412	395	254	193	156	272	152.29646455613	 2855	 1838 0.001495  4693  0
765	00d.ma	412	395	173	248	234	282	167.46803743139	 3237	 8444 0.003132  11681  0
766	00d.ma	412	395	300	41	15	64	297.01219330873	 3426	 3200 0.002629  6626  0
767	00d.ma	412	395	218	365	205	134	245.69848480977	 3462	 1479 0.001843  4941  0
768	00d.ma	412	395	221	364	207	129	251.76955262162	 3729	 1775 0.002078  4960  0
769	00d.ma	412	395	306	27	14	44	304.84062043347	 4429	 2719 0.002815  7148  0
770	00d.ma	412	395	118	131	366	101	295.72287142723	 5095	 4205 0.003498  8966  0
771	00d.ma	412	395	199	201	298	329	220.01219330873	 8045	 7583 0.004787  14995  0
772	00d.ma	412	395	45	177	153	276	285.35028842515	 17003	 5278 0.005916  22113  0
773	00d.ma	412	395	178	206	189	301	155.29646455613	 3128	 3622 0.001963  6750  0
774	00d.ma	412	395	274	39	20	150	308.421356237	 7088	 3332 0.004045  10420  0
775	00d.ma	412	395	316	169	112	304	302.20310216735	 12064	 3995 0.005693  15602  0
776	00d.ma	412	395	71	247	297	131	301.36248173388	 6340	 5985 0.004531  11936  0
777	00d.ma	412	395	46	25	334	61	303.74011537006	 1969	 4155 0.002188  6124  0
778	00d.ma	412	395	29	68	317	89	309.12489168087	 4900	 3948 0.00379  8742  0
779	00d.ma	412	395	344	72	61	31	299.98275605717	 3692	 873 0.001359  4565  0
780	00d.ma	412	395	151	214	231	205	155.50966799168	 1708	 6094 0.002093  7802  0
781	00d.ma	412	395	115	249	291	210	277.63455967255	 5870	 18428 0.007966  23844  0
782	00d.ma	412	395	205	148	36	94	278.60512242099	 5247	 19264 0.008174  24105  0
783	00d.ma	412	395	273	165	44	218	303.94826817151	 9023	 12592 0.008406  21085  0
784	00d.ma	412	395	333	341	184	183	257.24978336174	 7757	 7397 0.004893  15154  0
785	00d.ma	412	395	19	137	213	128	287.29141392203	 17563	 4750 0.007901  22116  0
786	00d.ma	412	395	255	48	133	206	284.24978336174	 12199	 8375 0.00641  20094  0
787	00d.ma	412	395	374	379	369	162	288.79393923908	 8133	 3875 0.004253  12008  0
788	00d.ma	412	395	156	131	18	63	281.36248173388	 2670	 18686 0.005863  21356  0
789	00d.ma	412	395	227	135	151	110	278.50461735758	 13853	 14802 0.007619  27933  0
790	00d.ma	412	395	228	377	348	125	306.39191898544	 3428	 4749 0.003081  7056  0
791	00d.ma	412	395	209	373	349	164	281.53405460914	 5660	 2505 0.002999  8165  0
792	00d.ma	412	395	48	184	134	267	291.73506473596	 17823	 5420 0.005995  23083  0
793	00d.ma	412	395	366	89	73	64	312.46803743139	 4414	 4549 0.003684  8963  0
794	00d.ma	412	395	351	56	51	67	312.01219330873	 4090	 2586 0.002724  6676  0
795	00d.ma	412	395	304	3	49	121	313.83556979937	 7604	 4988 0.005149  11567  0
796	00d.ma	412	395	107	113	257	145	283.96551211434	 18456	 10036 0.008567  27929  0
797	00d.ma	412	395	172	374	265	104	308.52186130041	 208	 825 0.000304  1033  0
798	00d.ma	412	395	332	19	92	168	316.94826817151	 9385	 2531 0.004511  11916  0
799	00d.ma	412	395	84	110	287	11	313.76450198752	 1214	 15696 0.005415  16910  0
800	00d.ma	412	395	167	147	81	35	278.16652224116	 5521	 21729 0.007487  26823  0
801	00d.ma	412	395	174	179	193	64	286.63455967255	 14761	 21142 0.010368  35482  0
802	00d.ma	412	395	201	159	287	371	261.23759005301	 4399	 4682 0.00341  8101  0
803	00d.ma	412	395	308	178	113	249	309.22034611018	 20248	 7685 0.009471  27430  0
804	00d.ma	412	395	162	214	240	110	296.97770542307	 11122	 10098 0.005659  20873  0
805	00d.ma	412	395	320	55	18	71	316.08326112058	 4562	 3323 0.003272  7847  0
806	00d.ma	412	395	222	236	145	278	158.09545442931	 4544	 2781 0.001912  7325  0
807	00d.ma	412	395	193	183	267	343	208.12489168087	 4782	 2854 0.002788  6959  0
808	00d.ma	412	395	264	311	139	188	236.83556979937	 8567	 3901 0.003737  12468  0
809	00d.ma	412	395	168	75	196	199	287.36248173388	 19784	 16266 0.010714  35549  0
810	00d.ma	412	395	234	235	143	288	172.89444430249	 5937	 2774 0.002374  8711  0
811	00d.ma	412	395	124	193	219	252	190.75230867879	 4548	 5822 0.002818  10002  0
812	00d.ma	412	395	16	92	214	158	293.74725804469	 17941	 5311 0.008285  22713  0
813	00d.ma	412	395	91	109	308	63	321.46803743139	 2038	 17543 0.006504  19581  0
814	00d.ma	412	395	247	223	97	206	211.93607486278	 7068	 4890 0.003899  11958  0
815	00d.ma	412	395	54	192	305	77	322.87720035966	 5417	 6617 0.00457  11410  0
816	00d.ma	412	395	46	143	266	126	298.50461735758	 14475	 6555 0.007751  20559  0
817	00d.ma	412	395	43	156	309	18	324.91883091995	 2810	 6574 0.003973  9384  0
818	00d.ma	412	395	171	179	218	342	195.84062043347	 2408	 4107 0.002375  6515  0
819	00d.ma	412	395	320	209	94	215	296.39191898544	 13713	 7103 0.007932  20226  0
820	00d.ma	412	395	290	222	122	308	248.73506473596	 11419	 3299 0.004964  14718  0
821	00d.ma	412	395	303	269	144	272	250.14927829833	 15735	 4191 0.006849  19572  0
822	00d.ma	412	395	177	241	346	294	248.29141392203	 4094	 13390 0.006264  16843  0
823	00d.ma	412	395	247	313	177	251	205.19595949272	 9121	 3497 0.003219  12618  0
824	00d.ma	412	395	140	293	325	234	267.07821048648	 3551	 14920 0.006702  18116  0
825	00d.ma	412	395	224	172	159	259	119.19595949272	 689	 1076 0.000593  1765  0
826	00d.ma	412	395	138	252	39	135	299.8477631081	 5767	 21135 0.007227  26696  0
827	00d.ma	412	395	70	82	377	74	317.76955262162	 3272	 2644 0.002506  5409  0
828	00d.ma	412	395	294	79	17	183	330.11984104677	 3343	 6084 0.00363  8579  0
829	00d.ma	412	395	50	159	330	90	327.73506473596	 6920	 3577 0.004039  10318  0
830	00d.ma	412	395	240	333	392	192	286.29646455613	 15713	 6201 0.006707  21232  0
831	00d.ma	412	395	260	197	130	294	189.40916292827	 3211	 2439 0.001877  5650  0
832	00d.ma	412	395	64	142	288	137	301.29141392203	 12265	 7834 0.007365  19709  0
833	00d.ma	412	395	185	185	161	337	197.96551211434	 3506	 4137 0.002527  7643  0
834	00d.ma	412	395	71	79	385	99	333.88225099376	 5223	 3489 0.003681  8305  0
835	00d.ma	412	395	51	188	278	125	307.32085117359	 13063	 7373 0.007511  19638  0
836	00d.ma	412	395	209	71	172	145	299.97770542307	 24363	 12872 0.009669  36912  0
837	00d.ma	412	395	260	200	129	296	190.58073580353	 3333	 2440 0.00193  5773  0
838	00d.ma	412	395	111	196	284	243	253.76450198752	 6081	 9949 0.005343  15553  0
839	00d.ma	412	395	76	180	275	212	267.14927829833	 8387	 9866 0.006566  17771  0
840	00d.ma	412	395	228	313	183	250	193.84062043347	 7854	 3512 0.002832  11366  0
841	00d.ma	412	395	106	213	320	49	335.86500705093	 9509	 13465 0.007522  22974  0
842	00d.ma	412	395	82	203	344	152	319.79393923908	 7730	 10561 0.007231  17703  0
843	00d.ma	412	395	246	68	149	168	305.10764773804	 20215	 15162 0.00958  34933  0
844	00d.ma	412	395	231	388	207	166	242.91168824532	 4514	 1429 0.002264  5935  0
845	00d.ma	412	395	374	92	60	96	335.53910524324	 3212	 4590 0.003283  7723  0
846	00d.ma	412	395	107	148	127	305	303.04877323492	 18431	 4359 0.006882  22537  0
847	00d.ma	412	395	53	239	119	304	327.47518010602	 15322	 4627 0.005049  19758  0
848	00d.ma	412	395	245	213	92	203	209.55129855197	 6073	 4903 0.003708  10976  0
849	00d.ma	412	395	327	54	113	206	336.69343417567	 14458	 9208 0.007782  23666  0
850	00d.ma	412	395	64	240	322	154	329.22034611018	 9137	 12543 0.00866  21010  0
851	00d.ma	412	395	50	57	199	149	307.14927829833	 23872	 6490 0.008909  30067  0
852	00d.ma	412	395	244	137	59	97	306.8477631081	 8154	 22963 0.010571  30391  0
853	00d.ma	412	395	161	262	89	119	309.19090885862	 8877	 16715 0.007086  25239  0
854	00d.ma	412	395	325	131	69	182	316.2792206133	 8039	 8892 0.006301  16931  0
855	00d.ma	412	395	143	49	382	150	337.48023074012	 14412	 6948 0.00812  21010  0
856	00d.ma	412	395	89	165	327	153	307.76450198752	 8846	 10752 0.007234  19066  0
857	00d.ma	412	395	14	122	298	11	337.04877323492	 3835	 8887 0.00526  9895  0
858	00d.ma	412	395	345	31	17	40	340.84062043347	 4794	 2673 0.00331  6932  0
859	00d.ma	412	395	201	187	199	365	198.08326112058	 1615	 4208 0.002396  5823  0
860	00d.ma	412	395	271	77	139	184	313.10764773804	 16760	 15201 0.008998  31323  0
861	00d.ma	412	395	258	247	91	239	250.9898987318	 12591	 6328 0.006448  18682  0
862	00d.ma	412	395	276	341	161	171	250.92388155405	 5452	 6269 0.003832  10801  0
863	00d.ma	412	395	124	149	284	185	309.36248173388	 14790	 20778 0.011062  35132  0
864	00d.ma	412	395	190	202	190	57	314.40411229417	 18142	 23099 0.012461  40704  0
865	00d.ma	412	395	96	135	282	188	311.39191898544	 17248	 17676 0.01163  34428  0
866	00d.ma	412	395	340	50	40	135	343.59292911226	 7978	 3285 0.004553  11263  0
867	00d.ma	412	395	184	219	124	39	311.96551211434	 11744	 23266 0.011648  34466  0
868	00d.ma	412	395	157	168	188	331	215.82337649064	 4898	 5013 0.003434  9911  0
869	00d.ma	412	395	110	150	314	153	310.2792206133	 13208	 15209 0.010059  27649  0
870	00d.ma	412	395	175	182	151	338	214.35028842515	 4359	 4424 0.002785  8783  0
871	00d.ma	412	395	215	157	181	82	315.63455967255	 19495	 27333 0.012505  46375  0
872	00d.ma	412	395	111	146	319	143	314.62236636382	 13470	 14233 0.009765  27158  0
873	00d.ma	412	395	99	88	256	129	317.07821048648	 25963	 10938 0.010935  36456  0
874	00d.ma	412	395	193	194	125	16	318.20815280145	 11893	 23967 0.011858  35860  0
875	00d.ma	412	395	181	232	220	328	190.01219330873	 3483	 9451 0.003585  12686  0
876	00d.ma	412	395	276	117	135	122	316.33304448232	 14930	 22312 0.011289  36552  0
877	00d.ma	412	395	115	235	258	186	219.03657992619	 4277	 7554 0.003807  11595  0
878	00d.ma	412	395	248	163	132	270	168.52186130041	 1361	 1541 0.001008  2561  0
879	00d.ma	412	395	392	140	95	87	347.92388155405	 3794	 9756 0.005588  13068  0
880	00d.ma	412	395	384	81	63	50	339.15432893243	 5365	 3148 0.00328  8513  0
881	00d.ma	412	395	93	206	368	166	339.83556979937	 8259	 13358 0.00847  21107  0
882	00d.ma	412	395	108	252	241	240	239.97770542307	 5913	 13849 0.005859  19428  0
883	00d.ma	412	395	394	210	205	351	307.74725804469	 3068	 18741 0.006981  21809  0
884	00d.ma	412	395	229	294	125	190	236.30865786486	 8675	 6043 0.003933  14274  0
885	00d.ma	412	395	63	203	311	131	340.77669529625	 12695	 12961 0.009598  25048  0
886	00d.ma	412	395	98	240	235	213	209.07821048648	 5118	 7513 0.003945  12271  0
887	00d.ma	412	395	126	302	115	132	319.77669529625	 5038	 20252 0.007385  24966  0
888	00d.ma	412	395	107	248	255	253	255.19090885862	 6135	 15342 0.006629  21092  0
889	00d.ma	412	395	265	255	87	196	250.22034611018	 9920	 6471 0.005727  15856  0
890	00d.ma	412	395	143	249	37	103	318.81832585654	 6562	 22541 0.008104  28812  0
891	00d.ma	412	395	262	87	24	215	345.50461735758	 5706	 18112 0.008354  23423  0
892	00d.ma	412	395	44	176	312	131	331.59292911226	 12101	 8156 0.007706  19788  0
893	00d.ma	412	395	176	233	131	50	318.69343417567	 12424	 23537 0.011821  35495  0
894	00d.ma	412	395	158	200	276	72	328.10764773804	 13991	 17605 0.009001  30994  0
895	00d.ma	412	395	42	230	297	79	356.19090885862	 13878	 7891 0.008092  20869  0
896	00d.ma	412	395	354	366	172	173	307.09040379521	 10920	 8402 0.006459  19322  0
897	00d.ma	412	395	338	6	15	77	352.40916292827	 5030	 2640 0.002323  7670  0
898	00d.ma	412	395	214	6	162	171	324.54624791787	 22737	 12661 0.011471  35398  0
899	00d.ma	412	395	112	60	165	251	323.37972567671	 23336	 10855 0.01128  33597  0
900	00d.ma	412	395	253	352	170	193	215.53910524324	 5477	 3261 0.003083  8549  0
901	00d.ma	412	395	54	44	378	102	352.16652224116	 4890	 5601 0.004261  10491  0
902	00d.ma	412	395	266	246	86	177	252.7056274844	 9832	 7028 0.006004  16860  0
903	00d.ma	412	395	318	195	88	159	320.91883091995	 17796	 11888 0.011111  29072  0
904	00d.ma	412	395	320	31	15	150	359.80613254781	 8871	 3921 0.005124  12792  0
905	00d.ma	412	395	121	305	226	249	209.69343417567	 2863	 8761 0.003057  11624  0
906	00d.ma	412	395	103	186	317	247	287.53405460914	 6315	 13507 0.007151  19120  0
907	00d.ma	412	395	114	25	190	222	327.30865786486	 24316	 11367 0.012063  35530  0
908	00d.ma	412	395	58	170	306	200	325.26197667047	 12970	 15292 0.010885  27613  0
909	00d.ma	412	395	337	293	159	272	282.01933598336	 21426	 4802 0.009062  25792  0
910	00d.ma	412	395	271	81	160	385	349.97770542307	 869	 218 0.000319  1087  0
911	00d.ma	412	395	299	153	44	189	339.87720035966	 12412	 16095 0.011056  27918  0
912	00d.ma	412	395	300	149	54	148	335.57568516943	 10550	 16922 0.010222  26865  0
913	00d.ma	412	395	66	116	281	118	330.64675298128	 18853	 8918 0.009933  27294  0
914	00d.ma	412	395	271	105	108	96	331.7056274844	 11277	 27439 0.011642  37673  0
915	00d.ma	412	395	381	377	184	174	319.20310216735	 9942	 7972 0.00604  17914  0
916	00d.ma	412	395	300	26	78	245	364.8477631081	 12546	 10941 0.007756  23487  0
917	00d.ma	412	395	214	208	121	238	179.89444430249	 6259	 4083 0.00284  10045  0
918	00d.ma	412	395	199	366	179	203	213.91168824532	 7816	 3596 0.004165  11412  0
919	00d.ma	412	395	268	279	115	241	276.26197667047	 16182	 6391 0.006969  22189  0
920	00d.ma	412	395	14	70	357	40	357.91168824532	 3557	 5136 0.003654  8693  0
921	00d.ma	412	395	252	263	109	253	268.11984104677	 17666	 6585 0.007188  23855  0
922	00d.ma	412	395	43	104	375	106	362.65180361538	 6874	 3364 0.004171  9745  0
923	00d.ma	412	395	331	34	47	201	367.81832585654	 10915	 4090 0.006057  15005  0
924	00d.ma	412	395	60	256	285	25	368.71782079313	 11317	 10519 0.007243  21836  0
925	00d.ma	412	395	194	365	167	164	241.92388155405	 6743	 3858 0.003973  10601  0
926	00d.ma	412	395	275	99	127	110	333.23253941891	 12990	 26943 0.011387  39355  0
927	00d.ma	412	395	320	95	45	214	368.57568516943	 7625	 15625 0.008992  22679  0
928	00d.ma	412	395	314	88	61	231	368.39191898544	 9844	 14956 0.008708  24271  0
929	00d.ma	412	395	48	98	267	118	338.78888860498	 25395	 8140 0.011845  32962  0
930	00d.ma	412	395	38	202	295	197	351.44574285446	 15700	 19272 0.013538  34356  0
931	00d.ma	412	395	228	147	173	93	337.91883091995	 22695	 28582 0.013134  50706  0
932	00d.ma	412	395	389	193	138	298	351.40411229417	 12042	 5963 0.00616  17629  0
933	00d.ma	412	395	292	268	92	195	300.07821048648	 16035	 9836 0.009069  25450  0
934	00d.ma	412	395	269	292	101	211	280.01933598336	 14198	 7746 0.007025  21481  0
935	00d.ma	412	395	65	267	252	229	275.71782079313	 7150	 13446 0.006915  20165  0
936	00d.ma	412	395	337	65	27	202	371.91883091995	 5478	 4813 0.004069  9314  0
937	00d.ma	412	395	81	124	262	95	338.71782079313	 20207	 9404 0.00947  28678  0
938	00d.ma	412	395	53	193	326	142	354.10764773804	 13513	 14337 0.01074  27195  0
939	00d.ma	412	395	230	64	184	192	339.01933598336	 25430	 23870 0.013962  48852  0
940	00d.ma	412	395	236	265	88	191	246.79393923908	 9949	 8616 0.005727  18150  0
941	00d.ma	412	395	45	252	282	221	318.57568516943	 8846	 16283 0.009302  24472  0
942	00d.ma	412	395	251	223	44	229	275.73506473596	 9930	 8853 0.006763  18164  0
943	00d.ma	412	395	321	330	151	191	319.43354954573	 25900	 8103 0.010249  33417  0
944	00d.ma	412	395	174	195	235	101	344.11984104677	 27722	 22795 0.013193  50039  0
945	00d.ma	412	395	223	268	105	201	229.89444430249	 9194	 7597 0.00471  16398  0
946	00d.ma	412	395	110	250	314	33	375.14927829833	 10604	 16461 0.008371  27065  0
947	00d.ma	412	395	352	73	61	193	375.43354954573	 11618	 5782 0.006734  16716  0
948	00d.ma	412	395	211	195	100	228	170.20815280145	 4043	 4394 0.002628  8231  0
949	00d.ma	412	395	378	172	112	112	379.07821048648	 4036	 17966 0.007999  21300  0
950	00d.ma	412	395	2	138	269	124	350.06096654365	 18313	 7403 0.010097  25304  0
951	00d.ma	412	395	145	381	369	201	333.87214972556	 12770	 2744 0.005442  15514  0
952	00d.ma	412	395	105	196	358	230	351.33304448232	 11857	 12200 0.008421  23668  0
953	00d.ma	412	395	308	59	137	227	360.32085117359	 18939	 11225 0.00876  30006  0
954	00d.ma	412	395	382	172	104	63	378.37972567671	 4679	 19043 0.009075  23302  0
955	00d.ma	412	395	130	292	25	151	354.19090885862	 6044	 20902 0.007251  26713  0
956	00d.ma	412	395	181	175	235	32	348.64675298128	 21285	 26441 0.014055  47266  0
957	00d.ma	412	395	126	288	395	208	361.51681066631	 6730	 10572 0.006116  16879  0
958	00d.ma	412	395	78	171	358	179	353.94826817151	 11150	 16015 0.01063  26611  0
959	00d.ma	412	395	129	237	306	277	321.91883091995	 7765	 27762 0.011425  35096  0
960	00d.ma	412	395	16	43	176	234	349.47518010602	 21282	 7596 0.008585  28878  0
961	00d.ma	412	395	152	106	131	295	352.03152929209	 18904	 7480 0.00729  25784  0
962	00d.ma	412	395	344	146	44	181	361.10764773804	 10361	 11922 0.008863  21626  0
963	00d.ma	412	395	48	245	248	229	277.8477631081	 8368	 11448 0.006961  19238  0
964	00d.ma	412	395	86	221	283	285	312.06096654365	 9939	 17259 0.009118  26678  0
965	00d.ma	412	395	90	110	369	69	383.53910524324	 5474	 17672 0.008339  22478  0
966	00d.ma	412	395	99	90	277	98	350.09040379521	 29379	 10896 0.01231  39554  0
967	00d.ma	412	395	257	139	97	50	352.76450198752	 15025	 29566 0.012847  44073  0
968	00d.ma	412	395	13	57	370	92	375.63961030665	 5041	 4903 0.003967  9944  0
969	00d.ma	412	395	114	231	228	159	205.17871554989	 5009	 5473 0.003054  10118  0
970	00d.ma	412	395	352	122	53	236	375.29141392203	 11461	 9863 0.008413  20619  0
971	00d.ma	412	395	49	193	307	213	344.63455967255	 14246	 18897 0.012888  32627  0
972	00d.ma	412	395	319	216	86	141	332.04877323492	 18998	 12825 0.011594  31211  0
973	00d.ma	412	395	313	254	75	182	316.09040379521	 15506	 8799 0.009232  23629  0
974	00d.ma	412	395	388	380	169	175	337.34523779105	 10665	 8133 0.006475  18798  0
975	00d.ma	412	395	12	66	361	100	374.43860017983	 7508	 4778 0.005231  11861  0
976	00d.ma	412	395	61	201	250	222	281.36248173388	 11599	 13481 0.008796  24310  0
977	00d.ma	412	395	75	229	352	69	389.24978336174	 12715	 13117 0.009828  25109  0
978	00d.ma	412	395	211	141	186	36	354.37467504261	 19065	 32008 0.014319  51073  0
979	00d.ma	412	395	172	258	124	34	358.45079348856	 12504	 26318 0.013489  38346  0
980	00d.ma	412	395	298	369	179	232	279.37972567671	 18712	 7201 0.007629  25225  0
981	00d.ma	412	395	222	73	183	226	360.87720035966	 25724	 23393 0.013711  48651  0
982	00d.ma	412	395	129	99	268	84	357.16147160706	 31595	 13269 0.012175  44292  0
983	00d.ma	412	395	88	233	288	286	318.44574285446	 9263	 19432 0.009633  28077  0
984	00d.ma	412	395	253	135	43	57	360.81832585654	 9914	 26636 0.012195  36173  0
985	00d.ma	412	395	286	114	12	223	391.51681066631	 4939	 19292 0.008769  23510  0
986	00d.ma	412	395	177	257	73	41	359.5634918607	 10695	 26762 0.012169  37119  0
987	00d.ma	412	395	349	67	123	193	355.37972567671	 16533	 12505 0.009398  28462  0
988	00d.ma	412	395	159	43	158	245	359.67619023284	 26758	 13930 0.012812  40190  0
989	00d.ma	412	395	262	166	86	64	361.22034611018	 17636	 30684 0.014337  47740  0
990	00d.ma	412	395	350	44	117	203	364.83556979937	 16721	 10854 0.009136  27575  0
991	00d.ma	412	395	94	63	278	157	365.32085117359	 30238	 18186 0.014902  47859  0
992	00d.ma	412	395	369	89	113	220	394.76450198752	 15650	 16711 0.010803  32277  0
993	00d.ma	412	395	342	187	46	217	380.47518010602	 19864	 14271 0.013665  33567  0
994	00d.ma	412	395	280	247	54	258	335.47518010602	 18488	 9741 0.009826  27745  0
995	00d.ma	412	395	200	139	152	9	364.73506473596	 15585	 31620 0.013484  47205  0
996	00d.ma	412	395	217	206	69	236	213.17871554989	 5469	 6912 0.004054  12067  0
997	00d.ma	412	395	320	56	43	244	394.01933598336	 12689	 13199 0.009686  25617  0
998	00d.ma	412	395	232	22	183	196	362.58787847816	 26844	 22142 0.015435  48587  0
999	00d.ma	412	395	307	283	95	191	318.29141392203	 19618	 10158 0.010619  29258  0
1000	00d.ma	412	395	16	116	131	297	369.83051916527	 23098	 5729 0.008204  28623  0
1001	00d.ma	412	395	94	141	362	165	369.66399692411	 18311	 17482 0.01374  35187  0
1002	00d.ma	412	395	273	38	169	156	369.50461735758	 25096	 21428 0.012684  46393  0
1003	00d.ma	412	395	183	354	157	131	272.62236636382	 6428	 5083 0.004114  11511  0
1004	00d.ma	412	395	268	109	87	64	366.91883091995	 12926	 30825 0.013306  43111  0
1005	00d.ma	412	395	192	386	183	217	242.12489168087	 10260	 4298 0.00543  14558  0
1006	00d.ma	412	395	307	330	143	220	341.7056274844	 32242	 9036 0.012077  40910  0
1007	00d.ma	412	395	114	119	340	133	368.00714267463	 24922	 17416 0.014324  42221  0
1008	00d.ma	412	395	296	245	46	240	340.64675298128	 18219	 9637 0.010283  27346  0
1009	00d.ma	412	395	253	134	113	31	368.17871554989	 16424	 30812 0.01309  46789  0
1010	00d.ma	412	395	193	297	117	220	263.73506473596	 13802	 10762 0.006457  24175  0
1011	00d.ma	412	395	316	149	101	88	372.10764773804	 19798	 28447 0.016087  47497  0
1012	00d.ma	412	395	309	228	67	138	334.57568516943	 17456	 11864 0.010807  28738  0
1013	00d.ma	412	395	343	58	147	199	376.2792206133	 20339	 15380 0.010429  35719  0
1014	00d.ma	412	395	99	157	245	180	229.20815280145	 7902	 6874 0.00474  14360  0
1015	00d.ma	412	395	299	340	141	210	339.2792206133	 30760	 10311 0.011973  40797  0
1016	00d.ma	412	395	181	183	254	23	373.2741699792	 24332	 26517 0.015273  50434  0
1017	00d.ma	412	395	226	236	104	144	244.79393923908	 10241	 9317 0.005566  19149  0
1018	00d.ma	412	395	292	225	44	140	331.47518010602	 14572	 13387 0.010672  27396  0
1019	00d.ma	412	395	149	108	289	199	359.2741699792	 20450	 28607 0.014075  48139  0
1020	00d.ma	412	395	332	58	71	262	403.49242404885	 13759	 12472 0.008829  26231  0
1021	00d.ma	412	395	152	158	199	358	276.1370849896	 6612	 10306 0.005826  16918  0
1022	00d.ma	412	395	209	283	90	226	270.83556979937	 14155	 10883 0.007087  24600  0
1023	00d.ma	412	395	63	237	345	231	400.2741699792	 14610	 16845 0.010976  30918  0
1024	00d.ma	412	395	47	118	331	153	376.16147160706	 21354	 13463 0.013413  34099  0
1025	00d.ma	412	395	256	337	151	157	272.37972567671	 8677	 5713 0.004687  13944  0
1026	00d.ma	412	395	84	173	388	138	407.67619023284	 20695	 6428 0.010161  26594  0
1027	00d.ma	412	395	146	162	307	92	379.39191898544	 23009	 22436 0.01261  44833  0
1028	00d.ma	412	395	227	107	205	145	373.9898987318	 30036	 31882 0.014714  61390  0
1029	00d.ma	412	395	173	152	241	386	276.75230867879	 3528	 7775 0.004366  10628  0
1030	00d.ma	412	395	208	208	69	17	372.77669529625	 10311	 28213 0.01169  37962  0
1031	00d.ma	412	395	38	96	115	303	382.21529547608	 26628	 5912 0.009719  32303  0
1032	00d.ma	412	395	20	171	343	163	390.32085117359	 15670	 14358 0.012435  29308  0
1033	00d.ma	412	395	219	297	118	244	276.55129855197	 19410	 7975 0.007195  27057  0
1034	00d.ma	412	395	319	362	151	201	358.8477631081	 30610	 10338 0.011859  40349  0
1035	00d.ma	412	395	62	214	313	242	356.78888860498	 11333	 22953 0.0128  33697  0
1036	00d.ma	412	395	79	68	276	100	377.96046148024	 31093	 11703 0.013303  42356  0
1037	00d.ma	412	395	49	93	291	192	380.58787847816	 30532	 19877 0.018104  49248  0
1038	00d.ma	412	395	140	74	263	190	380.60512242099	 35421	 26673 0.017061  61573  0
1039	00d.ma	412	395	172	65	267	121	379.75945135342	 34702	 22935 0.015023  57198  0
1040	00d.ma	412	395	205	369	136	161	280.23759005301	 10107	 6488 0.005959  16595  0
1041	00d.ma	412	395	43	171	329	238	362.01933598336	 13462	 16737 0.012347  28622  0
1042	00d.ma	412	395	223	175	102	165	203.79393923908	 5866	 7455 0.003997  12952  0
1043	00d.ma	412	395	242	156	73	232	248.94826817151	 6209	 8835 0.005086  14563  0
1044	00d.ma	412	395	25	203	358	139	405.63455967255	 16164	 14111 0.012309  29793  0
1045	00d.ma	412	395	145	254	343	353	337.57568516943	 7721	 24238 0.010406  31543  0
1046	00d.ma	412	395	112	297	188	283	258.97770542307	 3475	 14886 0.004341  17975  0
1047	00d.ma	412	395	196	11	197	226	383.34523779105	 28097	 18546 0.016287  46643  0
1048	00d.ma	412	395	340	352	132	197	361.47518010602	 28024	 10117 0.012079  37580  0
1049	00d.ma	412	395	109	209	215	315	277.62236636382	 9859	 15080 0.006615  24539  0
1050	00d.ma	412	395	110	121	292	243	335.7056274844	 16407	 23098 0.012812  38944  0
1051	00d.ma	412	395	121	135	297	254	339.33304448232	 14517	 24642 0.012256  38564  0
1052	00d.ma	412	395	257	15	186	190	387.48737341475	 27157	 25710 0.016409  52739  0
1053	00d.ma	412	395	235	341	130	190	284.20815280145	 14965	 7651 0.006544  22160  0
1054	00d.ma	412	395	97	236	326	306	362.58787847816	 9993	 32025 0.014946  41381  0
1055	00d.ma	412	395	52	161	356	202	391.61731572972	 17041	 17992 0.013755  34288  0
1056	00d.ma	412	395	123	153	321	253	343.9898987318	 10704	 25692 0.011845  35820  0
1057	00d.ma	412	395	108	221	308	325	358.23253941891	 11929	 32521 0.014233  44038  0
1058	00d.ma	412	395	160	205	246	345	289.90663761122	 6099	 20628 0.007618  26380  0
1059	00d.ma	412	395	148	290	25	65	391.34523779105	 7432	 26049 0.010187  33077  0
1060	00d.ma	412	395	331	150	48	104	388.50461735758	 15133	 26558 0.016142  40906  0
1061	00d.ma	412	395	138	271	191	86	390.61731572972	 14813	 28271 0.011894  42630  0
1062	00d.ma	412	395	146	169	242	378	287.89444430249	 5598	 11982 0.00646  16918  0
1063	00d.ma	412	395	256	199	27	200	294.83556979937	 8944	 12617 0.008483  21129  0
1064	00d.ma	412	395	91	247	267	317	332.71782079313	 9600	 19379 0.008629  28520  0
1065	00d.ma	412	395	180	106	137	259	390.37467504261	 27325	 16038 0.011267  42888  0
1066	00d.ma	412	395	313	212	14	154	381.43354954573	 17645	 16981 0.01397  33896  0
1067	00d.ma	412	395	152	195	231	365	290.37972567671	 7176	 16312 0.007473  22953  0
1068	00d.ma	412	395	267	35	195	176	392.40411229417	 27888	 28748 0.016061  56154  0
1069	00d.ma	412	395	310	128	94	70	391.5634918607	 18445	 31385 0.016486  49160  0
1070	00d.ma	412	395	71	127	335	181	385.44574285446	 19158	 21722 0.014932  40234  0
1071	00d.ma	412	395	154	46	146	280	391.64675298128	 28788	 12103 0.013104  40391  0
1072	00d.ma	412	395	355	346	156	275	346.71782079313	 25021	 7103 0.010647  31714  0
1073	00d.ma	412	395	375	160	47	94	426.69343417567	 4266	 26826 0.012677  30346  0
1074	00d.ma	412	395	93	204	179	297	287.87720035966	 14752	 12725 0.007344  27071  0
1075	00d.ma	412	395	378	380	162	134	376.4163056029	 13240	 8264 0.007292  21504  0
1076	00d.ma	412	395	163	247	144	356	270.29141392203	 4499	 11315 0.004142  15814  0
1077	00d.ma	412	395	168	248	184	12	396.96046148024	 16832	 28909 0.015807  45741  0
1078	00d.ma	412	395	124	308	314	318	347.9898987318	 4829	 32423 0.012086  37008  0
1079	00d.ma	412	395	347	77	66	268	426.14927829833	 13648	 14044 0.009302  27443  0
1080	00d.ma	412	395	70	171	282	294	324.06096654365	 11641	 15051 0.00928  26147  0
1081	00d.ma	412	395	74	246	371	96	432.46298679729	 16888	 14484 0.01101  30826  0
1082	00d.ma	412	395	281	215	109	75	357.5634918607	 23169	 27024 0.015432  49680  0
1083	00d.ma	412	395	68	153	310	272	351.2741699792	 13716	 19841 0.012616  32925  0
1084	00d.ma	412	395	136	277	324	354	352.16147160706	 6779	 29703 0.011352  36049  0
1085	00d.ma	412	395	170	173	298	54	390.462986797291	 28131	 25022 0.014472  52588  0
1086	00d.ma	412	395	63	265	349	91	431.36248173388	 15798	 13084 0.00969  28854  0
1087	00d.ma	412	395	391	127	45	185	430.03152929209	 5415	 19191 0.009674  23881  0
1088	00d.ma	412	395	228	241	26	204	302.36248173388	 12325	 13596 0.009135  25352  0
1089	00d.ma	412	395	78	250	313	297	371.83051916527	 10907	 32622 0.015888  43090  0
1090	00d.ma	412	395	382	154	70	173	431.96046148024	 5292	 26865 0.011637  31403  0
1091	00d.ma	412	395	60	90	267	224	341.81832585654	 20958	 17243 0.012821  37422  0
1092	00d.ma	412	395	126	111	250	252	312.8477631081	 16081	 21250 0.010688  36595  0
1093	00d.ma	412	395	82	135	246	216	295.43354954573	 10034	 15454 0.008032  24838  0
1094	00d.ma	412	395	225	144	222	11	401.77164466215	 23225	 32623 0.016141  55741  0
1095	00d.ma	412	395	334	268	45	237	383.83051916527	 25354	 9664 0.01396  34447  0
1096	00d.ma	412	395	83	185	209	297	284.20815280145	 13146	 12108 0.007021  24813  0
1097	00d.ma	412	395	29	205	304	255	375.51681066631	 14450	 20906 0.013683  34943  0
1098	00d.ma	412	395	246	231	131	100	305.01933598336	 19884	 16822 0.010346  36054  0
1099	00d.ma	412	395	66	179	245	306	318.49242404885	 13821	 12870 0.008279  26221  0
1100	00d.ma	412	395	153	106	259	217	315.33304448232	 12610	 23839 0.01028  35945  0
1101	00d.ma	412	395	240	142	230	109	407.03152929209	 35681	 32131 0.016176  67408  0
1102	00d.ma	412	395	54	138	319	257	362.5584412266	 13142	 19749 0.012723  32056  0
1103	00d.ma	412	395	346	146	6	145	415.73506473596	 12014	 18956 0.013208  30434  0
1104	00d.ma	412	395	350	214	31	221	422.37467504261	 19496	 16015 0.014027  34991  0
1105	00d.ma	412	395	17	192	236	240	306.46298679729	 13716	 10770 0.009174  23940  0
1106	00d.ma	412	395	274	46	193	200	402.78888860498	 28141	 32027 0.017313  59692  0
1107	00d.ma	412	395	235	279	43	170	314.07821048648	 12860	 15912 0.009569  28297  0
1108	00d.ma	412	395	145	290	180	105	410.03152929209	 13815	 27170 0.011216  40394  0
1109	00d.ma	412	395	366	199	135	136	408.61731572972	 23995	 23260 0.015679  46728  0
1110	00d.ma	412	395	312	196	66	91	399.90158697712	 24402	 32533 0.020111  56118  0
1111	00d.ma	412	395	261	138	64	8	412.8477631081	 16498	 29828 0.013351  45909  0
1112	00d.ma	412	395	298	221	88	83	371.94826817151	 23371	 26429 0.016065  49127  0
1113	00d.ma	412	395	328	360	147	285	363.26197667047	 30192	 6901 0.011152  36695  0
1114	00d.ma	412	395	69	162	213	176	220.35028842515	 10316	 4725 0.005126  14599  0
1115	00d.ma	412	395	176	30	265	123	411.83051916527	 36483	 24326 0.015806  60494  0
1116	00d.ma	412	395	58	235	197	275	305.87720035966	 13710	 15721 0.008632  29014  0
1117	00d.ma	412	395	216	187	52	206	237.39191898544	 6794	 10365 0.006392  16689  0
1118	00d.ma	412	395	111	158	300	301	341.06096654365	 10505	 20755 0.009585  30704  0
1119	00d.ma	412	395	47	161	381	202	421.617315729721	 18525	 17457 0.014156  35227  0
1120	00d.ma	412	395	195	95	149	288	410.78888860498	 28526	 14599 0.011937  42611  0
1121	00d.ma	412	395	277	180	17	54	415.04372260082	 17990	 29652 0.01692  47270  0
1122	00d.ma	412	395	265	205	83	50	389.77669529625	 22118	 33090 0.016405  54764  0
1123	00d.ma	412	395	22	76	116	312	416.842712474	 28033	 6352 0.010418  34004  0
1124	00d.ma	412	395	150	24	276	127	416.40411229417	 36312	 23096 0.016246  59038  0
1125	00d.ma	412	395	302	222	38	94	381.10259710394	 19534	 23661 0.016449  42342  0
1126	00d.ma	412	395	134	287	200	88	418.10259710394	 14296	 30322 0.012347  44141  0
1127	00d.ma	412	395	190	60	287	134	414.44574285446	 35970	 27815 0.016812  63259  0
1128	00d.ma	412	395	128	303	17	65	415.94321753741	 6912	 27291 0.010181  33858  0
1129	00d.ma	412	395	336	370	161	216	393.03152929209	 31322	 10036 0.011499  40925  0
1130	00d.ma	412	395	304	238	50	108	370.75945135342	 19820	 20309 0.015008  39458  0
1131	00d.ma	412	395	137	198	199	388	320.79393923908	 10443	 14769 0.008636  25212  0
1132	00d.ma	412	395	178	50	298	132	421.93102422868	 36312	 26328 0.017204  62277  0
1133	00d.ma	412	395	130	268	198	39	420.28636328793	 15088	 32443 0.014403  47042  0
1134	00d.ma	412	395	106	79	263	248	340.53405460914	 20302	 20429 0.012052  39764  0
1135	00d.ma	412	395	70	34	298	143	420.94826817151	 32061	 19655 0.016597  51194  0
1136	00d.ma	412	395	48	112	318	240	382.4163056029	 20061	 21402 0.016015  40547  0
1137	00d.ma	412	395	123	89	361	141	419.421356237001	 31745	 20895 0.017381  51999  0
1138	00d.ma	412	395	242	45	233	141	415.75945135342	 32753	 30053 0.016658  62458  0
1139	00d.ma	412	395	259	21	203	144	420.24473272764	 31172	 27560 0.015915  58346  0
1140	00d.ma	412	395	278	308	50	213	362.34523779105	 19484	 13414 0.011293  32421  0
1141	00d.ma	412	395	241	243	53	98	322.64675298128	 12585	 17622 0.00974  29559  0
1142	00d.ma	412	395	188	82	300	162	422.96046148024	 36198	 31654 0.018648  67153  0
1143	00d.ma	412	395	50	169	266	309	350.33304448232	 15803	 15398 0.010505  30702  0
1144	00d.ma	412	395	134	7	276	155	424.29141392203	 34675	 23865 0.016676  58106  0
1145	00d.ma	412	395	184	207	290	46	421.47518010602	 32989	 27668 0.017295  60242  0
1146	00d.ma	412	395	314	198	64	77	414.24473272764	 25038	 34427 0.020701  58710  0
1147	00d.ma	412	395	73	67	333	155	424.190908858621	 33332	 21391 0.01904  54291  0
1148	00d.ma	412	395	154	103	248	204	302.36248173388	 11547	 20310 0.008807  31213  0
1149	00d.ma	412	395	243	289	36	203	347.57568516943	 18435	 15238 0.011195  33115  0
1150	00d.ma	412	395	152	105	255	255	334.68838354157	 13024	 27042 0.011701  39254  0
1151	00d.ma	412	395	242	356	131	286	303.00714267463	 21571	 3930 0.006906  25189  0
1152	00d.ma	412	395	100	88	327	235	396.77669529625	 25795	 26641 0.01724  51774  0
1153	00d.ma	412	395	189	344	104	207	323.22034611018	 16686	 14614 0.008629  30909  0
1154	00d.ma	412	395	123	111	298	266	376.57568516943	 21079	 28883 0.014931  49166  0
1155	00d.ma	412	395	317	176	18	74	427.7005768503	 20180	 30932 0.019781  50324  0
1156	00d.ma	412	395	21	97	331	189	428.11479041267	 30340	 20565 0.020192  50093  0
1157	00d.ma	412	395	253	178	13	198	311.46298679729	 8076	 14127 0.008848  21760  0
1158	00d.ma	412	395	262	197	191	74	416.37467504261	 35022	 37873 0.019888  72563  0
1159	00d.ma	412	395	53	148	368	221	428.558441226601	 24565	 17056 0.015736  40900  0
1160	00d.ma	412	395	272	350	117	230	349.87720035966	 28739	 10654 0.011402  38845  0
1161	00d.ma	412	395	27	133	216	208	266.53405460914	 12824	 5468 0.006367  18292  0
1162	00d.ma	412	395	291	346	92	207	377.80613254781	 30918	 14664 0.014301  45113  0
1163	00d.ma	412	395	200	178	311	62	431.048773234921	 36687	 26384 0.016857  63011  0
1164	00d.ma	412	395	162	135	309	12	430.859956416831	 22526	 25436 0.013  47616  0
1165	00d.ma	412	395	202	138	270	33	431.85995641683	 30059	 31179 0.015854  60917  0
1166	00d.ma	412	395	104	136	274	315	351.67619023284	 12350	 18486 0.00889  30329  0
1167	00d.ma	412	395	294	317	75	177	386.78888860498	 31304	 18473 0.01677  49356  0
1168	00d.ma	412	395	18	121	359	111	438.93102422868	 26886	 10534 0.016557  36766  0
1169	00d.ma	412	395	223	279	49	194	318.86500705093	 16889	 15515 0.010204  31995  0
1170	00d.ma	412	395	285	187	75	35	431.10259710394	 24702	 35167 0.018299  59463  0
1171	00d.ma	412	395	82	173	220	319	309.2792206133	 13866	 14143 0.007833  27518  0
1172	00d.ma	412	395	344	225	79	124	433.73001410186	 23065	 25526 0.017317  47884  0
1173	00d.ma	412	395	61	178	340	305	393.34523779105	 14539	 28003 0.016964  41598  0
1174	00d.ma	412	395	47	141	303	288	381.31580053949	 17388	 20979 0.014051  37550  0
1175	00d.ma	412	395	149	112	237	186	284.19090885862	 13031	 15408 0.007688  27788  0
1176	00d.ma	412	395	257	321	97	204	327.20815280145	 19395	 12771 0.009041  31006  0
1177	00d.ma	412	395	81	255	361	310	407.88434303429	 9053	 32941 0.0161  41596  0
1178	00d.ma	412	395	178	217	284	15	438.31580053949	 30200	 28551 0.018247  58748  0
1179	00d.ma	412	395	263	102	217	72	432.75945135342	 29757	 37760 0.01629  67053  0
1180	00d.ma	412	395	66	23	304	145	437.94826817151	 32626	 20466 0.01705  52603  0
1181	00d.ma	412	395	191	170	322	71	438.190908858621	 37905	 25071 0.017138  62472  0
1182	00d.ma	412	395	117	146	199	294	312.39191898544	 15899	 16846 0.009184  32224  0
1183	00d.ma	412	395	319	279	137	126	389.073159852381	 34038	 17312 0.015541  50742  0
1184	00d.ma	412	395	270	307	32	173	366.33304448232	 16351	 16238 0.011527  32115  0
1185	00d.ma	412	395	8	171	244	175	301.66399692411	 13782	 6519 0.008197  19682  0
1186	00d.ma	412	395	141	50	317	156	432.04877323492	 35572	 26823 0.018511  61898  0
1187	00d.ma	412	395	259	247	32	86	354.80108191371	 14250	 19132 0.011603  32553  0
1188	00d.ma	412	395	268	240	105	52	369.63455967255	 22217	 27252 0.015304  48851  0
1189	00d.ma	412	395	46	164	236	312	346.97770542307	 17164	 13281 0.009374  30070  0
1190	00d.ma	412	395	106	106	207	195	238.65180361538	 11432	 8949 0.005503  19900  0
1191	00d.ma	412	395	325	22	178	180	441.274169979201	 24999	 32198 0.016033  56703  0
1192	00d.ma	412	395	225	268	107	92	329.62236636382	 17959	 20360 0.011244  37567  0
1193	00d.ma	412	395	117	145	337	303	393.24473272764	 13737	 32010 0.014669  44840  0
1194	00d.ma	412	395	360	197	9	143	449.80108191371	 20657	 24515 0.018616  44505  0
1195	00d.ma	412	395	156	369	120	211	341.9898987318	 15032	 15445 0.009052  30477  0
1196	00d.ma	412	395	360	230	56	122	440.45793616319	 19394	 29325 0.018078  48042  0
1197	00d.ma	412	395	191	62	112	309	445.18585822452	 34891	 11497 0.013814  45740  0
1198	00d.ma	412	395	245	228	56	67	341.9898987318	 14303	 22086 0.011304  35643  0
1199	00d.ma	412	395	175	47	320	135	444.44574285446	 36896	 27286 0.017816  63700  0
1200	00d.ma	412	395	72	138	281	315	363.34523779105	 14477	 16391 0.009712  30328  0
1201	00d.ma	412	395	73	99	244	262	351.20310216735	 20547	 19435 0.012324  39030  0
1202	00d.ma	412	395	95	72	346	196	441.23253941891	 35523	 24681 0.020035  59816  0
1203	00d.ma	412	395	352	62	176	153	446.806132547811	 22983	 29782 0.014602  52590  0
1204	00d.ma	412	395	51	21	288	187	446.10259710394	 34022	 23266 0.018107  56899  0
1205	00d.ma	412	395	287	273	132	98	395.74725804469	 31242	 26879 0.017161  57364  0
1206	00d.ma	412	395	32	50	332	139	449.71782079313	 31113	 18806 0.018683  49392  0
1207	00d.ma	412	395	133	95	361	207	442.4163056029	 34932	 25749 0.018867  60129  0
1208	00d.ma	412	395	103	122	244	309	351.32085117359	 15747	 18022 0.009708  33113  0
1209	00d.ma	412	395	287	264	68	103	395.44574285446	 25905	 26398 0.017408  51367  0
1210	00d.ma	412	395	22	224	343	285	420.80108191371	 12271	 29610 0.017554  41282  0
1211	00d.ma	412	395	122	86	251	176	315.73506473596	 25558	 13851 0.011207  38676  0
1212	00d.ma	412	395	215	174	137	123	257.97770542307	 10716	 14341 0.006582  24534  0
1213	00d.ma	412	395	83	233	384	155	486.74725804469	 30909	 11261 0.013934  41631  0
1214	00d.ma	412	395	303	145	69	8	450.7056274844	 21032	 32687 0.016742  53283  0
1215	00d.ma	412	395	229	90	271	180	452.03152929209	 35996	 40265 0.019604  75777  0
1216	00d.ma	412	395	368	44	151	150	455.291413922031	 22266	 23409 0.013381  45675  0
1217	00d.ma	412	395	40	119	391	193	454.62950903845	 27875	 18926 0.018826  46059  0
1218	00d.ma	412	395	98	14	111	303	451.64675298128	 32728	 10394 0.015125  42796  0
1219	00d.ma	412	395	31	172	388	172	484.20310216735	 30046	 4982 0.01312  34461  0
1220	00d.ma	412	395	341	181	25	76	450.52900397504	 22233	 33505 0.021738  55311  0
1221	00d.ma	412	395	324	253	83	82	414.2741699792	 27797	 27547 0.01818  54619  0
1222	00d.ma	412	395	53	86	253	183	326.01933598336	 23057	 9588 0.010996  32130  0
1223	00d.ma	412	395	230	243	53	76	340.09040379521	 13196	 22401 0.010758  34611  0
1224	00d.ma	412	395	321	195	32	58	449.28636328793	 24237	 34679 0.021752  58379  0
1225	00d.ma	412	395	111	220	365	379	429.94321753741	 13545	 29076 0.013704  42059  0
1226	00d.ma	412	395	337	226	130	85	453.20310216735	 25811	 40232 0.019645  65493  0
1227	00d.ma	412	395	97	219	225	376	353.10764773804	 12340	 19296 0.009113  31150  0
1228	00d.ma	412	395	218	347	93	257	352.07821048648	 22705	 11562 0.009067  33931  0
1229	00d.ma	412	395	306	233	163	70	413.24473272764	 33661	 33597 0.019196  66510  0
1230	00d.ma	412	395	70	271	178	306	352.34523779105	 14236	 20895 0.008807  34788  0
1231	00d.ma	412	395	369	77	170	150	460.29141392203	 22111	 33593 0.016124  55201  0
1232	00d.ma	412	395	282	185	185	17	460.28636328793	 33273	 38136 0.021005  71039  0
1233	00d.ma	412	395	236	295	67	114	354.91883091995	 16166	 18770 0.010208  34222  0
1234	00d.ma	412	395	178	17	288	185	460.45793616319	 38273	 32723 0.020988  70569  0
1235	00d.ma	412	395	329	279	129	106	409.90158697712	 34247	 22498 0.017233  55904  0
1236	00d.ma	412	395	328	40	202	176	458.333044482321	 25655	 37634 0.017216  62891  0
1237	00d.ma	412	395	345	361	101	247	433.04372260082	 34327	 13483 0.015386  47514  0
1238	00d.ma	412	395	97	187	210	363	334.96551211434	 14086	 16488 0.009198  29928  0
1239	00d.ma	412	395	80	184	180	338	340.63455967255	 17886	 15344 0.009391  32880  0
1240	00d.ma	412	395	98	189	299	370	385.60512242099	 13879	 29293 0.013481  42598  0
1241	00d.ma	412	395	103	170	190	343	335.32085117359	 16827	 16291 0.009838  32488  0
1242	00d.ma	412	395	61	249	315	344	436.24473272764	 15143	 35319 0.017655  50150  0
1243	00d.ma	412	395	317	135	45	14	466.989898731801	 20510	 32229 0.017648  52358  0
1244	00d.ma	412	395	390	170	69	198	493.65894629001	 11041	 28066 0.014487  38612  0
1245	00d.ma	412	395	237	362	100	185	336.35028842515	 17788	 12520 0.008924  29864  0
1246	00d.ma	412	395	243	189	88	69	322.66399692411	 11867	 25496 0.010992  36689  0
1247	00d.ma	412	395	251	61	130	267	462.587878478161	 33536	 22256 0.015289  55226  0
1248	00d.ma	412	395	64	83	345	206	454.31580053949	 38364	 23831 0.021787  61700  0
1249	00d.ma	412	395	166	55	349	162	465.445742854461	 38159	 28165 0.019438  65745  0
1250	00d.ma	412	395	291	145	229	46	463.65894629001	 33664	 35250 0.018082  68433  0
1251	00d.ma	412	395	310	323	38	178	425.232539418911	 33833	 19245 0.019545  52620  0
1252	00d.ma	412	395	115	303	225	380	343.00714267463	 3908	 21722 0.007005  24849  0
1253	00d.ma	412	395	316	132	66	8	469.50461735758	 21562	 33470 0.017372  54735  0
1254	00d.ma	412	395	43	106	242	160	309.2741699792	 20991	 7437 0.009841  27760  0
1255	00d.ma	412	395	126	23	257	226	388.87720035966	 29952	 24544 0.017416  53856  0
1256	00d.ma	412	395	74	176	264	330	363.421356237	 16820	 20171 0.010863  36275  0
1257	00d.ma	412	395	119	295	192	13	469.49956672348	 14244	 35969 0.016667  49743  0
1258	00d.ma	412	395	89	233	319	382	431.75945135342	 15023	 33346 0.015259  48042  0
1259	00d.ma	412	395	342	229	44	88	466.87214972556	 21985	 39538 0.022082  61016  0
1260	00d.ma	412	395	132	30	314	213	445.918830919951	 36977	 30814 0.020314  67208  0
1261	00d.ma	412	395	211	371	97	180	345.45079348856	 16696	 14651 0.009782  30870  0
1262	00d.ma	412	395	175	94	298	234	422.48737341475	 32843	 38962 0.019941  71200  0
1263	00d.ma	412	395	76	190	291	362	395.87720035966	 15695	 28669 0.014336  43829  0
1264	00d.ma	412	395	304	134	202	17	470.04372260082	 29069	 37392 0.017774  66117  0
1265	00d.ma	412	395	86	187	260	359	356.04877323492	 13338	 19353 0.009685  32277  0
1266	00d.ma	412	395	16	216	319	311	446.173664915791	 16441	 35502 0.021065  51622  0
1267	00d.ma	412	395	135	298	245	387	344.421356237	 4069	 23279 0.007533  27005  0
1268	00d.ma	412	395	346	78	194	198	469.16147160706	 23896	 43754 0.018631  67203  0
1269	00d.ma	412	395	321	44	201	145	470.889393668391	 27029	 36384 0.016834  63135  0
1270	00d.ma	412	395	39	220	322	334	445.75945135342	 16786	 35755 0.020077  52113  0
1271	00d.ma	412	395	156	105	219	174	286.09040379521	 13489	 14291 0.007211  27313  0
1272	00d.ma	412	395	195	314	46	196	366.22034611018	 20411	 18080 0.010383  38100  0
1273	00d.ma	412	395	45	248	281	323	419.53405460914	 15427	 32371 0.01682  47462  0
1274	00d.ma	412	395	76	159	244	324	345.97770542307	 16573	 15934 0.009093  32021  0
1275	00d.ma	412	395	188	71	330	199	475.972654788971	 39736	 33533 0.020234  72728  0
1276	00d.ma	412	395	56	242	271	334	400.60512242099	 14918	 30154 0.014859  44650  0
1277	00d.ma	412	395	55	229	262	325	383.49242404885	 14960	 26854 0.013293  41298  0
1278	00d.ma	412	395	268	127	257	51	469.07315985238	 34975	 34997 0.017161  69569  0
1279	00d.ma	412	395	344	176	189	95	476.658946290011	 35594	 37700 0.020601  72480  0
1280	00d.ma	412	395	166	74	233	196	324.8477631081	 25318	 21543 0.013325  46219  0
1281	00d.ma	412	395	284	110	223	150	480.20310216735	 27134	 47638 0.018131  74387  0
1282	00d.ma	412	395	346	336	118	144	431.38686835134	 36009	 15695 0.015942  51085  0
1283	00d.ma	412	395	39	103	216	278	351.40411229417	 22400	 13327 0.010641  35205  0
1284	00d.ma	412	395	309	73	181	252	479.67619023284	 29008	 34918 0.017992  63510  0
1285	00d.ma	412	395	305	218	150	31	446.03152929209	 33228	 36127 0.020612  68976  0
1286	00d.ma	412	395	248	106	276	181	480.73001410186	 34732	 46378 0.020021  80635  0
1287	00d.ma	412	395	85	251	367	357	451.71277015903	 12942	 34229 0.016386  46821  0
1288	00d.ma	412	395	43	240	351	331	452.42849891163	 14009	 35679 0.01999  49111  0
1289	00d.ma	412	395	352	128	188	103	480.931024228681	 31427	 37419 0.019947  68378  0
1290	00d.ma	412	395	354	121	175	54	478.416305602901	 26633	 38692 0.019146  64880  0
1291	00d.ma	412	395	331	132	209	52	481.587878478161	 31503	 37143 0.018461  68156  0
1292	00d.ma	412	395	304	296	61	99	416.21529547608	 25846	 23907 0.016591  48850  0
1293	00d.ma	412	395	102	46	311	258	434.40411229417	 34088	 29735 0.019729  63262  0
1294	00d.ma	412	395	283	177	233	14	483.19805153325	 35120	 35647 0.020752  70282  0
1295	00d.ma	412	395	271	388	95	232	391.54624791787	 27119	 12278 0.011957  38745  0
1296	00d.ma	412	395	317	208	164	109	465.730014101861	 43213	 34273 0.021802  76878  0
1297	00d.ma	412	395	42	141	183	306	363.20310216735	 21485	 14655 0.010319  35741  0
1298	00d.ma	412	395	309	367	68	175	430.16147160706	 33410	 19084 0.017305  52148  0
1299	00d.ma	412	395	318	324	41	138	439.801081913711	 33704	 22314 0.020266  55460  0
1300	00d.ma	412	395	204	77	346	164	484.546247917871	 37246	 33883 0.01935  70461  0
1301	00d.ma	412	395	127	166	335	343	436.93102422868	 14516	 38278 0.015748  52407  0
1302	00d.ma	412	395	57	56	273	273	407.07315985238	 27639	 22212 0.01594  48965  0
1303	00d.ma	412	395	52	27	264	247	410.51681066631	 28292	 20532 0.01568  48130  0
1304	00d.ma	412	395	232	160	34	95	319.85995641683	 7680	 23611 0.010546  30795  0
1305	00d.ma	412	395	257	295	70	80	400.71782079313	 23086	 28581 0.0159  50546  0
1306	00d.ma	412	395	235	60	313	130	487.10259710394	 37259	 34982 0.018684  71853  0
1307	00d.ma	412	395	261	242	208	83	408.51681066631	 39215	 30986 0.019888  69705  0
1308	00d.ma	412	395	210	374	93	260	383.63455967255	 24080	 13023 0.010019  36592  0
1309	00d.ma	412	395	29	214	339	331	462.28636328793	 17219	 36434 0.021737  53306  0
1310	00d.ma	412	395	174	172	384	108	488.81832585654	 45483	 20943 0.019513  65997  0
1311	00d.ma	412	395	144	216	383	167	501.30360723076	 43924	 13844 0.01731  57250  0
1312	00d.ma	412	395	141	284	275	78	493.002092040531	 25747	 33316 0.015932  58648  0
1313	00d.ma	412	395	252	52	277	176	481.801081913711	 35412	 39485 0.020419  74387  0
1314	00d.ma	412	395	243	226	193	40	386.21529547608	 31117	 29818 0.019273  60288  0
1315	00d.ma	412	395	91	181	290	387	393.96046148024	 13867	 24380 0.012  37385  0
1316	00d.ma	412	395	132	144	339	335	440.31580053949	 17248	 38998 0.016538  55500  0
1317	00d.ma	412	395	316	283	98	69	440.1320343555	 33709	 31821 0.020706  64790  0
1318	00d.ma	412	395	379	78	180	194	490.019335983361	 22467	 42973 0.018735  64916  0
1319	00d.ma	412	395	28	59	306	252	439.842712474	 30618	 25201 0.019986  54873  0
1320	00d.ma	412	395	151	72	211	261	364.26197667047	 27583	 25759 0.016803  52606  0
1321	00d.ma	412	395	273	238	206	56	426.38686835134	 37211	 32760 0.020822  69580  0
1322	00d.ma	412	395	227	51	330	147	495.274169979201	 36840	 34631 0.019008  70884  0
1323	00d.ma	412	395	333	67	206	226	493.64675298128	 27266	 38561 0.017871  65434  0
1324	00d.ma	412	395	247	104	308	129	495.34523779105	 35546	 40391 0.018718  75409  0
1325	00d.ma	412	395	375	206	169	81	494.286363287931	 29659	 39334 0.020301  68320  0
1326	00d.ma	412	395	257	312	104	69	411.11984104677	 25161	 27580 0.016726  51824  0
1327	00d.ma	412	395	25	60	331	247	459.842712474	 32386	 26163 0.023525  57695  0
1328	00d.ma	412	395	272	17	273	146	496.94321753741	 33939	 35828 0.019045  69454  0
1329	00d.ma	412	395	37	194	186	323	380.67619023284	 18741	 19296 0.010181  37664  0
1330	00d.ma	412	395	336	321	52	123	446.499566723481	 33017	 21923 0.020035  54233  0
1331	00d.ma	412	395	300	353	126	142	433.91883091995	 36659	 19895 0.017014  55933  0
1332	00d.ma	412	395	79	113	302	316	447.77164466215	 23184	 38629 0.019944  61251  0
1333	00d.ma	412	395	275	333	39	192	421.048773234921	 30938	 18917 0.016572  49392  0
1334	00d.ma	412	395	214	134	324	26	497.730014101861	 36091	 27983 0.016827  63944  0
1335	00d.ma	412	395	47	253	193	347	395.64675298128	 15053	 21245 0.009756  35989  0
1336	00d.ma	412	395	338	170	219	61	500.658946290011	 36038	 37820 0.019813  72943  0
1337	00d.ma	412	395	228	204	187	66	344.16147160706	 25560	 26933 0.015315  52005  0
1338	00d.ma	412	395	45	118	345	314	451.126983721401	 22079	 31412 0.020438  52624  0
1339	00d.ma	412	395	14	48	331	213	498.742207410591	 37779	 23645 0.022387  60936  0
1340	00d.ma	412	395	22	56	219	208	333.37467504261	 20230	 9109 0.009253  28859  0
1341	00d.ma	412	395	119	97	178	298	374.91883091995	 29948	 20309 0.015358  49588  0
1342	00d.ma	412	395	103	49	386	181	502.646752981281	 41540	 24438 0.022017  65523  0
1343	00d.ma	412	395	334	313	21	126	460.399061660071	 32558	 23142 0.021975  55188  0
1344	00d.ma	412	395	38	194	277	339	427.948268171511	 18837	 31487 0.016664  49897  0
1345	00d.ma	412	395	321	355	67	136	455.07315985238	 35786	 21985 0.019212  57280  0
1346	00d.ma	412	395	191	19	268	235	434.52900397504	 33367	 34978 0.022214  67931  0
1347	00d.ma	412	395	75	130	346	320	452.327993848221	 18686	 36676 0.019163  54736  0
1348	00d.ma	412	395	263	207	232	16	472.15642097296	 37477	 35119 0.022422  72113  0
1349	00d.ma	412	395	358	365	98	148	455.558441226601	 34243	 17539 0.017241  51268  0
1350	00d.ma	412	395	295	207	243	88	482.487373414751	 47161	 33857 0.021133  80593  0
1351	00d.ma	412	395	63	258	321	384	470.94321753741	 15395	 34645 0.016345  49710  0
1352	00d.ma	412	395	334	372	46	225	479.65894629001	 35487	 17747 0.018934  52960  0
1353	00d.ma	412	395	47	258	241	355	404.88939366839	 13326	 26299 0.012354  39216  0
1354	00d.ma	412	395	38	62	217	266	380.40411229417	 26821	 15032 0.012782  40825  0
1355	00d.ma	412	395	201	293	42	95	379.37467504261	 15844	 26775 0.01264  41928  0
1356	00d.ma	412	395	338	291	133	77	456.28636328793	 38936	 32360 0.02126  70517  0
1357	00d.ma	412	395	159	25	266	259	426.14422766423	 32662	 32782 0.02203  64720  0
1358	00d.ma	412	395	215	370	54	173	388.69343417567	 17917	 17686 0.010603  35209  0
1359	00d.ma	412	395	236	165	170	85	342.96046148024	 20573	 30792 0.013708  50794  0
1360	00d.ma	412	395	136	8	239	214	385.04877323492	 29469	 22197 0.017408  51139  0
1361	00d.ma	412	395	191	63	261	276	428.87214972556	 31953	 37492 0.021209  68732  0
1362	00d.ma	412	395	214	8	300	209	489.54119728377	 35355	 37460 0.02259  72390  0
1363	00d.ma	412	395	348	339	15	222	484.7005768503	 36551	 16819 0.022174  53081  0
1364	00d.ma	412	395	66	247	347	387	486.671139598741	 17092	 34354 0.017443  51153  0
1365	00d.ma	412	395	388	204	104	43	510.646752981281	 24545	 41587 0.022098  65666  0
1366	00d.ma	412	395	188	301	13	127	390.93102422868	 15304	 22892 0.011172  37462  0
1367	00d.ma	412	395	361	361	53	258	484.026478657991	 35509	 14755 0.018325  49951  0
1368	00d.ma	412	395	307	284	151	61	458.87214972556	 40439	 37962 0.023698  77898  0
1369	00d.ma	412	395	137	21	225	240	385.04877323492	 29869	 23741 0.018398  52837  0
1370	00d.ma	412	395	84	261	178	378	408.54624791787	 15674	 21934 0.009835  37261  0
1371	00d.ma	412	395	322	7	169	249	515.35743109978	 28428	 33608 0.018767  62016  0
1372	00d.ma	412	395	28	226	355	356	489.943217537411	 16861	 35947 0.021198  52586  0
1373	00d.ma	412	395	130	148	194	355	386.46298679729	 19364	 23169 0.013  42013  0
1374	00d.ma	412	395	123	31	353	224	512.445742854461	 43315	 26502 0.021049  69343  0
1375	00d.ma	412	395	368	358	126	166	464.60007178689	 35959	 14746 0.015169  50316  0
1376	00d.ma	412	395	211	267	24	61	390.68838354157	 14596	 26510 0.012602  40404  0
1377	00d.ma	412	395	365	195	161	31	517.043722600821	 30074	 41003 0.020921  70624  0
1378	00d.ma	412	395	126	13	370	162	514.362481733881	 40414	 26103 0.020726  66097  0
1379	00d.ma	412	395	293	252	208	97	464.558441226601	 47248	 34761 0.022394  81574  0
1380	00d.ma	412	395	190	107	255	179	385.85995641683	 31444	 33505 0.017332  64516  0
1381	00d.ma	412	395	228	358	57	189	399.906637611221	 22702	 17037 0.011018  39358  0
1382	00d.ma	412	395	303	383	45	242	463.90158697712	 33581	 15375 0.016607  48555  0
1383	00d.ma	412	395	223	222	87	20	363.07821048648	 14966	 27109 0.013405  41494  0
1384	00d.ma	412	395	150	67	197	282	393.88939366839	 31281	 28199 0.019311  58681  0
1385	00d.ma	412	395	48	18	223	222	376.26197667047	 26139	 12472 0.011724  38505  0
1386	00d.ma	412	395	259	225	250	91	444.78888860498	 45611	 31006 0.020151  76291  0
1387	00d.ma	412	395	168	242	356	60	520.81832585654	 38687	 26315 0.017781  64643  0
1388	00d.ma	412	395	372	204	127	23	521.688383541571	 27118	 42069 0.021232  68475  0
1389	00d.ma	412	395	361	141	225	60	520.546247917871	 33462	 37375 0.018911  70360  0
1390	00d.ma	412	395	281	147	285	14	519.60007178689	 37426	 33728 0.019353  70835  0
1391	00d.ma	412	395	20	201	366	337	489.126983721401	 17964	 37006 0.023597  54562  0
1392	00d.ma	412	395	223	114	264	250	442.67113959874	 30685	 48518 0.0211  78715  0
1393	00d.ma	412	395	282	145	306	67	522.1320343555	 43844	 32749 0.019013  76192  0
1394	00d.ma	412	395	274	88	279	75	518.700576850301	 37369	 36584 0.015912  73678  0
1395	00d.ma	412	395	219	278	35	59	395.81832585654	 16719	 27537 0.013535  43393  0
1396	00d.ma	412	395	231	377	48	252	419.26197667047	 25327	 13964 0.011668  38769  0
1397	00d.ma	412	395	81	121	331	337	472.01428534926	 21834	 39774 0.020059  61079  0
1398	00d.ma	412	395	359	233	189	77	522.25692603637	 31856	 41786 0.020462  73197  0
1399	00d.ma	412	395	189	304	94	77	396.77669529625	 20989	 33046 0.017137  53198  0
1400	00d.ma	412	395	111	137	210	376	396.35028842515	 18566	 21099 0.013241  39185  0
1401	00d.ma	412	395	43	111	303	340	473.2741699792	 28858	 36786 0.021694  65020  0
1402	00d.ma	412	395	345	341	102	98	479.48737341475	 38864	 26882 0.020514  65136  0
1403	00d.ma	412	395	216	377	50	153	407.5634918607	 18305	 18981 0.011729  36913  0
1404	00d.ma	412	395	112	78	307	329	475.060966543651	 36010	 41738 0.024234  77008  0
1405	00d.ma	412	395	135	283	303	92	528.872149725561	 31613	 32107 0.01648  63282  0
1406	00d.ma	412	395	297	42	278	173	528.35743109978	 33512	 44714 0.021072  77914  0
1407	00d.ma	412	395	66	99	191	315	399.85995641683	 28795	 20862 0.014727  49055  0
1408	00d.ma	412	395	65	9	330	217	526.00209204053	 41915	 26388 0.021516  67670  0
1409	00d.ma	412	395	150	383	80	259	424.80108191371	 20384	 17046 0.009937  36994  0
1410	00d.ma	412	395	366	311	14	123	481.06810921828	 30893	 21439 0.022299  51591  0
1411	00d.ma	412	395	242	311	172	73	432.03152929209	 34188	 32456 0.021381  65815  0
1412	00d.ma	412	395	154	155	382	160	532.78888860498	 51542	 16614 0.019354  67645  0
1413	00d.ma	412	395	378	192	131	18	529.374675042611	 27502	 41997 0.021404  68876  0
1414	00d.ma	412	395	388	377	114	156	479.055915909551	 31559	 15691 0.015182  46759  0
1415	00d.ma	412	395	60	42	243	156	373.96046148024	 29254	 10695 0.011944  39593  0
1416	00d.ma	412	395	124	151	377	371	481.742207410591	 16835	 34696 0.015686  51027  0
1417	00d.ma	412	395	67	205	334	386	499.62950903845	 19576	 36105 0.018396  55348  0
1418	00d.ma	412	395	184	57	364	228	526.71277015903	 41741	 30885 0.020418  72093  0
1419	00d.ma	412	395	202	66	236	277	428.44574285446	 32386	 40598 0.022137  72253  0
1420	00d.ma	412	395	114	7	292	272	480.36248173388	 37739	 32933 0.02333  70139  0
1421	00d.ma	412	395	355	356	60	122	487.055915909551	 35994	 23058 0.020742  58519  0
1422	00d.ma	412	395	20	73	324	301	484.783837970881	 32299	 33997 0.02425  65371  0
1423	00d.ma	412	395	61	268	246	390	432.10259710394	 13137	 28368 0.012532  41009  0
1424	00d.ma	412	395	216	272	26	43	410.78888860498	 16567	 27608 0.013649  43657  0
1425	00d.ma	412	395	193	81	244	298	437.54624791787	 32313	 40509 0.022174  72058  0
1426	00d.ma	412	395	223	24	239	217	415.11479041267	 31667	 33297 0.020782  64542  0
1427	00d.ma	412	395	203	342	80	113	409.30360723076	 23321	 21729 0.013586  44665  0
1428	00d.ma	412	395	230	241	223	49	418.00209204053	 37607	 31825 0.020693  68769  0
1429	00d.ma	412	395	238	294	73	39	432.23253941891	 24696	 33647 0.019297  57354  0
1430	00d.ma	412	395	50	120	174	340	409.24473272764	 25282	 17575 0.013261  42425  0
1431	00d.ma	412	395	195	7	248	201	414.10259710394	 32377	 28610 0.020093  60987  0
1432	00d.ma	412	395	251	242	233	27	446.81327522244	 38551	 32096 0.022519  70393  0
1433	00d.ma	412	395	187	355	42	131	414.68838354157	 17449	 22848 0.012717  39877  0
1434	00d.ma	412	395	133	33	286	300	458.4163056029	 35500	 33189 0.023135  67895  0
1435	00d.ma	412	395	308	86	266	99	536.28636328793	 32913	 42763 0.017412  75268  0
1436	00d.ma	412	395	42	19	282	279	486.943217537411	 37168	 28693 0.021265  65308  0
1437	00d.ma	412	395	247	195	207	17	409.73001410186	 28910	 32445 0.019687  61355  0
1438	00d.ma	412	395	169	51	286	304	457.57063453533	 34250	 38240 0.02349  71412  0
1439	00d.ma	412	395	228	59	284	258	489.315800539491	 36506	 46736 0.024041  82634  0
1440	00d.ma	412	395	242	185	160	10	394.74725804469	 22728	 33177 0.017865  55905  0
1441	00d.ma	412	395	176	109	280	302	463.842712474	 31610	 47484 0.023341  78238  0
1442	00d.ma	412	395	213	142	387	86	542.1320343555	 46950	 23205 0.020026  69689  0
1443	00d.ma	412	395	53	156	150	373	426.65894629001	 23648	 15930 0.012442  39293  0
1444	00d.ma	412	395	170	167	367	149	543.85995641683	 65980	 17240 0.023736  82617  0
1445	00d.ma	412	395	123	146	147	368	413.93102422868	 24224	 19007 0.013803  42703  0
1446	00d.ma	412	395	198	277	182	61	413.58787847816	 34055	 33018 0.020934  66577  0
1447	00d.ma	412	395	235	293	42	33	439.71782079313	 21365	 31683 0.017004  52296  0
1448	00d.ma	412	395	227	36	326	236	511.9848480977	 35640	 44443 0.023652  79604  0
1449	00d.ma	412	395	58	195	381	373	513.097546469841	 19724	 36146 0.020511  55521  0
1450	00d.ma	412	395	50	26	280	292	463.97265478897	 32980	 27052 0.019738  59419  0
1451	00d.ma	412	395	150	361	26	214	443.90158697712	 19286	 20535 0.010591  39496  0
1452	00d.ma	412	395	317	83	266	183	548.00209204053	 32632	 53578 0.021506  85758  0
1453	00d.ma	412	395	258	310	60	34	461.102597103941	 26058	 34823 0.020022  60156  0
1454	00d.ma	412	395	169	83	212	309	418.74725804469	 31715	 37729 0.021847  68408  0
1455	00d.ma	412	395	56	29	274	304	465.07315985238	 33655	 26802 0.019918  59741  0
1456	00d.ma	412	395	124	100	178	344	419.9898987318	 31067	 24350 0.017831  54854  0
1457	00d.ma	412	395	366	226	77	25	537.48737341475	 25516	 43894 0.022522  68920  0
1458	00d.ma	412	395	375	359	92	121	490.327993848221	 35330	 19769 0.018111  54496  0
1459	00d.ma	412	395	28	171	211	383	430.178715549891	 18441	 18532 0.010957  36640  0
1460	00d.ma	412	395	145	118	237	358	415.9898987318	 19729	 33309 0.01695  52430  0
1461	00d.ma	412	395	301	299	176	44	479.81327522244	 41862	 37237 0.024802  78432  0
1462	00d.ma	412	395	27	83	306	331	498.570634535331	 33069	 38910 0.023975  71157  0
1463	00d.ma	412	395	171	20	385	192	550.94321753741	 41562	 30749 0.021461  71872  0
1464	00d.ma	412	395	37	130	255	361	428.58787847816	 20573	 20847 0.012596  40984  0
1465	00d.ma	412	395	212	88	208	187	352.60512242099	 27917	 27957 0.014585  55440  0
1466	00d.ma	412	395	264	22	278	221	501.156420972961	 33453	 44107 0.023725  77078  0
1467	00d.ma	412	395	260	359	15	183	435.333044482321	 22184	 17691 0.012744  39459  0
1468	00d.ma	412	395	344	309	122	48	501.215295476081	 41933	 39355 0.025304  80479  0
1469	00d.ma	412	395	160	382	46	203	447.07315985238	 19608	 20903 0.01131  40184  0
1470	00d.ma	412	395	144	119	172	353	420.75945135342	 26373	 25741 0.016512  51440  0
1471	00d.ma	412	395	251	24	347	126	556.014285349261	 38546	 35828 0.019616  73951  0
1472	00d.ma	412	395	270	213	285	38	511.77164466215	 47032	 33033 0.023196  79677  0
1473	00d.ma	412	395	35	103	155	327	427.32799384822	 29178	 16894 0.01372  45643  0
1474	00d.ma	412	395	315	16	136	289	558.29855659666	 32567	 29806 0.018974  61965  0
1475	00d.ma	412	395	318	250	241	89	510.114790412671	 51534	 34412 0.022878  85571  0
1476	00d.ma	412	395	371	208	212	37	552.92597359458	 34477	 40495 0.021086  74245  0
1477	00d.ma	412	395	187	301	89	45	428.676190232841	 22748	 35734 0.019025  58124  0
1478	00d.ma	412	395	100	75	213	348	430.35028842515	 31712	 25519 0.018996  56556  0
1479	00d.ma	412	395	251	285	214	46	462.94321753741	 42973	 34860 0.024246  77102  0
1480	00d.ma	412	395	123	119	190	376	427.60512242099	 25796	 23578 0.016857  48651  0
1481	00d.ma	412	395	194	302	30	63	430.73001410186	 19470	 31333 0.015363  49966  0
1482	00d.ma	412	395	362	359	10	156	518.327993848221	 37475	 22714 0.023876  59911  0
1483	00d.ma	412	395	84	122	228	365	430.50461735758	 20126	 27631 0.015045  47268  0
1484	00d.ma	412	395	332	31	273	123	559.01428534926	 31407	 41456 0.017895  72503  0
1485	00d.ma	412	395	67	96	328	356	508.08535316111	 33617	 40328 0.024089  73488  0
1486	00d.ma	412	395	126	15	268	315	479.303607230761	 36878	 31752 0.024406  68016  0
1487	00d.ma	412	395	252	126	357	49	556.5584412266	 43197	 27934 0.018298  70740  0
1488	00d.ma	412	395	284	209	281	84	525.629509038451	 53795	 32910 0.022304  86327  0
1489	00d.ma	412	395	286	123	328	50	560.14422766423	 43220	 32319 0.017968  75168  0
1490	00d.ma	412	395	223	304	102	19	447.078210486481	 25924	 34214 0.021621  59466  0
1491	00d.ma	412	395	112	57	185	325	436.11984104677	 37030	 25797 0.020858  61794  0
1492	00d.ma	412	395	363	311	21	70	513.52395334094	 34320	 31145 0.025073  64456  0
1493	00d.ma	412	395	318	285	216	90	513.014285349261	 51225	 37331 0.024646  88270  0
1494	00d.ma	412	395	221	49	265	293	482.49956672348	 35083	 45512 0.0247  80013  0
1495	00d.ma	412	395	80	68	289	339	491.504617357581	 39178	 40502 0.025698  79125  0
1496	00d.ma	412	395	169	341	130	86	437.20310216735	 26112	 35205 0.019733  60681  0
1497	00d.ma	412	395	282	10	322	128	564.64170234718	 36059	 38663 0.01976  74474  0
1498	00d.ma	412	395	211	57	330	279	513.198051533251	 37126	 49767 0.025522  86475  0
1499	00d.ma	412	395	295	87	318	173	562.04372260082	 34560	 52519 0.02136  86720  0
1500	00d.ma	412	395	291	390	47	126	466.49956672348	 26964	 21343 0.015773  47020  0
1501	00d.ma	412	395	316	285	171	16	517.913780285851	 46281	 40551 0.027895  86249  0
1502	00d.ma	412	395	329	44	132	294	567.35743109978	 32032	 31068 0.01789  62758  0
1503	00d.ma	412	395	261	393	33	183	451.747258044691	 22277	 18124 0.01215  39399  0
1504	00d.ma	412	395	258	190	231	3	448.49956672348	 32265	 32740 0.020901  64503  0
1505	00d.ma	412	395	145	365	110	108	440.85995641683	 19181	 31543 0.016367  50212  0
1506	00d.ma	412	395	296	377	18	137	487.87214972556	 30748	 22117 0.01781  52199  0
1507	00d.ma	412	395	351	357	11	118	524.75440071932	 37607	 25829 0.024358  63042  0
1508	00d.ma	412	395	93	77	364	347	518.08535316111	 33363	 39597 0.022957  72231  0
1509	00d.ma	412	395	226	158	84	13	385.63455967255	 11807	 30723 0.011722  42132  0
1510	00d.ma	412	395	204	51	289	305	487.19805153325	 35506	 44759 0.03079  79789  0
1511	00d.ma	412	395	103	14	307	304	516.960461480241	 42630	 42210 0.027817  84222  0
1512	00d.ma	412	395	34	41	346	305	524.097546469841	 35917	 36825 0.025148  71838  0
1513	00d.ma	412	395	321	371	133	85	519.34523779105	 42161	 38326 0.02576  79862  0
1514	00d.ma	412	395	281	29	289	221	525.671139598741	 33170	 47822 0.023915  80614  0
1515	00d.ma	412	395	217	253	235	33	445.73001410186	 40085	 32738 0.022868  72489  0
1516	00d.ma	412	395	194	297	62	34	443.96046148024	 22419	 34563 0.018535  56491  0
1517	00d.ma	412	395	202	290	200	53	445.65894629001	 41077	 34900 0.023431  75392  0
1518	00d.ma	412	395	163	359	23	149	452.71782079313	 19228	 24315 0.012616  43174  0
1519	00d.ma	412	395	267	9	344	160	572.055915909551	 36918	 39403 0.021349  75618  0
1520	00d.ma	412	395	255	93	222	202	404.67619023284	 28494	 40132 0.01825  68212  0
1521	00d.ma	412	395	300	360	72	79	505.274169979201	 39960	 35853 0.024669  75333  0
1522	00d.ma	412	395	72	18	275	319	489.830519165271	 36662	 28802 0.022656  64694  0
1523	00d.ma	412	395	57	73	241	343	448.47518010602	 31341	 26445 0.018468  56906  0
1524	00d.ma	412	395	282	40	320	187	567.54119728377	 36685	 49043 0.023484  85225  0
1525	00d.ma	412	395	344	315	178	54	524.4112549688	 48816	 39519 0.02648  87905  0
1526	00d.ma	412	395	197	370	12	137	453.88939366839	 19261	 22374 0.012653  41204  0
1527	00d.ma	412	395	177	24	258	318	490.286363287931	 37538	 38149 0.026255  74837  0
1528	00d.ma	412	395	211	31	291	297	502.34018715695	 35871	 45320 0.025657  80616  0
1529	00d.ma	412	395	12	227	253	393	470.8477631081	 15916	 25903 0.01304  41239  0
1530	00d.ma	412	395	214	278	226	93	448.06096654365	 48785	 32867 0.022762  81098  0
1531	00d.ma	412	395	10	64	165	306	454.47012947192	 32050	 17468 0.014655  48687  0
1532	00d.ma	412	395	306	371	107	66	512.57568516943	 40840	 37683 0.026561  77731  0
1533	00d.ma	412	395	236	5	252	181	448.15642097296	 32922	 31718 0.020122  64242  0
1534	00d.ma	412	395	346	319	25	51	531.82546853117	 38819	 36034 0.026045  74101  0
1535	00d.ma	412	395	237	325	46	58	452.81832585654	 23839	 34129 0.018339  56812  0
1536	00d.ma	412	395	14	97	266	340	471.65894629001	 26952	 27655 0.017132  53775  0
1537	00d.ma	412	395	240	111	254	165	440.5584412266	 32835	 40702 0.017753  73131  0
1538	00d.ma	412	395	217	384	95	91	450.76450198752	 25920	 28391 0.01921  53544  0
1539	00d.ma	412	395	229	326	65	51	449.333044482321	 25865	 35143 0.01978  60328  0
1540	00d.ma	412	395	255	351	98	74	449.019335983361	 33885	 30468 0.021402  63547  0
1541	00d.ma	412	395	157	352	137	87	455.07315985238	 26398	 36421 0.019989  62259  0
1542	00d.ma	412	395	335	309	182	37	533.34018715695	 49536	 40854 0.027665  89901  0
1543	00d.ma	412	395	369	227	188	5	580.85490578273	 32322	 43471 0.022475  75225  0
1544	00d.ma	412	395	90	89	219	383	453.83556979937	 28874	 26217 0.019366  54358  0
1545	00d.ma	412	395	189	19	311	297	532.29855659666	 41039	 49778 0.029244  90378  0
1546	00d.ma	412	395	366	376	14	139	540.75440071932	 37033	 24770 0.024137  61435  0
1547	00d.ma	412	395	336	301	207	99	531.19805153325	 50814	 38088 0.024624  88621  0
1548	00d.ma	412	395	35	91	182	358	459.14422766423	 29753	 20217 0.016071  49578  0
1549	00d.ma	412	395	338	77	312	142	583.71782079313	 32516	 51739 0.019854  83891  0
1550	00d.ma	412	395	100	51	202	345	455.906637611221	 37305	 26664 0.021713  63489  0
1551	00d.ma	412	395	260	179	254	49	455.58787847816	 37400	 33394 0.019234  70452  0
1552	00d.ma	412	395	271	278	264	66	505.943217537411	 50952	 33134 0.024581  83692  0
1553	00d.ma	412	395	283	380	97	81	482.44574285446	 36207	 29151 0.022628  64683  0
1554	00d.ma	412	395	326	359	149	67	535.94321753741	 45335	 43724 0.028218  88572  0
1555	00d.ma	412	395	193	62	350	314	536.4112549688	 39059	 49427 0.025689  88139  0
1556	00d.ma	412	395	144	24	343	313	537.91378028585	 42607	 47619 0.028554  89737  0
1557	00d.ma	412	395	160	332	45	67	462.11479041267	 21113	 34567 0.017168  55244  0
1558	00d.ma	412	395	101	91	149	369	461.44574285446	 35047	 20151 0.018265  54737  0
1559	00d.ma	412	395	173	334	62	64	459.658946290011	 23426	 35905 0.018581  58888  0
1560	00d.ma	412	395	334	322	14	47	538.4112549688	 40146	 36359 0.026748  75865  0
1561	00d.ma	412	395	92	111	273	381	477.7005768503	 20762	 35892 0.018623  56230  0
1562	00d.ma	412	395	68	84	337	374	542.22748878481	 37436	 40532 0.025483  77452  0
1563	00d.ma	412	395	212	357	78	61	462.877200359661	 26545	 35441 0.020994  61417  0
1564	00d.ma	412	395	83	86	234	380	462.948268171511	 30175	 28825 0.020556  58326  0
1565	00d.ma	412	395	64	102	343	389	540.05591590955	 32800	 37652 0.023635  69860  0
1566	00d.ma	412	395	227	353	154	64	464.575685169431	 37343	 35324 0.024572  71942  0
1567	00d.ma	412	395	216	328	128	27	462.906637611221	 34701	 36232 0.024953  70243  0
1568	00d.ma	412	395	220	7	365	225	587.28131265383	 42297	 34362 0.022539  76143  0
1569	00d.ma	412	395	265	16	302	248	541.58282784406	 34544	 48857 0.025731  82994  0
1570	00d.ma	412	395	269	98	359	88	590.35743109978	 48737	 29662 0.019393  78024  0
1571	00d.ma	412	395	248	156	245	111	443.28636328793	 39675	 32975 0.016971  72048  0
1572	00d.ma	412	395	329	303	195	23	544.23968209354	 50057	 40734 0.028454  90238  0
1573	00d.ma	412	395	350	142	308	86	595.44574285446	 49433	 35024 0.019493  83981  0
1574	00d.ma	412	395	356	329	14	54	547.52395334094	 39411	 35531 0.026878  74250  0
1575	00d.ma	412	395	302	216	317	75	563.48737341475	 55453	 32384 0.02238  87503  0
1576	00d.ma	412	395	346	380	91	75	546.45793616319	 40105	 38975 0.02601  77862  0
1577	00d.ma	412	395	193	76	197	325	466.20310216735	 36909	 41668 0.023753  78021  0
1578	00d.ma	412	395	365	69	283	174	594.97265478897	 29806	 54888 0.021319  84351  0
1579	00d.ma	412	395	269	233	317	59	530.07315985238	 52684	 30988 0.023306  83298  0
1580	00d.ma	412	395	168	301	193	56	466.600071786891	 37203	 39620 0.023538  76066  0
1581	00d.ma	412	395	172	45	361	328	550.96760415487	 40840	 48342 0.026931  88752  0
1582	00d.ma	412	395	330	345	48	42	550.67113959874	 43354	 40179 0.027603  82997  0
1583	00d.ma	412	395	317	300	200	10	551.34018715695	 50652	 40686 0.029455  90897  0
1584	00d.ma	412	395	244	33	315	279	549.92597359458	 36774	 51733 0.02644  88165  0
1585	00d.ma	412	395	216	277	229	15	472.77164466215	 42647	 34733 0.025849  76878  0
1586	00d.ma	412	395	297	331	164	33	543.61731572972	 49915	 46638 0.031014  96207  0
1587	00d.ma	412	395	251	13	326	260	555.45288552909	 35395	 50098 0.026603  85067  0
1588	00d.ma	412	395	137	373	87	121	471.32799384822	 21399	 26792 0.015122  47821  0
1589	00d.ma	412	395	199	321	187	40	474.386868351341	 41696	 37240 0.02562  78131  0
1590	00d.ma	412	395	186	340	121	38	473.433549545731	 29575	 38856 0.023344  67815  0
1591	00d.ma	412	395	193	382	27	99	476.83051916527	 20184	 27738 0.016127  47487  0
1592	00d.ma	412	395	269	14	218	229	463.77164466215	 31624	 39205 0.022298  70481  0
1593	00d.ma	412	395	332	356	11	64	555.82546853117	 41149	 35130 0.026226  75799  0
1594	00d.ma	412	395	280	74	343	216	598.08535316111	 38743	 48124 0.022302  86279  0
1595	00d.ma	412	395	204	358	158	61	476.30360723076	 36225	 37875 0.025218  73527  0
1596	00d.ma	412	395	230	177	268	69	432.1320343555	 37708	 31924 0.018519  69255  0
1597	00d.ma	412	395	190	78	298	349	537.75945135342	 44562	 48512 0.028068  92700  0
1598	00d.ma	412	395	104	50	254	358	476.534054609141	 36575	 36056 0.025281  71926  0
1599	00d.ma	412	395	320	328	140	14	551.73001410186	 49382	 45374 0.031354  94288  0
1600	00d.ma	412	395	302	135	363	64	601.20310216735	 50240	 30726 0.01956  80544  0
1601	00d.ma	412	395	250	21	262	295	523.85490578273	 35335	 48246 0.027374  83027  0
1602	00d.ma	412	395	59	51	255	334	478.646752981281	 36976	 33274 0.022981  68986  0
1603	00d.ma	412	395	161	48	209	349	479.475180106021	 37953	 38065 0.025812  75065  0
1604	00d.ma	412	395	339	233	256	16	604.48232278065	 40144	 41345 0.023975  80791  0
1605	00d.ma	412	395	336	361	126	42	557.5584412266	 45477	 45439 0.030098  90437  0
1606	00d.ma	412	395	344	387	59	80	558.39906166007	 39137	 37007 0.025408  75531  0
1607	00d.ma	412	395	198	356	50	53	482.30360723076	 24761	 35302 0.020008  59307  0
1608	00d.ma	412	395	117	12	353	327	556.87214972556	 43150	 45721 0.028837  88403  0
1609	00d.ma	412	395	193	387	26	99	482.83051916527	 20226	 27785 0.016391  47561  0
1610	00d.ma	412	395	201	80	206	335	478.818325856541	 36845	 43534 0.024288  79843  0
1611	00d.ma	412	395	197	65	188	332	485.487373414751	 39557	 41558 0.025067  80522  0
1612	00d.ma	412	395	55	85	161	379	486.5584412266	 34082	 20482 0.018204  54065  0
1613	00d.ma	412	395	21	56	161	335	485.641702347181	 34191	 21482 0.017078  55062  0
1614	00d.ma	412	395	269	34	257	286	526.39906166007	 33746	 50949 0.026392  84252  0
1615	00d.ma	412	395	286	44	290	259	557.01428534926	 34629	 53063 0.02493  87371  0
1616	00d.ma	412	395	54	7	329	323	560.77164466215	 42818	 43072 0.028567  85006  0
1617	00d.ma	412	395	165	77	158	355	483.94321753741	 40230	 32867 0.023073  72563  0
1618	00d.ma	412	395	282	28	286	261	559.9848480977	 35159	 52360 0.026105  87187  0
1619	00d.ma	412	395	255	262	291	49	517.35743109978	 52173	 31826 0.024599  83619  0
1620	00d.ma	412	395	23	91	355	383	560.96760415487	 32374	 38018 0.024844  70032  0
1621	00d.ma	412	395	170	340	122	31	487.475180106021	 29401	 39606 0.024867  68407  0
1622	00d.ma	412	395	37	42	261	330	498.617315729721	 36869	 33686 0.02288  69683  0
1623	00d.ma	412	395	255	211	303	111	515.00209204053	 58580	 29583 0.022404  87853  0
1624	00d.ma	412	395	195	361	14	66	490.45793616319	 22297	 31332 0.017439  52950  0
1625	00d.ma	412	395	205	83	163	321	487.043722600821	 40778	 40355 0.023936  80562  0
1626	00d.ma	412	395	63	68	218	385	488.190908858621	 33118	 27523 0.021448  59975  0
1627	00d.ma	412	395	174	49	241	345	485.658946290011	 37556	 41603 0.026564  78117  0
1628	00d.ma	412	395	136	34	169	337	487.688383541571	 40130	 31337 0.024489  70793  0
1629	00d.ma	412	395	91	48	198	370	489.291413922031	 38286	 27930 0.023065  65549  0
1630	00d.ma	412	395	115	35	261	355	495.261976670471	 39583	 39282 0.028146  77996  0
1631	00d.ma	412	395	359	326	207	57	568.21024484198	 49787	 39706 0.026255  89172  0
1632	00d.ma	412	395	225	296	247	25	506.52900397504	 46619	 35593 0.026372  81722  0
1633	00d.ma	412	395	213	110	356	317	570.38181771724	 38324	 50750 0.0239  88876  0
1634	00d.ma	412	395	326	328	172	11	570.47012947192	 50473	 44430 0.030989  94610  0
1635	00d.ma	412	395	127	43	187	362	492.50461735758	 39543	 31667 0.024865  70623  0
1636	00d.ma	412	395	200	68	161	324	490.428498911631	 41775	 39022 0.024431  79945  0
1637	00d.ma	412	395	40	51	340	368	572.1269837214	 38864	 42103 0.027337  80566  0
1638	00d.ma	412	395	236	342	158	32	490.960461480241	 41306	 37881 0.02745  78433  0
1639	00d.ma	412	395	160	77	168	370	489.80108191371	 39057	 32690 0.023421  71171  0
1640	00d.ma	412	395	46	71	257	373	491.4163056029	 31495	 30842 0.02121  61647  0
1641	00d.ma	412	395	146	67	179	378	495.68838354157	 38870	 32308 0.024358  70626  0
1642	00d.ma	412	395	133	36	192	357	494.918830919951	 39595	 33783 0.025804  72504  0
1643	00d.ma	412	395	319	258	297	59	574.57063453533	 53976	 33581 0.023813  87256  0
1644	00d.ma	412	395	287	255	304	48	568.11479041267	 53946	 33805 0.024296  87359  0
1645	00d.ma	412	395	170	320	91	6	495.374675042611	 27503	 36640 0.022613  63619  0
1646	00d.ma	412	395	243	32	201	288	495.77164466215	 36710	 48653 0.026888  84930  0
1647	00d.ma	412	395	191	91	291	361	539.62950903845	 43092	 47300 0.027761  89929  0
1648	00d.ma	412	395	147	381	34	91	497.05591590955	 18608	 32331 0.016692  50461  0
1649	00d.ma	412	395	239	329	147	16	494.747258044691	 41601	 39004 0.028517  79787  0
1650	00d.ma	412	395	229	361	40	44	496.717820793131	 28055	 34643 0.021394  61865  0
1651	00d.ma	412	395	219	255	297	80	498.54624791787	 54683	 30832 0.02321  85210  0
1652	00d.ma	412	395	353	343	118	7	578.28636328793	 47000	 44895 0.030593  91456  0
1653	00d.ma	412	395	95	10	293	350	555.16147160706	 45359	 46136 0.032125  90992  0
1654	00d.ma	412	395	156	9	362	326	578.75440071932	 42888	 49151 0.029672  91701  0
1655	00d.ma	412	395	346	338	77	14	571.25692603637	 45466	 44458 0.029787  89304  0
1656	00d.ma	412	395	267	380	88	53	507.546247917871	 37143	 37593 0.02684  74155  0
1657	00d.ma	412	395	270	240	334	88	554.7005768503	 58314	 30105 0.02355  88200  0
1658	00d.ma	412	395	52	64	207	389	499.747258044691	 33842	 24752 0.020981  57957  0
1659	00d.ma	412	395	210	355	155	33	497.575685169431	 38718	 39143 0.027248  77017  0
1660	00d.ma	412	395	122	34	272	366	514.717820793131	 40930	 41420 0.02951  81693  0
1661	00d.ma	412	395	251	192	322	78	506.303607230761	 49262	 29549 0.020223  78461  0
1662	00d.ma	412	395	19	59	258	365	506.428498911631	 31026	 29861 0.02039  59926  0
1663	00d.ma	412	395	172	24	344	344	581.51176003221	 44583	 49617 0.030612  93855  0
1664	00d.ma	412	395	240	382	26	67	505.073159852381	 26274	 30280 0.019604  55243  0
1665	00d.ma	412	395	76	28	275	352	528.06096654365	 41980	 42391 0.029705  83673  0
1666	00d.ma	412	395	152	334	87	35	488.173664915791	 24476	 38120 0.020544  62150  0
1667	00d.ma	412	395	185	94	330	378	580.91378028585	 45749	 46281 0.028077  91584  0
1668	00d.ma	412	395	255	81	344	299	581.34018715695	 36232	 52199 0.023844  88209  0
1669	00d.ma	412	395	279	374	29	55	526.32799384822	 36059	 33379 0.023504  68713  0
1670	00d.ma	412	395	236	372	180	62	504.759451353421	 40520	 38199 0.026694  78220  0
1671	00d.ma	412	395	252	170	294	93	496.487373414751	 48312	 31139 0.019451  79096  0
1672	00d.ma	412	395	341	81	347	172	634.14422766423	 33999	 54444 0.021167  88080  0
1673	00d.ma	412	395	281	214	366	75	592.31580053949	 57842	 29459 0.022441  87016  0
1674	00d.ma	412	395	301	89	245	175	489.244732727641	 30511	 47420 0.019674  77568  0
1675	00d.ma	412	395	208	187	278	44	431.03152929209	 36045	 30122 0.018428  65745  0
1676	00d.ma	412	395	263	340	213	79	521.617315729721	 49168	 42208 0.027551  90834  0
1677	00d.ma	412	395	285	36	226	279	522.5584412266	 32631	 52617 0.025917  84845  0
1678	00d.ma	412	395	217	15	339	321	583.49451608938	 41541	 50528 0.028866  91730  0
1679	00d.ma	412	395	316	10	235	230	518.22748878481	 29565	 45925 0.022919  75343  0
1680	00d.ma	412	395	194	43	359	350	586.18080759042	 42903	 48531 0.028226  91068  0
1681	00d.ma	412	395	181	364	140	34	511.374675042611	 34058	 41339 0.026519  74865  0
1682	00d.ma	412	395	124	53	251	390	510.090403795211	 38230	 36706 0.027482  74344  0
1683	00d.ma	412	395	203	366	191	58	510.173664915791	 40375	 40054 0.026644  79733  0
1684	00d.ma	412	395	168	85	161	382	512.7005768503	 40670	 33934 0.02446  74118  0
1685	00d.ma	412	395	273	224	367	69	582.00209204053	 57913	 28708 0.022881  86323  0
1686	00d.ma	412	395	330	12	311	226	605.78383797088	 32623	 53747 0.024846  86017  0
1687	00d.ma	412	395	261	51	249	317	539.043722600821	 36081	 51514 0.026949  87155  0
1688	00d.ma	412	395	236	111	290	318	579.75945135342	 43084	 51651 0.025436  94381  0
1689	00d.ma	412	395	289	383	131	37	539.48737341475	 42670	 41429 0.030632  83387  0
1690	00d.ma	412	395	364	326	219	114	588.35238046568	 50585	 38511 0.023519  88731  0
1691	00d.ma	412	395	252	380	133	44	513.232539418911	 38711	 39598 0.02847  77728  0
1692	00d.ma	412	395	139	36	286	381	539.97265478897	 41357	 43391 0.030731  84173  0
1693	00d.ma	412	395	249	69	211	320	514.303607230761	 37308	 51650 0.026016  88600  0
1694	00d.ma	412	395	214	33	240	325	513.629509038451	 39606	 47870 0.028073  86809  0
1695	00d.ma	412	395	369	346	165	21	593.381817717239	 48773	 43537 0.029559  91961  0
1696	00d.ma	412	395	225	208	324	47	490.031529292091	 45311	 27935 0.020371  72823  0
1697	00d.ma	412	395	298	356	203	31	574.29855659666	 50126	 45641 0.031516  95431  0
1698	00d.ma	412	395	286	393	43	52	543.08535316111	 37537	 34758 0.025659  71773  0
1699	00d.ma	412	395	148	24	333	371	593.42849891163	 48365	 47696 0.032564  95675  0
1700	00d.ma	412	395	126	41	354	390	595.01428534926	 47987	 43312 0.030926  90748  0
1701	00d.ma	412	395	39	48	177	375	519.5584412266	 35803	 24082 0.020218  59428  0
1702	00d.ma	412	395	178	106	243	376	520.345237791051	 37165	 42404 0.02536  78924  0
1703	00d.ma	412	395	290	372	178	38	554.39906166007	 47112	 44448 0.031886  91070  0
1704	00d.ma	412	395	367	366	143	55	570.2691193451	 44490	 44333 0.028162  88376  0
1705	00d.ma	412	395	92	44	150	376	518.75945135342	 39230	 24082 0.021879  62950  0
1706	00d.ma	412	395	206	21	278	340	557.74220741059	 44442	 50971 0.031564  94879  0
1707	00d.ma	412	395	186	11	237	336	517.972654788971	 38948	 46308 0.030005  84648  0
1708	00d.ma	412	395	346	83	243	208	525.54624791787	 27109	 54547 0.021678  81206  0
1709	00d.ma	412	395	362	337	217	45	595.423448277529	 50050	 40674 0.026961  90386  0
1710	00d.ma	412	395	214	64	295	361	569.52900397504	 44608	 49718 0.029476  93932  0
1711	00d.ma	412	395	246	151	287	48	490.114790412671	 38709	 33116 0.018104  71483  0
1712	00d.ma	412	395	231	174	308	85	481.002092040531	 45981	 29370 0.019221  74929  0
1713	00d.ma	412	395	250	90	173	313	523.629509038451	 37962	 50067 0.024586  87571  0
1714	00d.ma	412	395	314	87	322	263	599.95541084614	 33006	 55838 0.022493  88629  0
1715	00d.ma	412	395	323	16	356	191	649.99704140643	 35709	 49701 0.02279  85009  0
1716	00d.ma	412	395	270	372	85	35	522.374675042611	 39609	 39975 0.028636  79087  0
1717	00d.ma	412	395	289	211	384	79	619.5584412266	 58568	 28826 0.021765  87105  0
1718	00d.ma	412	395	307	293	280	21	588.65389565591	 53324	 35508 0.027199  88385  0
1719	00d.ma	412	395	98	11	235	370	525.462986797291	 39935	 37354 0.029106  76689  0
1720	00d.ma	412	395	309	349	206	13	598.168614281689	 50735	 46436 0.032183  96898  0
1721	00d.ma	412	395	314	280	309	56	606.81327522244	 55005	 34784 0.024534  89542  0
1722	00d.ma	412	395	124	13	357	371	604.42849891163	 47629	 46381 0.032177  93624  0
1723	00d.ma	412	395	260	391	121	35	531.57568516943	 38577	 41433 0.030141  79468  0
1724	00d.ma	412	395	211	73	328	377	602.428498911629	 45877	 48025 0.028937  93562  0
1725	00d.ma	412	395	339	77	252	268	565.14422766423	 30270	 58003 0.024503  88048  0
1726	00d.ma	412	395	236	374	203	97	528.51681066631	 43758	 38970 0.02602  82027  0
1727	00d.ma	412	395	208	361	51	6	529.747258044691	 29756	 37317 0.024026  66505  0
1728	00d.ma	412	395	191	303	251	19	528.298556596661	 50727	 38050 0.028759  88390  0
1729	00d.ma	412	395	270	337	209	16	554.74220741059	 51097	 43334 0.031712  94046  0
1730	00d.ma	412	395	149	348	176	29	528.54119728377	 36033	 44464 0.027199  79811  0
1731	00d.ma	412	395	189	15	235	353	531.38686835134	 40201	 46028 0.030509  85594  0
1732	00d.ma	412	395	237	13	286	321	589.25692603637	 43041	 52274 0.030321  95051  0
1733	00d.ma	412	395	13	51	354	388	609.10973977857	 37469	 41006 0.027232  78157  0
1734	00d.ma	412	395	205	17	251	328	529.357431099781	 41181	 48905 0.030262  89583  0
1735	00d.ma	412	395	373	80	306	222	623.07315985238	 30344	 57933 0.022062  88014  0
1736	00d.ma	412	395	36	42	267	388	543.11479041267	 35258	 35701 0.025439  70312  0
1737	00d.ma	412	395	300	52	289	290	578.22748878481	 33776	 54627 0.025024  88146  0
1738	00d.ma	412	395	379	380	166	42	610.938166903309	 44961	 45312 0.029016  89874  0
1739	00d.ma	412	395	292	14	208	190	457.386868351341	 28766	 36989 0.019256  65323  0
1740	00d.ma	412	395	240	160	302	43	495.700576850301	 39935	 31343 0.018374  70943  0
1741	00d.ma	412	395	325	173	382	94	658.94321753741	 58563	 30711 0.021047  89024  0
1742	00d.ma	412	395	285	378	90	9	560.17366491579	 43400	 43576 0.032809  86505  0
1743	00d.ma	412	395	238	193	331	21	518.043722600821	 43880	 28350 0.02057  71799  0
1744	00d.ma	412	395	179	9	192	352	535.97265478897	 41956	 42666 0.030533  84000  0
1745	00d.ma	412	395	181	12	227	361	535.75945135342	 40438	 44634 0.031013  84061  0
1746	00d.ma	412	395	127	14	258	374	537.23253941891	 42853	 41845 0.03173  83957  0
1747	00d.ma	412	395	366	57	261	239	574.38686835134	 28329	 57545 0.023782  85559  0
1748	00d.ma	412	395	291	111	238	287	561.90158697712	 31379	 58256 0.0238  89396  0
1749	00d.ma	412	395	28	54	167	388	536.08535316111	 35445	 23046 0.019618  58060  0
1750	00d.ma	412	395	197	372	43	18	536.61731572972	 27582	 37731 0.023493  64714  0
1751	00d.ma	412	395	335	273	311	37	619.89653634302	 54636	 34033 0.025095  88456  0
1752	00d.ma	412	395	257	41	336	329	618.31074990539	 40593	 51813 0.027509  91916  0
1753	00d.ma	412	395	222	240	336	21	538.28636328793	 50810	 28820 0.023433  79178  0
1754	00d.ma	412	395	310	94	367	231	663.51176003221	 38420	 52097 0.021247  90149  0
1755	00d.ma	412	395	143	273	397	166	665.984848097699	 63177	 22858 0.021957  85587  0
1756	00d.ma	412	395	210	95	298	389	578.884343034289	 43403	 46669 0.028471  89618  0
1757	00d.ma	412	395	187	27	167	359	540.05591590955	 44574	 39122 0.028625  83151  0
1758	00d.ma	412	395	366	83	356	162	664.83051916527	 33313	 55844 0.021212  88837  0
1759	00d.ma	412	395	320	173	388	109	666.156420972959	 60124	 29683 0.021305  89575  0
1760	00d.ma	412	395	302	24	391	207	667.310749905389	 38169	 46378 0.022045  83745  0
1761	00d.ma	412	395	225	286	291	112	558.17366491579	 58562	 31230 0.023829  89550  0
1762	00d.ma	412	395	213	7	203	349	544.49956672348	 41398	 46797 0.031445  87415  0
1763	00d.ma	412	395	392	192	301	109	667.813275222439	 52766	 36925 0.020515  89067  0
1764	00d.ma	412	395	277	296	323	53	590.81327522244	 56215	 32208 0.025027  88189  0
1765	00d.ma	412	395	259	35	198	319	542.771644662151	 37874	 52481 0.02799  90030  0
1766	00d.ma	412	395	212	325	274	65	545.546247917871	 54220	 36180 0.026734  90011  0
1767	00d.ma	412	395	171	379	180	37	544.08535316111	 37213	 44470 0.028506  81209  0
1768	00d.ma	412	395	230	103	294	366	588.67113959874	 43278	 50357 0.027452  93213  0
1769	00d.ma	412	395	238	26	206	339	542.185858224521	 39587	 49735 0.029401  88878  0
1770	00d.ma	412	395	366	50	240	235	561.21529547608	 27008	 56023 0.023161  82612  0
1771	00d.ma	412	395	226	20	261	334	555.74220741059	 41537	 51627 0.030597  92875  0
1772	00d.ma	412	395	314	30	253	300	585.39906166007	 32730	 56063 0.027006  88476  0
1773	00d.ma	412	395	364	48	253	199	553.20310216735	 26891	 50928 0.020922  77346  0
1774	00d.ma	412	395	195	368	209	28	547.08535316111	 43216	 43265 0.030101  85818  0
1775	00d.ma	412	395	241	157	318	96	515.52900397504	 49697	 29694 0.019745  79039  0
1776	00d.ma	412	395	363	375	219	93	625.896536343019	 47828	 43743 0.026908  91159  0
1777	00d.ma	412	395	227	167	326	85	503.173664915791	 47752	 28447 0.01958  75755  0
1778	00d.ma	412	395	225	382	214	54	547.51681066631	 43852	 42475 0.029289  85775  0
1779	00d.ma	412	395	392	384	143	27	625.796031279609	 44633	 46089 0.030013  90303  0
1780	00d.ma	412	395	292	113	336	278	626.16861428169	 33334	 55565 0.023135  88688  0
1781	00d.ma	412	395	263	307	308	12	597.99704140643	 55120	 33456 0.027918  88288  0
1782	00d.ma	412	395	271	261	359	57	592.25692603637	 57975	 29536 0.02465  87248  0
1783	00d.ma	412	395	255	290	328	27	591.47012947192	 56512	 31938 0.026954  88199  0
1784	00d.ma	412	395	166	375	172	25	552.01428534926	 37352	 45114 0.029117  81653  0
1785	00d.ma	412	395	136	377	143	25	553.25692603637	 30490	 43785 0.025775  73748  0
1786	00d.ma	412	395	276	46	358	311	626.35238046568	 36667	 52407 0.025445  88763  0
1787	00d.ma	412	395	341	382	155	6	628.641702347179	 48267	 49546 0.035044  97429  0
1788	00d.ma	412	395	387	363	213	88	625.281312653829	 46857	 42722 0.025428  89103  0
1789	00d.ma	412	395	346	34	343	222	677.683332907469	 35893	 52373 0.023771  87947  0
1790	00d.ma	412	395	363	306	276	39	628.66608896464	 52355	 36494 0.025261  88548  0
1791	00d.ma	412	395	318	348	258	44	629.61226509562	 51483	 43154 0.028912  94339  0
1792	00d.ma	412	395	217	298	308	88	556.68838354157	 57284	 31996 0.024607  89069  0
1793	00d.ma	412	395	316	220	387	101	654.943217537409	 59954	 29529 0.021802  89257  0
1794	00d.ma	412	395	206	22	375	367	632.849855148629	 43796	 48618 0.029625  91975  0
1795	00d.ma	412	395	191	18	207	384	557.73001410186	 43234	 42046 0.031252  84716  0
1796	00d.ma	412	395	274	279	343	33	600.85490578273	 56360	 31193 0.0261  87304  0
1797	00d.ma	412	395	336	49	241	163	525.215295476081	 28966	 44181 0.018658  72989  0
1798	00d.ma	412	395	248	21	336	345	633.595021152789	 43080	 51342 0.029651  93944  0
1799	00d.ma	412	395	205	320	282	75	553.931024228681	 55050	 35694 0.025922  90413  0
1800	00d.ma	412	395	356	32	250	187	552.972654788971	 27574	 47678 0.020554  74858  0
1801	00d.ma	412	395	313	361	237	11	633.653895655909	 51062	 45521 0.03214  96194  0
1802	00d.ma	412	395	248	11	346	342	638.879292400189	 42142	 51365 0.029594  92932  0
1803	00d.ma	412	395	298	95	183	289	559.35743109978	 33973	 56581 0.024652  90255  0
1804	00d.ma	412	395	218	36	182	372	560.9848480977	 46020	 43252 0.030023  88428  0
1805	00d.ma	412	395	304	248	369	44	634.81327522244	 56610	 31319 0.024018  87680  0
1806	00d.ma	412	395	271	55	179	311	548.842712474001	 38066	 52989 0.026731  90624  0
1807	00d.ma	412	395	205	81	137	385	560.9848480977	 46064	 37734 0.026161  83389  0
1808	00d.ma	412	395	200	310	283	52	549.90158697712	 54335	 35580 0.026808  89629  0
1809	00d.ma	412	395	365	59	351	193	670.01428534926	 33870	 54962 0.02275  88559  0
1810	00d.ma	412	395	281	60	233	320	559.203102167351	 36090	 54794 0.026647  90579  0
1811	00d.ma	412	395	323	96	323	292	641.511760032209	 34393	 55515 0.023418  89628  0
1812	00d.ma	412	395	53	19	150	385	563.94321753741	 38464	 25076 0.022343  63091  0
1813	00d.ma	412	395	159	353	233	44	565.68333290747	 45947	 45796 0.02881  91064  0
1814	00d.ma	412	395	196	14	204	384	565.04372260082	 43719	 42666 0.032038  85788  0
1815	00d.ma	412	395	229	181	348	93	519.4163056029	 52546	 26036 0.021134  78191  0
1816	00d.ma	412	395	391	83	336	185	679.943217537409	 31431	 57699 0.021107  88914  0
1817	00d.ma	412	395	310	235	378	72	638.28636328793	 57700	 30745 0.022524  88197  0
1818	00d.ma	412	395	237	377	226	48	561.97265478897	 47181	 42349 0.029835  88890  0
1819	00d.ma	412	395	243	333	270	62	562.759451353421	 53338	 37318 0.027017  90286  0
1820	00d.ma	412	395	207	386	209	20	565.18585822452	 43176	 43508 0.031679  85733  0
1821	00d.ma	412	395	383	379	219	53	644.808224588339	 47480	 43377 0.027825  90465  0
1822	00d.ma	412	395	320	53	227	312	583.10259710394	 32329	 56354 0.025504  88428  0
1823	00d.ma	412	395	208	362	238	22	566.01428534926	 49027	 40752 0.030487  89085  0
1824	00d.ma	412	395	315	297	320	28	645.997041406429	 55203	 35889 0.026678  90663  0
1825	00d.ma	412	395	255	15	303	349	633.854905782729	 43516	 51892 0.030794  95066  0
1826	00d.ma	412	395	283	339	264	33	611.25692603637	 52699	 41198 0.029048  93550  0
1827	00d.ma	412	395	236	42	188	367	569.842712474	 43782	 46950 0.02943  90098  0
1828	00d.ma	412	395	291	54	319	322	634.54119728377	 38973	 53347 0.026876  91975  0
1829	00d.ma	412	395	286	373	228	20	598.89653634302	 50857	 43636 0.032329  94029  0
1830	00d.ma	412	395	275	16	363	317	645.84985514863	 37263	 52326 0.026885  89317  0
1831	00d.ma	412	395	373	368	232	48	649.322943214119	 49576	 42890 0.028052  92153  0
1832	00d.ma	412	395	291	39	202	321	573.45793616319	 35576	 54832 0.027572  90046  0
1833	00d.ma	412	395	236	364	233	12	571.64170234718	 49879	 40457 0.03157  89698  0
1834	00d.ma	412	395	357	118	381	108	695.671139598739	 57701	 32552 0.019635  89975  0
1835	00d.ma	412	395	251	18	312	364	643.825468531169	 44790	 51298 0.031443  95821  0
1836	00d.ma	412	395	181	324	263	7	570.4112549688	 52035	 39047 0.02967  90663  0
1837	00d.ma	412	395	202	319	297	83	570.830519165271	 55683	 34622 0.025111  90022  0
1838	00d.ma	412	395	319	87	322	309	650.369624408509	 36182	 54820 0.023973  90710  0
1839	00d.ma	412	395	361	381	239	92	650.653895655909	 48741	 44052 0.02695  92412  0
1840	00d.ma	412	395	140	7	161	388	570.65894629001	 43859	 34171 0.0295  77471  0
1841	00d.ma	412	395	373	93	237	269	600.5584412266	 28095	 60005 0.023816  87885  0
1842	00d.ma	412	395	361	193	388	79	703.014285349259	 56804	 33236 0.02169  89794  0
1843	00d.ma	412	395	202	342	266	19	577.74220741059	 52734	 38615 0.029909  91015  0
1844	00d.ma	412	395	283	11	168	303	576.06810921828	 37514	 52818 0.028498  89992  0
1845	00d.ma	412	395	335	312	302	23	653.35238046568	 54162	 37088 0.027218  90927  0
1846	00d.ma	412	395	234	72	248	386	573.58787847816	 42923	 46293 0.028927  88467  0
1847	00d.ma	412	395	224	329	297	66	574.617315729721	 55318	 34550 0.026284  89605  0
1848	00d.ma	412	395	385	374	235	102	653.737156776489	 48565	 41602 0.025061  89793  0
1849	00d.ma	412	395	260	37	212	359	577.14422766423	 38801	 51594 0.028985  89967  0
1850	00d.ma	412	395	348	68	253	307	614.80108191371	 31479	 57528 0.025452  88800  0
1851	00d.ma	412	395	367	328	289	82	655.938166903309	 52269	 36970 0.027752  88932  0
1852	00d.ma	412	395	305	388	239	49	621.925973594579	 50132	 43948 0.030684  93740  0
1853	00d.ma	412	395	319	70	335	313	657.683332907469	 36178	 54373 0.024584  90232  0
1854	00d.ma	412	395	346	377	246	113	656.13917703013	 50097	 44006 0.026304  93768  0
1855	00d.ma	412	395	224	348	269	58	571.4163056029	 53119	 36991 0.027737  89781  0
1856	00d.ma	412	395	284	22	173	317	581.511760032211	 38004	 53536 0.028273  91164  0
1857	00d.ma	412	395	342	383	234	115	657.653895655909	 49778	 44738 0.026913  94201  0
1858	00d.ma	412	395	341	313	318	65	657.097546469839	 54151	 36016 0.024571  89890  0
1859	00d.ma	412	395	268	7	304	348	650.754400719319	 42530	 52382 0.030974  94626  0
1860	00d.ma	412	395	305	58	229	319	579.61731572972	 33995	 55589 0.026296  89294  0
1861	00d.ma	412	395	325	318	311	35	659.239682093539	 54366	 37758 0.026888  91785  0
1862	00d.ma	412	395	234	306	327	11	604.39906166007	 55927	 32289 0.027534  87873  0
1863	00d.ma	412	395	279	389	214	10	600.967604154869	 48902	 44563 0.033942  92922  0
1864	00d.ma	412	395	248	327	273	25	583.60007178689	 54326	 37957 0.028807  91958  0
1865	00d.ma	412	395	390	140	316	204	697.612265095619	 27483	 62985 0.021449  90270  0
1866	00d.ma	412	395	291	43	214	338	583.83051916527	 35691	 55014 0.0278  90313  0
1867	00d.ma	412	395	322	76	357	301	657.896536343019	 34452	 54473 0.023572  88693  0
1868	00d.ma	412	395	226	372	252	41	581.315800539491	 49809	 39531 0.029261  88762  0
1869	00d.ma	412	395	318	22	220	310	595.67113959874	 33172	 55375 0.027118  88188  0
1870	00d.ma	412	395	230	7	331	385	656.251875402269	 46423	 50194 0.03293  96335  0
1871	00d.ma	412	395	297	94	347	329	663.967604154869	 37576	 53039 0.024327  89967  0
1872	00d.ma	412	395	389	88	238	266	612.48737341475	 26969	 60145 0.023077  86870  0
1873	00d.ma	412	395	354	208	372	106	700.925973594579	 57244	 33642 0.021516  90633  0
1874	00d.ma	412	395	327	355	290	65	665.298556596659	 51908	 41728 0.027231  93215  0
1875	00d.ma	412	395	212	355	267	18	588.01428534926	 52732	 38375 0.030432  90715  0
1876	00d.ma	412	395	210	7	378	380	663.749350085219	 45154	 48808 0.031264  93604  0
1877	00d.ma	412	395	234	13	247	374	586.78383797088	 41382	 50318 0.032422  91193  0
1878	00d.ma	412	395	380	77	239	180	556.03152929209	 25046	 52829 0.020623  77460  0
1879	00d.ma	412	395	260	22	256	343	586.47012947192	 39075	 53239 0.029891  92019  0
1880	00d.ma	412	395	245	369	237	6	586.85490578273	 50940	 40603 0.032288  91027  0
1881	00d.ma	412	395	287	369	253	12	625.38181771724	 52061	 41825 0.031905  93486  0
1882	00d.ma	412	395	283	356	273	37	625.64170234718	 52706	 40512 0.029468  92924  0
1883	00d.ma	412	395	286	81	166	334	590.08535316111	 39161	 53800 0.025804  92637  0
1884	00d.ma	412	395	327	346	289	54	659.854905782729	 52301	 40863 0.027477  92826  0
1885	00d.ma	412	395	166	363	246	19	593.65389565591	 47889	 44649 0.030732  91912  0
1886	00d.ma	412	395	289	27	310	347	664.168614281689	 41333	 52769 0.02957  93736  0
1887	00d.ma	412	395	368	362	262	38	670.808224588339	 50763	 42270 0.028164  92538  0
1888	00d.ma	412	395	243	59	146	373	592.36962440851	 48315	 44085 0.029054  91864  0
1889	00d.ma	412	395	296	107	180	312	592.42849891163	 34518	 56412 0.02403  90759  0
1890	00d.ma	412	395	302	35	349	325	667.180807590419	 37538	 53413 0.026411  90589  0
1891	00d.ma	412	395	356	71	292	308	641.78383797088	 31717	 57504 0.024836  89000  0
1892	00d.ma	412	395	348	384	246	27	673.080302527009	 50144	 45782 0.031099  95644  0
1893	00d.ma	412	395	377	170	319	152	723.570634535329	 24505	 68173 0.020355  92446  0
1894	00d.ma	412	395	374	74	266	299	638.18585822452	 30345	 58073 0.024481  88214  0
1895	00d.ma	412	395	251	47	334	387	663.340187156949	 45547	 50189 0.03015  95426  0
1896	00d.ma	412	395	322	60	356	320	674.724963467759	 35892	 53812 0.024645  89422  0
1897	00d.ma	412	395	339	342	296	40	671.967604154869	 52607	 39953 0.027488  92078  0
1898	00d.ma	412	395	378	144	337	163	722.641702347179	 27573	 63865 0.020126  91204  0
1899	00d.ma	412	395	304	342	308	51	670.043722600819	 53253	 40575 0.028117  93618  0
1900	00d.ma	412	395	354	52	310	288	663.95541084614	 33802	 56799 0.025584  90373  0
1901	00d.ma	412	395	284	62	224	369	600.78888860498	 37516	 52084 0.027946  89141  0
1902	00d.ma	412	395	239	172	381	48	564.90158697712	 48672	 25721 0.019613  74008  0
1903	00d.ma	412	395	142	369	240	26	600.6955262162	 44654	 48063 0.030559  92197  0
1904	00d.ma	412	395	250	158	373	47	574.11479041267	 47927	 27108 0.019091  74652  0
1905	00d.ma	412	395	216	190	373	100	530.58787847816	 55922	 23401 0.021939  78964  0
1906	00d.ma	412	395	240	14	200	385	598.22748878481	 43411	 47467 0.032208  90368  0
1907	00d.ma	412	395	267	36	226	372	598.38686835134	 38626	 51333 0.029888  89428  0
1908	00d.ma	412	395	263	69	253	380	599.90158697712	 40242	 50395 0.028817  90065  0
1909	00d.ma	412	395	269	16	359	356	677.193000899149	 42245	 51419 0.029425  93231  0
1910	00d.ma	412	395	343	46	186	288	597.35743109978	 32192	 57231 0.025559  89208  0
1911	00d.ma	412	395	275	17	359	353	679.778787336779	 41594	 51647 0.029307  92734  0
1912	00d.ma	412	395	221	166	373	91	551.17366491579	 53732	 24923 0.021288  78190  0
1913	00d.ma	412	395	267	336	288	12	626.71277015903	 54284	 38691 0.029803  92751  0
1914	00d.ma	412	395	313	99	212	331	601.31580053949	 33249	 56309 0.024653  89362  0
1915	00d.ma	412	395	278	39	173	351	602.47012947192	 40575	 52233 0.028554  92469  0
1916	00d.ma	412	395	206	382	264	41	604.97265478897	 49774	 40594 0.029703  89754  0
1917	00d.ma	412	395	306	64	302	356	667.286363287929	 40375	 52842 0.027305  92884  0
1918	00d.ma	412	395	354	349	291	46	677.695526216199	 51977	 40293 0.027014  91804  0
1919	00d.ma	412	395	267	353	279	52	608.18585822452	 53297	 38725 0.028098  91668  0
1920	00d.ma	412	395	231	324	313	100	599.97265478897	 56395	 33017 0.024685  89244  0
1921	00d.ma	412	395	274	22	178	356	608.44069222036	 40772	 52007 0.02986  92441  0
1922	00d.ma	412	395	261	10	213	377	606.91378028585	 39636	 51098 0.031762  90293  0
1923	00d.ma	412	395	289	26	235	352	608.25692603637	 36733	 54471 0.029595  90909  0
1924	00d.ma	412	395	168	351	279	31	608.85490578273	 52232	 40906 0.02903  92719  0
1925	00d.ma	412	395	206	327	309	14	606.15642097296	 55795	 34531 0.028867  89961  0
1926	00d.ma	412	395	227	323	328	87	605.17366491579	 56908	 32351 0.024817  89003  0
1927	00d.ma	412	395	317	55	200	334	606.65894629001	 34816	 55625 0.026992  90176  0
1928	00d.ma	412	395	305	180	382	159	727.026478657989	 65313	 26467 0.021405  91538  0
1929	00d.ma	412	395	332	358	285	12	685.666088964639	 52233	 42144 0.03059  94109  0
1930	00d.ma	412	395	308	20	176	319	607.09754646984	 36146	 55130 0.030838  91022  0
1931	00d.ma	412	395	344	306	354	81	688.997041406429	 55576	 34061 0.023467  89368  0
1932	00d.ma	412	395	375	75	323	293	687.470129471919	 33018	 57115 0.024388  89844  0
1933	00d.ma	412	395	186	347	292	50	602.52900397504	 54039	 38468 0.027823  92212  0
1934	00d.ma	412	395	298	24	234	346	611.67113959874	 35840	 54964 0.029378  90519  0
1935	00d.ma	412	395	207	315	335	37	610.21529547608	 56985	 32758 0.027198  89524  0
1936	00d.ma	412	395	294	23	200	347	609.91378028585	 37374	 54823 0.029518  91973  0
1937	00d.ma	412	395	330	66	181	319	610.45793616319	 34464	 56325 0.026155  90488  0
1938	00d.ma	412	395	344	35	320	316	688.168614281689	 36188	 55401 0.026605  91279  0
1939	00d.ma	412	395	249	110	143	383	612.511760032209	 46820	 44625 0.026627  90704  0
1940	00d.ma	412	395	282	360	296	88	643.91378028585	 53367	 38649 0.026462  91726  0
1941	00d.ma	412	395	313	116	332	334	691.381817717239	 37561	 54136 0.024216  91445  0
1942	00d.ma	412	395	193	299	343	15	617.1269837214	 57121	 32560 0.027186  89470  0
1943	00d.ma	412	395	347	360	300	88	693.139177030129	 51948	 40838 0.025879  92454  0
1944	00d.ma	412	395	294	38	168	344	613.95541084614	 39509	 54020 0.028336  93194  0
1945	00d.ma	412	395	321	36	233	332	615.28636328793	 33520	 55973 0.027555  89327  0
1946	00d.ma	412	395	317	38	303	346	685.085353161109	 40065	 53738 0.028641  93550  0
1947	00d.ma	412	395	299	229	385	161	700.783837970879	 67011	 24613 0.022138  91396  0
1948	00d.ma	412	395	351	230	401	71	737.298556596659	 56868	 33760 0.021905  90383  0
1949	00d.ma	412	395	277	346	311	53	646.87214972556	 54269	 38113 0.027495  92126  0
1950	00d.ma	412	395	218	376	286	41	616.00209204053	 52588	 37591 0.029334  89804  0
1951	00d.ma	412	395	365	70	348	302	698.068109218279	 33587	 56047 0.023736  89439  0
1952	00d.ma	412	395	287	85	231	375	619.34523779105	 37329	 52839 0.027128  89812  0
1953	00d.ma	412	395	286	34	196	366	618.01428534926	 39217	 52850 0.029747  91715  0
1954	00d.ma	412	395	263	366	272	7	624.72496346776	 53197	 38814 0.031722  91675  0
1955	00d.ma	412	395	281	87	173	360	621.25692603637	 39768	 52584 0.026157  92024  0
1956	00d.ma	412	395	344	311	342	24	695.666088964639	 55290	 35354 0.026491  90429  0
1957	00d.ma	412	395	332	293	365	100	689.896536343019	 56976	 32904 0.023347  89594  0
1958	00d.ma	412	395	273	355	310	58	643.52900397504	 54151	 37632 0.027532  91493  0
1959	00d.ma	412	395	338	359	300	32	695.867099091459	 52326	 41349 0.028619  93362  0
1960	00d.ma	412	395	360	40	325	310	698.168614281689	 34845	 55972 0.026078  90547  0
1961	00d.ma	412	395	309	371	296	22	687.068109218279	 52601	 41486 0.030956  93709  0
1962	00d.ma	412	395	240	352	305	48	617.21529547608	 54975	 35879 0.028357  90589  0
1963	00d.ma	412	395	207	385	278	43	620.73001410186	 50718	 39741 0.029687  90114  0
1964	00d.ma	412	395	213	345	322	98	623.48737341475	 56123	 33476 0.025156  89269  0
1965	00d.ma	412	395	212	313	358	89	624.17366491579	 58477	 30797 0.024616  89080  0
1966	00d.ma	412	395	325	90	348	341	700.381817717239	 37944	 53483 0.024897  90994  0
1967	00d.ma	412	395	399	76	217	187	550.54624791787	 22971	 52233 0.020837  74643  0
1968	00d.ma	412	395	304	14	208	351	624.32799384822	 36158	 55059 0.029883  90942  0
1969	00d.ma	412	395	161	354	298	76	621.74220741059	 52793	 40282 0.026445  92747  0
1970	00d.ma	412	395	318	99	186	339	625.08535316111	 35364	 55812 0.025027  90901  0
1971	00d.ma	412	395	297	75	299	385	668.541197283769	 39817	 52300 0.027948  91809  0
1972	00d.ma	412	395	285	358	317	66	662.943217537409	 53872	 38311 0.027089  91928  0
1973	00d.ma	412	395	170	299	354	75	623.52900397504	 57711	 32871 0.024642  90351  0
1974	00d.ma	412	395	217	361	293	10	625.94321753741	 54859	 36358 0.030656  90846  0
1975	00d.ma	412	395	321	58	262	342	638.14422766423	 36315	 55178 0.026954  91098  0
1976	00d.ma	412	395	292	62	173	372	627.94321753741	 41241	 51170 0.027793  92059  0
1977	00d.ma	412	395	296	91	275	370	643.47012947192	 37660	 53541 0.026641  90832  0
1978	00d.ma	412	395	234	215	372	147	621.913780285849	 70071	 21934 0.024483  91766  0
1979	00d.ma	412	395	383	152	241	254	655.470129471919	 23212	 67623 0.023772  90593  0
1980	00d.ma	412	395	190	358	307	88	626.87214972556	 54527	 37417 0.026137  91615  0
1981	00d.ma	412	395	318	13	305	353	701.340187156949	 40083	 53973 0.029943  93784  0
1982	00d.ma	412	395	279	44	280	391	648.440692220359	 40165	 51902 0.030254  91749  0
1983	00d.ma	412	395	333	32	165	319	631.68333290747	 35319	 56418 0.026992  91505  0
1984	00d.ma	412	395	371	363	291	25	707.435641586259	 51587	 41325 0.028574  92388  0
1985	00d.ma	412	395	243	318	330	26	631.45793616319	 56355	 34141 0.027854  90256  0
1986	00d.ma	412	395	291	27	272	372	645.16861428169	 38380	 53593 0.030669  91671  0
1987	00d.ma	412	395	366	69	351	312	709.896536343019	 34126	 55678 0.024048  89563  0
1988	00d.ma	412	395	362	58	309	316	694.327993848219	 35281	 55922 0.025574  90966  0
1989	00d.ma	412	395	353	317	342	16	708.707719524929	 55163	 35572 0.027031  90508  0
1990	00d.ma	412	395	175	346	309	104	630.88434303429	 55314	 37258 0.025172  92278  0
1991	00d.ma	412	395	363	389	279	40	711.908729651749	 50549	 44561 0.029352  94876  0
1992	00d.ma	412	395	336	83	356	340	710.796031279609	 37186	 53679 0.024614  90490  0
1993	00d.ma	412	395	284	51	257	376	626.01428534926	 38555	 52733 0.02929  91016  0
1994	00d.ma	412	395	341	41	200	332	634.45793616319	 33560	 56756 0.027202  90050  0
1995	00d.ma	412	395	329	336	338	18	712.938166903309	 54863	 38105 0.0286  92710  0
1996	00d.ma	412	395	345	365	318	56	712.825468531169	 52303	 40809 0.027522  92764  0
1997	00d.ma	412	395	165	357	307	90	637.05591590955	 53852	 39220 0.026297  92764  0
1998	00d.ma	412	395	340	30	369	322	712.536146649669	 35348	 54715 0.025864  89828  0
1999	00d.ma	412	395	299	7	198	355	633.29855659666	 37217	 54906 0.030381  91883  0
2000	00d.ma	412	395	382	173	349	123	762.813275222439	 26977	 64766 0.018865  91514  0
2001	00d.ma	412	395	302	381	302	32	686.068109218279	 52769	 40311 0.030805  92675  0
2002	00d.ma	412	395	315	97	234	364	639.62950903845	 35334	 55199 0.026151  90190  0
2003	00d.ma	412	395	295	49	289	383	659.854905782729	 39156	 52692 0.029525  91432  0
2004	00d.ma	412	395	317	28	167	343	640.51176003221	 37928	 55201 0.028537  92884  0
2005	00d.ma	412	395	379	378	295	59	715.666088964639	 50855	 42064 0.027639  92593  0
2006	00d.ma	412	395	388	127	218	270	637.700576850299	 24934	 63383 0.023245  88064  0
2007	00d.ma	412	395	171	364	307	71	638.67113959874	 53227	 39593 0.027111  92460  0
2008	00d.ma	412	395	288	387	291	27	666.796031279609	 52801	 39425 0.031148  91893  0
2009	00d.ma	412	395	293	23	243	373	637.81327522244	 37740	 53978 0.030872  91405  0
2010	00d.ma	412	395	282	31	383	378	715.920922960479	 42502	 50777 0.028674  92837  0
2011	00d.ma	412	395	209	192	391	136	569.97265478897	 64810	 21725 0.024549  86226  0
2012	00d.ma	412	395	304	380	321	70	696.712770159029	 53059	 39324 0.028008  91960  0
2013	00d.ma	412	395	293	102	175	369	645.25692603637	 39161	 53220 0.02612  92012  0
2014	00d.ma	412	395	322	22	173	337	640.34018715695	 36514	 55614 0.028578  91824  0
2015	00d.ma	412	395	203	354	325	29	644.18585822452	 55522	 35367 0.02903  90623  0
2016	00d.ma	412	395	340	26	237	334	642.08535316111	 33006	 56739 0.028082  89474  0
2017	00d.ma	412	395	292	29	190	381	643.57063453533	 40285	 52131 0.030833  92105  0
2018	00d.ma	412	395	341	358	336	67	720.925973594579	 53192	 39422 0.026742  92430  0
2019	00d.ma	412	395	185	368	298	16	644.02647865799	 53765	 39436 0.030804  92881  0
2020	00d.ma	412	395	202	359	332	71	645.83051916527	 55602	 35277 0.02732  90547  0
2021	00d.ma	412	395	220	333	365	67	645.37467504261	 57524	 31439 0.026189  88749  0
2022	00d.ma	412	395	167	360	310	36	647.19805153325	 54267	 39595 0.029098  93553  0
2023	00d.ma	412	395	217	358	339	84	646.03152929209	 56117	 33309 0.025877  89123  0
2024	00d.ma	412	395	382	360	288	19	721.648845021809	 51180	 43134 0.028818  93981  0
2025	00d.ma	412	395	243	376	307	38	648.600071786889	 54311	 37092 0.029863  91083  0
2026	00d.ma	412	395	370	81	359	318	723.210244841979	 34014	 55509 0.023088  89290  0
2027	00d.ma	412	395	331	47	248	354	648.94321753741	 34514	 55465 0.027343  89696  0
2028	00d.ma	412	395	254	366	289	106	646.77164466215	 54722	 36018 0.025599  90475  0
2029	00d.ma	412	395	273	345	339	41	675.428498911629	 55366	 36165 0.026947  91308  0
2030	00d.ma	412	395	184	361	325	83	648.28636328793	 55132	 37165 0.025763  91906  0
2031	00d.ma	412	395	379	370	303	28	728.506709398109	 51599	 41099 0.027955  92328  0
2032	00d.ma	412	395	327	87	227	369	649.587878478159	 34969	 55334 0.026208  89993  0
2033	00d.ma	412	395	327	380	326	76	723.055915909549	 52372	 40976 0.027181  93063  0
2034	00d.ma	412	395	309	52	288	391	678.440692220359	 38617	 52963 0.028935  91121  0
2035	00d.ma	412	395	297	46	156	372	646.612265095619	 42381	 51560 0.028325  93609  0
2036	00d.ma	412	395	183	347	332	27	653.29855659666	 55725	 35868 0.028006  91377  0
2037	00d.ma	412	395	358	40	315	349	731.026478657989	 37906	 55048 0.027445  92669  0
2038	00d.ma	412	395	310	90	361	377	726.766594028049	 41769	 51578 0.026131  92886  0
2039	00d.ma	412	395	298	51	232	388	641.65894629001	 37887	 52628 0.029363  90080  0
2040	00d.ma	412	395	217	357	331	20	651.11479041267	 55855	 34229 0.028993  89850  0
2041	00d.ma	412	395	367	48	224	332	653.4163056029	 31456	 57434 0.02599  88669  0
2042	00d.ma	412	395	350	67	157	336	657.81327522244	 35685	 56233 0.02512  91712  0
2043	00d.ma	412	395	173	355	326	31	657.78383797088	 55239	 37703 0.028204  92706  0
2044	00d.ma	412	395	267	352	344	79	669.872149725559	 55505	 34871 0.025382  90128  0
2045	00d.ma	412	395	375	364	327	71	733.666088964639	 52245	 39050 0.025311  90977  0
2046	00d.ma	412	395	292	23	273	392	668.239682093539	 39481	 52788 0.031091  91744  0
2047	00d.ma	412	395	367	54	337	329	723.340187156949	 35835	 55412 0.0254  91022  0
2048	00d.ma	412	395	308	87	245	386	655.043722600819	 37212	 53584 0.027301  90470  0
2049	00d.ma	412	395	364	61	302	333	715.227488784809	 37212	 55371 0.025815  92339  0
2050	00d.ma	412	395	173	384	298	37	656.298556596659	 51541	 41486 0.029377  92690  0
2051	00d.ma	412	395	320	100	174	364	657.470129471919	 37946	 54873 0.025601  92550  0
2052	00d.ma	412	395	392	164	259	171	655.085353161109	 22792	 68304 0.022433  90862  0
2053	00d.ma	412	395	339	50	314	377	725.955410846138	 39578	 53512 0.028016  92827  0
2054	00d.ma	412	395	310	46	381	376	734.879292400189	 41342	 51401 0.02712  92440  0
2055	00d.ma	412	395	321	17	153	348	659.867099091459	 38953	 55126 0.028668  93786  0
2056	00d.ma	412	395	399	74	183	293	654.872149725559	 28938	 58918 0.023272  87636  0
2057	00d.ma	412	395	313	386	334	57	720.783837970878	 53105	 39517 0.028103  92421  0
2058	00d.ma	412	395	379	73	175	305	649.18585822452	 31226	 58069 0.023872  89081  0
2059	00d.ma	412	395	391	154	358	235	786.281312653828	 31444	 59489 0.018916  90742  0
2060	00d.ma	412	395	320	35	169	365	661.783837970879	 39147	 54695 0.028445  93568  0
2061	00d.ma	412	395	329	54	201	380	664.658946290009	 37083	 54724 0.028085  91488  0
2062	00d.ma	412	395	368	66	168	330	664.842712474	 33853	 57269 0.02494  90849  0
2063	00d.ma	412	395	388	146	219	280	665.114790412669	 24428	 65250 0.02323  89331  0
2064	00d.ma	412	395	259	387	311	82	662.771644662149	 53375	 37543 0.027305  90540  0
2065	00d.ma	412	395	346	10	263	327	677.81327522244	 34731	 56305 0.027718  90748  0
2066	00d.ma	412	395	267	303	382	146	709.653895655909	 64165	 27023 0.022825  90943  0
2067	00d.ma	412	395	307	12	291	389	692.251875402269	 38825	 53554 0.031212  91992  0
2068	00d.ma	412	395	379	104	195	319	664.42849891163	 30581	 59396 0.023627  89776  0
2069	00d.ma	412	395	392	386	300	95	741.849855148629	 50842	 41449 0.025203  91823  0
2070	00d.ma	412	395	370	156	297	273	739.310749905389	 26862	 64933 0.021424  91558  0
2071	00d.ma	412	395	250	333	345	8	667.1269837214	 56663	 33743 0.027897  90169  0
2072	00d.ma	412	395	296	111	248	384	665.114790412669	 36621	 54137 0.026057  90450  0
2073	00d.ma	412	395	388	159	244	162	640.470129471919	 22580	 68514 0.022434  90863  0
2074	00d.ma	412	395	296	301	391	142	718.967604154869	 62271	 28721 0.022213  90760  0
2075	00d.ma	412	395	303	39	162	385	666.026478657989	 42351	 51431 0.028871  93244  0
2076	00d.ma	412	395	340	79	171	363	669.014285349259	 37374	 55331 0.0255  92443  0
2077	00d.ma	412	395	328	44	209	385	669.487373414749	 36767	 54815 0.028792  91288  0
2078	00d.ma	412	395	304	25	148	374	667.624458404349	 42432	 52390 0.029687  94450  0
2079	00d.ma	412	395	383	148	256	303	706.683332907469	 26632	 64573 0.023207  90955  0
2080	00d.ma	412	395	372	94	279	334	708.629509038449	 33968	 56570 0.024215  90375  0
2081	00d.ma	412	395	284	310	391	143	716.967604154869	 62506	 28390 0.02264  90677  0
2082	00d.ma	412	395	302	276	376	158	742.724963467759	 64332	 27309 0.021662  91417  0
2083	00d.ma	412	395	383	157	294	282	735.695526216199	 27369	 64256 0.021645  91389  0
2084	00d.ma	412	395	345	52	171	358	671.913780285849	 36769	 55601 0.026773  92114  0
2085	00d.ma	412	395	323	13	163	361	672.381817717239	 39058	 55040 0.029424  93715  0
2086	00d.ma	412	395	327	79	160	375	672.570634535329	 39793	 53464 0.026354  92940  0
2087	00d.ma	412	395	323	355	369	88	747.198051533248	 54963	 37280 0.025102  91971  0
2088	00d.ma	412	395	380	166	309	273	748.967604154869	 26879	 64906 0.021285  91551  0
2089	00d.ma	412	395	342	88	228	374	670.416305602899	 34267	 55587 0.025988  89597  0
2090	00d.ma	412	395	215	329	386	90	670.65894629001	 59072	 30111 0.024352  88994  0
2091	00d.ma	412	395	299	366	356	45	725.470129471919	 54959	 37434 0.027606  92153  0
2092	00d.ma	412	395	336	42	181	369	673.913780285849	 37477	 55286 0.027831  92478  0
2093	00d.ma	412	395	339	28	339	376	753.938166903309	 40831	 53141 0.029991  93650  0
2094	00d.ma	412	395	384	366	328	43	748.879292400189	 52148	 39654 0.026509  91477  0
2095	00d.ma	412	395	367	93	250	329	673.31580053949	 32071	 57852 0.025211  89690  0
2096	00d.ma	412	395	246	364	349	73	671.972654788969	 55817	 33875 0.025833  89444  0
2097	00d.ma	412	395	316	89	163	385	674.470129471919	 40764	 52171 0.02623  92546  0
2098	00d.ma	412	395	391	91	220	329	673.51681066631	 29965	 59071 0.024048  88829  0
2099	00d.ma	412	395	319	376	358	72	747.055915909549	 53918	 38759 0.026633  92423  0
2100	00d.ma	412	395	356	44	303	369	731.126983721399	 37730	 54784 0.027503  92271  0
2101	00d.ma	412	395	246	378	333	39	677.428498911629	 55153	 35948 0.028796  90733  0
2102	00d.ma	412	395	260	348	368	73	686.043722600819	 56613	 32900 0.025241  89247  0
2103	00d.ma	412	395	339	373	353	88	755.825468531169	 53446	 39393 0.025824  92515  0
2104	00d.ma	412	395	316	90	164	388	677.470129471919	 40858	 52008 0.026283  92473  0
2105	00d.ma	412	395	256	347	354	33	677.57063453533	 56366	 33571 0.027063  89731  0
2106	00d.ma	412	395	353	328	385	104	755.251875402268	 56091	 33981 0.022885  89815  0
2107	00d.ma	412	395	221	370	340	6	679.74220741059	 55859	 34117 0.029484  89744  0
2108	00d.ma	412	395	330	25	194	381	681.570634535329	 37676	 55051 0.029637  92501  0
2109	00d.ma	412	395	226	358	365	87	676.17366491579	 57074	 32221 0.025159  89017  0
2110	00d.ma	412	395	269	362	357	81	689.842712473999	 55751	 34043 0.025162  89545  0
2111	00d.ma	412	395	276	387	341	77	697.742207410589	 54366	 36461 0.02692  90475  0
2112	00d.ma	412	395	375	152	251	308	717.511760032209	 26296	 65529 0.022894  91573  0
2113	00d.ma	412	395	389	167	204	273	684.913780285849	 23354	 68081 0.023719  91221  0
2114	00d.ma	412	395	363	58	340	360	749.925973594579	 38424	 54136 0.02637  92295  0
2115	00d.ma	412	395	361	85	152	344	681.369624408509	 35366	 56455 0.024284  91707  0
2116	00d.ma	412	395	305	3	167	387	684.624458404349	 41204	 52851 0.03124  93704  0
2117	00d.ma	412	395	283	111	253	392	680.428498911629	 36859	 53898 0.026618  90452  0
2118	00d.ma	412	395	381	75	158	326	678.399061660069	 33027	 57699 0.024113  90493  0
2119	00d.ma	412	395	326	11	253	375	681.925973594579	 36292	 55028 0.030363  90935  0
2120	00d.ma	412	395	339	76	182	381	681.043722600819	 37774	 54646 0.026871  92142  0
2121	00d.ma	412	395	338	87	269	390	698.984848097699	 36408	 54403 0.026825  90529  0
2122	00d.ma	412	395	380	94	269	340	709.114790412669	 32752	 57254 0.024316  89743  0
2123	00d.ma	412	395	306	5	137	378	686.465078837819	 42785	 52478 0.035165  94993  0
2124	00d.ma	412	395	200	357	365	58	676.4163056029	 56655	 33489 0.026435  89985  0
2125	00d.ma	412	395	374	45	185	348	688.014285349259	 33615	 57161 0.026464  90552  0
2126	00d.ma	412	395	262	345	366	98	691.842712473999	 56902	 32752 0.024811  89426  0
2127	00d.ma	412	395	228	372	360	81	683.51681066631	 56185	 33176 0.026155  89027  0
2128	00d.ma	412	395	261	305	377	165	730.239682093539	 66728	 25593 0.022748  92071  0
2129	00d.ma	412	395	153	382	327	86	685.369624408509	 52876	 40662 0.026374  93179  0
2130	00d.ma	412	395	215	279	384	164	685.428498911629	 68187	 23440 0.023783  91375  0
2131	00d.ma	412	395	237	304	388	165	714.742207410589	 66665	 25158 0.023656  91595  0
2132	00d.ma	412	395	399	168	366	218	809.523953340938	 30853	 60078 0.018464  90764  0
2133	00d.ma	412	395	325	10	389	377	769.104689144469	 40163	 52182 0.028463  91993  0
2134	00d.ma	412	395	152	324	376	103	687.340187156949	 58415	 32959 0.023338  91181  0
2135	00d.ma	412	395	325	388	357	84	757.854905782728	 53543	 39015 0.026639  92298  0
2136	00d.ma	412	395	328	52	137	382	692.997041406429	 42315	 52409 0.027681  94374  0
2137	00d.ma	412	395	280	384	337	13	712.281312653829	 54902	 36869 0.030055  91517  0
2138	00d.ma	412	395	342	56	145	371	691.026478657989	 39980	 54593 0.026976  94278  0
2139	00d.ma	412	395	340	359	381	77	766.511760032208	 54864	 37186 0.025429  91791  0
2140	00d.ma	412	395	303	358	385	84	752.014285349258	 55657	 35556 0.024889  90960  0
2141	00d.ma	412	395	270	387	348	84	705.742207410589	 54867	 35838 0.026552  90437  0
2142	00d.ma	412	395	146	380	339	76	694.955410846139	 53534	 40492 0.026463  93713  0
2143	00d.ma	412	395	343	26	145	363	696.452885529089	 38984	 55294 0.028645  93986  0
2144	00d.ma	412	395	368	103	334	363	764.967604154868	 37573	 54696 0.024882  91983  0
2145	00d.ma	412	395	386	90	237	342	690.286363287929	 30816	 58624 0.024676  89241  0
2146	00d.ma	412	395	370	70	331	378	771.884343034288	 39156	 53888 0.026683  92748  0
2147	00d.ma	412	395	357	37	172	363	694.712770159029	 35989	 55935 0.027482  91688  0
2148	00d.ma	412	395	380	131	295	315	766.938166903309	 32091	 58928 0.022508  90817  0
2149	00d.ma	412	395	389	148	348	303	773.394011025969	 31100	 59639 0.021467  90566  0
2150	00d.ma	412	395	376	173	208	272	693.641702347179	 22971	 70192 0.023827  92884  0
2151	00d.ma	412	395	347	315	382	135	774.879292400189	 58497	 32208 0.022277  90473  0
2152	00d.ma	412	395	359	320	390	130	776.536146649668	 57496	 32615 0.021932  89901  0
2153	00d.ma	412	395	383	135	218	322	698.600071786889	 27806	 62908 0.023381  90487  0
2154	00d.ma	412	395	259	388	348	57	700.357431099779	 54928	 35944 0.028043  90590  0
2155	00d.ma	412	395	213	176	378	173	630.01428534926	 71838	 20600 0.02425  92184  0
2156	00d.ma	412	395	170	341	378	108	698.026478657989	 58341	 32767 0.023752  90886  0
2157	00d.ma	412	395	197	366	373	83	695.901586977119	 56727	 33323 0.02555  89744  0
2158	00d.ma	412	395	378	74	303	366	746.085353161108	 36370	 55331 0.025898  91435  0
2159	00d.ma	412	395	344	24	176	377	699.440692220359	 37778	 55301 0.029544  92852  0
2160	00d.ma	412	395	344	9	342	384	776.050865275449	 41063	 53283 0.030875  94092  0
2161	00d.ma	412	395	356	386	354	46	778.523953340939	 52764	 40569 0.028672  93000  0
2162	00d.ma	412	395	164	389	346	55	705.570634535329	 54163	 39394 0.02798  93210  0
2163	00d.ma	412	395	392	86	231	354	700.830519165269	 31168	 58135 0.025288  89117  0
2164	00d.ma	412	395	373	74	375	361	776.009234715159	 37243	 53898 0.024913  90836  0
2165	00d.ma	412	395	369	368	370	86	779.423448277528	 53738	 37914 0.025002  91346  0
2166	00d.ma	412	395	365	360	377	47	778.837661839898	 54467	 37420 0.02643  91586  0
2167	00d.ma	412	395	382	101	239	355	701.357431099779	 31474	 58215 0.024837  89478  0
2168	00d.ma	412	395	397	168	237	314	728.156420972959	 25606	 66086 0.023616  91426  0
2169	00d.ma	412	395	250	372	359	33	701.570634535329	 55933	 33963 0.02838  89549  0
2170	00d.ma	412	395	376	76	230	373	700.102597103939	 32609	 56592 0.026165  88887  0
2171	00d.ma	412	395	276	351	391	99	733.742207410589	 57342	 32584 0.0246  89714  0
2172	00d.ma	412	395	368	379	365	75	782.109739778568	 53064	 39183 0.026123  91853  0
2173	00d.ma	412	395	385	81	237	363	703.244732727639	 31919	 57440 0.02597  89119  0
2174	00d.ma	412	395	392	126	185	328	705.541197283769	 29991	 60675 0.023392  90486  0
2175	00d.ma	412	395	380	175	207	283	705.399061660069	 23258	 69510 0.02366  92566  0
2176	00d.ma	412	395	361	65	153	374	707.641702347179	 38248	 55370 0.026681  93382  0
2177	00d.ma	412	395	307	326	384	142	779.381817717239	 58948	 31879 0.022343  90622  0
2178	00d.ma	412	395	234	314	379	169	731.227488784809	 67214	 25226 0.023303  92194  0
2179	00d.ma	412	395	348	353	391	105	784.595021152788	 55526	 35637 0.024165  90874  0
2180	00d.ma	412	395	239	372	373	86	703.144227664229	 56564	 32702 0.025853  88977  0
2181	00d.ma	412	395	164	369	373	79	710.913780285849	 56079	 35660 0.025409  91511  0
2182	00d.ma	412	395	259	381	359	39	711.813275222439	 55578	 34755 0.02839  90018  0
2183	00d.ma	412	395	349	91	153	384	711.440692220359	 39185	 54662 0.026064  93529  0
2184	00d.ma	412	395	392	116	282	353	748.612265095619	 32642	 57406 0.024025  89838  0
2185	00d.ma	412	395	388	167	337	305	790.251875402269	 29971	 61043 0.020909  90827  0
2186	00d.ma	412	395	297	379	379	75	746.055915909548	 55353	 35498 0.02618  90517  0
2187	00d.ma	412	395	378	78	198	378	710.416305602899	 33685	 56374 0.026122  89787  0
2188	00d.ma	412	395	381	144	291	321	778.085353161109	 31432	 59421 0.02212  90666  0
2189	00d.ma	412	395	210	360	396	76	707.445742854459	 57851	 31374 0.025815  89028  0
2190	00d.ma	412	395	145	385	349	71	712.440692220359	 54088	 40305 0.027225  94076  0
2191	00d.ma	412	395	214	387	370	54	707.274169979199	 56064	 33663 0.027877  89460  0
2192	00d.ma	412	395	361	40	370	387	794.808224588338	 40250	 52871 0.028254  92639  0
2193	00d.ma	412	395	360	59	345	389	780.168614281689	 40498	 52954 0.027697  93105  0
2194	00d.ma	412	395	349	3	388	367	790.862048457358	 39133	 53287 0.028581  92107  0
2195	00d.ma	412	395	337	34	137	388	715.452885529088	 41868	 53282 0.029251  94865  0
2196	00d.ma	412	395	404	70	282	354	748.600071786889	 32654	 57254 0.025138  89656  0
2197	00d.ma	412	395	395	79	218	370	711.546247917869	 31566	 57681 0.025937  88973  0
2198	00d.ma	412	395	257	380	348	3	713.896536343019	 55450	 34988 0.030144  90131  0
2199	00d.ma	412	395	161	387	361	65	717.327993848219	 55041	 38645 0.027152  93269  0
2200	00d.ma	412	395	389	128	269	328	738.499566723479	 31170	 59339 0.023264  90321  0
2201	00d.ma	412	395	359	53	270	392	726.541197283769	 35648	 55231 0.028048  90684  0
2202	00d.ma	412	395	219	375	391	95	719.587878478159	 57910	 31668 0.025639  89368  0
2203	00d.ma	412	395	382	132	237	331	716.399061660069	 29044	 61921 0.023495  90751  0
2204	00d.ma	412	395	332	326	375	148	797.908729651748	 59168	 31538 0.021956  90484  0
2205	00d.ma	412	395	331	319	372	154	796.565583901229	 59961	 30852 0.021452  90615  0
2206	00d.ma	412	395	160	362	387	79	719.570634535329	 56740	 34653 0.024943  91235  0
2207	00d.ma	412	395	392	121	156	333	717.553390592499	 31322	 59574 0.023307  90722  0
2208	00d.ma	412	395	258	389	346	5	720.482322780649	 55187	 35842 0.030651  90765  0
2209	00d.ma	412	395	375	147	300	326	793.352380465678	 31478	 59376 0.022084  90655  0
2210	00d.ma	412	395	384	387	357	37	797.849855148628	 52565	 40071 0.028061  92265  0
2211	00d.ma	412	395	225	385	376	105	721.215295476079	 56756	 32550 0.025773  89144  0
2212	00d.ma	412	395	367	101	230	388	715.629509038449	 33261	 56132 0.026266  89064  0
2213	00d.ma	412	395	372	71	266	393	733.085353161109	 34854	 55407 0.026977  89975  0
2214	00d.ma	412	395	220	334	388	149	723.357431099779	 63300	 27868 0.023132  90925  0
2215	00d.ma	412	395	363	101	246	382	712.842712473999	 33489	 55986 0.025958  89234  0
2216	00d.ma	412	395	347	35	140	387	722.796031279609	 40955	 54264 0.028955  94935  0
2217	00d.ma	412	395	245	387	374	83	720.386868351339	 55928	 33590 0.026501  89199  0
2218	00d.ma	412	395	208	318	372	152	722.055915909549	 65664	 26276 0.022721  91697  0
2219	00d.ma	412	395	288	359	406	68	759.499566723479	 56984	 32897 0.025256  89642  0
2220	00d.ma	412	395	187	363	399	75	722.215295476079	 57609	 32653 0.025523  90007  0
2221	00d.ma	412	395	386	113	303	382	776.139177030128	 34384	 55812 0.025085  89947  0
2222	00d.ma	412	395	373	46	260	386	728.327993848219	 34137	 55835 0.027889  89664  0
2223	00d.ma	412	395	404	71	316	379	792.541197283768	 35526	 55565 0.026124  90840  0
2224	00d.ma	412	395	390	160	289	327	789.671139598739	 30820	 60058 0.021727  90704  0
2225	00d.ma	412	395	350	51	140	388	723.482322780648	 40790	 54163 0.027902  94645  0
2226	00d.ma	412	395	260	322	382	131	735.256926036369	 60540	 30273 0.023192  90630  0
2227	00d.ma	412	395	351	299	380	176	802.364573774408	 62048	 29234 0.020806  91069  0
2228	00d.ma	412	395	354	301	380	174	803.607214461518	 61609	 29544 0.020487  90946  0
2229	00d.ma	412	395	388	84	362	377	802.695526216198	 37978	 54156 0.026239  91832  0
2230	00d.ma	412	395	369	349	393	126	805.264068710998	 55909	 34343 0.022868  89948  0
2231	00d.ma	412	395	292	325	379	156	792.399061660068	 59961	 30928 0.022003  90716  0
2232	00d.ma	412	395	389	146	351	337	806.636651713078	 32987	 57641 0.022365  90350  0
2233	00d.ma	412	395	392	119	371	357	806.678282273368	 35353	 55395 0.023784  90411  0
2234	00d.ma	412	395	258	341	390	131	735.470129471919	 59823	 30457 0.023599  90092  0
2235	00d.ma	412	395	214	319	378	161	725.327993848219	 66240	 25852 0.023241  91840  0
2236	00d.ma	412	395	401	71	369	363	806.180807590418	 36115	 55132 0.025446  90872  0
2237	00d.ma	412	395	282	334	382	148	776.884343034289	 59780	 30924 0.022944  90520  0
2238	00d.ma	412	395	393	158	202	327	729.913780285849	 27284	 64020 0.02305  91057  0
2239	00d.ma	412	395	397	77	259	368	728.529003975039	 32031	 57268 0.025714  89057  0
2240	00d.ma	412	395	149	385	348	6	730.080302527009	 55115	 39700 0.030241  94471  0
2241	00d.ma	412	395	371	46	143	380	733.997041406428	 38448	 55517 0.027362  93668  0
2242	00d.ma	412	395	394	155	273	321	766.185858224519	 30054	 60927 0.022117  90795  0
2243	00d.ma	412	395	293	322	381	170	805.327993848218	 60808	 30178 0.021191  90798  0
2244	00d.ma	412	395	392	124	246	359	732.470129471919	 30782	 59103 0.024235  89710  0
2245	00d.ma	412	395	357	388	388	82	810.796031279608	 53783	 38822 0.026252  92270  0
2246	00d.ma	412	395	395	167	343	325	812.322943214118	 31148	 59582 0.021311  90528  0
2247	00d.ma	412	395	194	325	396	162	736.470129471919	 64395	 27017 0.023007  91179  0
2248	00d.ma	412	395	389	171	307	330	809.724963467758	 30667	 60232 0.021392  90724  0
2249	00d.ma	412	395	354	53	134	388	730.796031279609	 40865	 54344 0.027812  94936  0
2250	00d.ma	412	395	388	131	287	359	772.754400719318	 32243	 57898 0.023608  89896  0
2251	00d.ma	412	395	391	142	265	344	754.298556596659	 30406	 59968 0.023442  90205  0
2252	00d.ma	412	395	390	127	313	380	802.624458404348	 34267	 56100 0.024594  90085  0
2253	00d.ma	412	395	241	387	382	109	737.499566723479	 56718	 32589 0.025642  89005  0
2254	00d.ma	412	395	198	376	402	72	734.901586977119	 57517	 32417 0.026169  89674  0
2255	00d.ma	412	395	336	329	375	160	812.222438150708	 59451	 31267 0.021594  90501  0
2256	00d.ma	412	395	380	170	331	326	815.080302527008	 30634	 60236 0.021177  90679  0
2257	00d.ma	412	395	390	130	180	353	737.440692220359	 31173	 59589 0.023201  90577  0
2258	00d.ma	412	395	335	347	380	147	814.737156776488	 57712	 33087 0.022741  90559  0
2259	00d.ma	412	395	306	325	379	173	811.281312653828	 60927	 30072 0.02116  90814  0
2260	00d.ma	412	395	394	79	278	391	756.399061660068	 33548	 55951 0.026389  89267  0
2261	00d.ma	412	395	408	67	186	369	740.943217537409	 32369	 57714 0.025982  89813  0
2262	00d.ma	412	395	385	155	222	346	743.428498911629	 28244	 63090 0.023326  91112  0
2263	00d.ma	412	395	243	330	387	157	743.156420972959	 63304	 28125 0.022865  91193  0
2264	00d.ma	412	395	380	174	351	319	820.364573774408	 30506	 60407 0.020923  90730  0
2265	00d.ma	412	395	405	69	185	371	739.529003975039	 32728	 57603 0.025818  90096  0
2266	00d.ma	412	395	391	81	251	388	740.043722600819	 32915	 56360 0.026389  89118  0
2267	00d.ma	412	395	170	379	388	94	739.641702347179	 56607	 34642 0.025225  90945  0
2268	00d.ma	412	395	195	339	377	147	741.369624408509	 62785	 28628 0.022668  91197  0
2269	00d.ma	412	395	368	148	305	345	816.683332907468	 31904	 58932 0.022641  90628  0
2270	00d.ma	412	395	244	332	376	148	742.298556596659	 62934	 28416 0.022847  91124  0
2271	00d.ma	412	395	287	372	387	128	776.724963467758	 57529	 32172 0.024201  89468  0
2272	00d.ma	412	395	149	347	385	131	747.938166903309	 59404	 31539 0.02284  90763  0
2273	00d.ma	412	395	391	130	300	380	792.210244841978	 33042	 56715 0.024397  89446  0
2274	00d.ma	412	395	185	382	400	75	743.043722600819	 56919	 33590 0.026025  90265  0
2275	00d.ma	412	395	407	66	232	380	744.487373414749	 31515	 57688 0.026462  89001  0
2276	00d.ma	412	395	349	323	376	173	824.193000899148	 60251	 30627 0.020839  90682  0
2277	00d.ma	412	395	331	357	384	149	823.423448277528	 57294	 33465 0.023105  90518  0
2278	00d.ma	412	395	175	335	392	157	747.683332907469	 62599	 28789 0.022701  91175  0
2279	00d.ma	412	395	331	388	406	69	814.097546469838	 55177	 36819 0.026581  91673  0
2280	00d.ma	412	395	392	110	163	373	747.168614281689	 34113	 57229 0.024274  91103  0
2281	00d.ma	412	395	384	143	210	362	749.499566723479	 29853	 60769 0.023555  90439  0
2282	00d.ma	412	395	179	317	374	172	750.482322780649	 66408	 25844 0.022494  91990  0
2283	00d.ma	412	395	173	323	380	166	750.482322780649	 64766	 26978 0.022307  91517  0
2284	00d.ma	412	395	266	342	374	146	769.612265095619	 60927	 29838 0.023143  90583  0
2285	00d.ma	412	395	348	369	380	131	829.636651713078	 55967	 35008 0.023992  90680  0
2286	00d.ma	412	395	383	383	397	76	825.322943214118	 53889	 37780 0.025784  91305  0
2287	00d.ma	412	395	264	385	401	73	753.256926036369	 56637	 32561 0.026375  89007  0
2288	00d.ma	412	395	236	368	381	131	751.813275222439	 59644	 30417 0.024364  89893  0
2289	00d.ma	412	395	234	323	377	168	746.399061660069	 65762	 26276 0.022588  91795  0
2290	00d.ma	412	395	342	364	386	143	828.151370338858	 56478	 34322 0.023337  90621  0
2291	00d.ma	412	395	378	149	302	366	812.796031279608	 32268	 58135 0.02335  90151  0
2292	00d.ma	412	395	228	353	372	146	754.570634535329	 62459	 28737 0.02379  90976  0
2293	00d.ma	412	395	307	354	368	150	823.239682093538	 58689	 32096 0.022892  90593  0
2294	00d.ma	412	395	387	141	165	354	756.896536343019	 31028	 59894 0.0229  90747  0
2295	00d.ma	412	395	374	172	232	330	753.126983721399	 26020	 66125 0.022623  91906  0
2296	00d.ma	412	395	382	134	247	364	752.612265095619	 30428	 59624 0.023979  89882  0
2297	00d.ma	412	395	216	351	370	151	753.327993848219	 63213	 28158 0.022934  91139  0
2298	00d.ma	412	395	320	352	384	167	831.867099091458	 58770	 32037 0.022417  90614  0
2299	00d.ma	412	395	391	128	170	369	755.168614281689	 32698	 58405 0.023827  90885  0
2300	00d.ma	412	395	388	137	163	357	756.310749905389	 31517	 59400 0.0229  90735  0
2301	00d.ma	412	395	213	372	382	142	759.842712473999	 60303	 30097 0.023813  90244  0
2302	00d.ma	412	395	384	153	153	340	761.109739778569	 29714	 61380 0.022586  90899  0
2303	00d.ma	412	395	391	115	145	375	757.695526216198	 34989	 56830 0.024068  91640  0
2304	00d.ma	412	395	387	163	357	348	837.950360212038	 32892	 57877 0.02198  90539  0
2305	00d.ma	412	395	268	364	385	141	767.653895655909	 59417	 30564 0.023811  89811  0
2306	00d.ma	412	395	299	351	380	163	816.754400719318	 59295	 31308 0.02238  90419  0
2307	00d.ma	412	395	161	337	373	147	757.452885529089	 62125	 29179 0.022422  91086  0
2308	00d.ma	412	395	217	386	384	131	759.771644662149	 58889	 30980 0.024701  89687  0
2309	00d.ma	412	395	381	145	363	360	837.506709398108	 34062	 56475 0.022904  90369  0
2310	00d.ma	412	395	372	150	255	324	754.813275222439	 28692	 62707 0.022273  91178  0
2311	00d.ma	412	395	408	66	165	380	761.055915909549	 33987	 57194 0.027953  90974  0
2312	00d.ma	412	395	196	342	388	171	761.641702347179	 64081	 27511 0.02248  91354  0
2313	00d.ma	412	395	260	342	370	150	769.269119345099	 61845	 29236 0.022709  90865  0
2314	00d.ma	412	395	242	372	380	137	761.783837970879	 59464	 30528 0.02405  89826  0
2315	00d.ma	412	395	383	131	354	381	841.121933087298	 36256	 55411 0.024299  91379  0
2316	00d.ma	412	395	262	340	367	150	773.440692220359	 62002	 29176 0.022478  90961  0
2317	00d.ma	412	395	390	146	252	362	760.783837970879	 30142	 60112 0.023805  90090  0
2318	00d.ma	412	395	378	166	228	347	760.813275222439	 27541	 63994 0.022677  91290  0
2319	00d.ma	412	395	304	370	373	146	820.210244841978	 58143	 32238 0.023585  90104  0
2320	00d.ma	412	395	381	136	178	368	762.997041406429	 31528	 59236 0.023164  90566  0
2321	00d.ma	412	395	388	166	284	358	804.340187156949	 30459	 59997 0.022737  90274  0
2322	00d.ma	412	395	290	376	379	144	801.867099091458	 58401	 31519 0.023877  89728  0
2323	00d.ma	412	395	394	170	236	352	768.156420972959	 28172	 63179 0.023078  91118  0
2324	00d.ma	412	395	267	376	388	140	775.825468531169	 58705	 31125 0.024219  89649  0
2325	00d.ma	412	395	284	354	377	157	798.239682093538	 59823	 30636 0.022825  90273  0
2326	00d.ma	412	395	405	68	160	384	763.884343034289	 34636	 56751 0.025769  91080  0
2327	00d.ma	412	395	392	130	258	385	769.440692220358	 31753	 57788 0.02467  89312  0
2328	00d.ma	412	395	250	327	376	166	762.470129471919	 63994	 27576 0.022302  91327  0
2329	00d.ma	412	395	151	348	378	146	767.180807590418	 60558	 30420 0.022307  90791  0
2330	00d.ma	412	395	379	156	305	365	821.967604154868	 32183	 58357 0.025304  90296  0
2331	00d.ma	412	395	298	374	374	148	815.695526216198	 58370	 31738 0.023674  89915  0
2332	00d.ma	412	395	306	387	391	149	820.109739778568	 57169	 32550 0.024226  89486  0
2333	00d.ma	412	395	225	364	372	153	767.813275222439	 61938	 29079 0.023337  90804  0
2334	00d.ma	412	395	257	336	377	161	767.783837970879	 62631	 28716 0.022448  91120  0
2335	00d.ma	412	395	383	143	230	380	770.156420972959	 30446	 59602 0.024115  89877  0
2336	00d.ma	412	395	363	382	382	133	847.678282273368	 55348	 36347 0.024212  91328  0
2337	00d.ma	412	395	155	328	379	175	772.352380465679	 64501	 27182 0.02226  91449  0
2338	00d.ma	412	395	313	358	379	176	846.038671966718	 59165	 31545 0.022203  90489  0
2339	00d.ma	412	395	247	344	380	169	767.854905782729	 63754	 27722 0.022725  91240  0
2340	00d.ma	412	395	378	173	312	360	844.310749905388	 31722	 58987 0.022343  90501  0
2341	00d.ma	412	395	378	174	347	351	851.536146649668	 32077	 58734 0.021942  90581  0
2342	00d.ma	412	395	381	151	348	375	851.707719524928	 34506	 56339 0.023262  90643  0
2343	00d.ma	412	395	175	366	381	149	775.239682093539	 60053	 30842 0.022819  90710  0
2344	00d.ma	412	395	375	149	224	375	773.156420972959	 29792	 60721 0.023841  90337  0
2345	00d.ma	412	395	379	176	277	346	806.097546469839	 29342	 61802 0.022026  90937  0
2346	00d.ma	412	395	275	374	383	149	788.210244841978	 59191	 30713 0.023741  89744  0
2347	00d.ma	412	395	388	142	209	389	774.256926036369	 31057	 58982 0.024188  89862  0
2348	00d.ma	412	395	315	363	378	175	850.553390592498	 58886	 31866 0.022387  90542  0
2349	00d.ma	412	395	380	143	347	382	853.050865275448	 35231	 55909 0.024111  90863  0
2350	00d.ma	412	395	355	347	378	174	850.849855148628	 58769	 32037 0.021781  90614  0
2351	00d.ma	412	395	292	359	375	171	823.139177030128	 60117	 30494 0.022486  90420  0
2352	00d.ma	412	395	241	366	373	153	775.440692220359	 61159	 29533 0.023368  90493  0
2353	00d.ma	412	395	194	381	381	146	779.369624408509	 59441	 31038 0.023754  90278  0
2354	00d.ma	412	395	252	381	383	142	779.854905782729	 59021	 30853 0.024315  89707  0
2355	00d.ma	412	395	200	362	377	162	775.541197283769	 62157	 29104 0.022629  91045  0
2356	00d.ma	412	395	387	142	249	383	777.783837970878	 31006	 58849 0.024394  89670  0
2357	00d.ma	412	395	386	140	253	381	776.440692220359	 31035	 58815 0.024329  89647  0
2358	00d.ma	412	395	249	372	387	154	778.783837970879	 60140	 30124 0.023843  90104  0
2359	00d.ma	412	395	369	148	295	378	819.352380465678	 31345	 58705 0.023678  89854  0
2360	00d.ma	412	395	258	351	389	172	781.026478657989	 62534	 28696 0.022929  91008  0
2361	00d.ma	412	395	390	169	276	369	803.068109218279	 30037	 60343 0.02329  90225  0
2362	00d.ma	412	395	380	163	237	367	780.712770159029	 29229	 61680 0.023295  90696  0
2363	00d.ma	412	395	368	150	350	374	861.193000899148	 34023	 56737 0.023223  90591  0
2364	00d.ma	412	395	373	148	204	380	783.055915909549	 30242	 60289 0.023576  90364  0
2365	00d.ma	412	395	377	167	324	373	856.109739778568	 32978	 57773 0.023107  90543  0
2366	00d.ma	412	395	377	371	379	151	860.548339958398	 56070	 34449 0.022922  90218  0
2367	00d.ma	412	395	378	175	355	354	858.849855148628	 32371	 58462 0.021931  90571  0
2368	00d.ma	412	395	367	148	328	383	856.423448277528	 33531	 56956 0.023607  90276  0
2369	00d.ma	412	395	301	373	375	163	829.938166903308	 58841	 31443 0.023549  90068  0
2370	00d.ma	412	395	375	173	168	343	781.624458404349	 27900	 63608 0.022014  91267  0
2371	00d.ma	412	395	320	383	381	155	842.595021152788	 57056	 33206 0.023813  90026  0
2372	00d.ma	412	395	376	165	271	363	797.381817717239	 29686	 60961 0.023077  90467  0
2373	00d.ma	412	395	393	162	295	386	821.695526216198	 31375	 58480 0.023991  89686  0
2374	00d.ma	412	395	174	354	382	173	787.239682093539	 62661	 28733 0.022144  91186  0
2375	00d.ma	412	395	338	371	378	170	863.808224588338	 57636	 33159 0.022753  90516  0
2376	00d.ma	412	395	213	380	367	153	787.399061660069	 61074	 29641 0.023539  90527  0
2377	00d.ma	412	395	323	376	375	168	858.180807590418	 57858	 32791 0.02314  90401  0
2378	00d.ma	412	395	380	158	173	359	778.482322780649	 29958	 61067 0.022502  90841  0
2379	00d.ma	412	395	153	346	381	172	787.352380465678	 62558	 28828 0.022376  91167  0
2380	00d.ma	412	395	385	144	373	385	863.406204334698	 36138	 55379 0.023805  91214  0
2381	00d.ma	412	395	356	377	367	148	866.849855148628	 56522	 34264 0.023343  90497  0
2382	00d.ma	412	395	382	171	333	377	867.080302527008	 33371	 57395 0.023279  90530  0
2383	00d.ma	412	395	385	170	232	372	788.570634535329	 29132	 61853 0.023237  90764  0
2384	00d.ma	412	395	374	146	169	373	788.724963467758	 31167	 59721 0.023018  90706  0
2385	00d.ma	412	395	375	164	299	380	831.837661839898	 31237	 58847 0.023563  89899  0
2386	00d.ma	412	395	382	169	249	365	788.854905782729	 29125	 61868 0.023104  90771  0
2387	00d.ma	412	395	382	150	178	382	790.582827844059	 31554	 59214 0.023307  90569  0
2388	00d.ma	412	395	173	359	379	170	790.896536343019	 62079	 29214 0.022231  91079  0
2389	00d.ma	412	395	396	161	353	382	867.879292400188	 34618	 56264 0.023475  90675  0
2390	00d.ma	412	395	380	144	376	383	866.477272146548	 35744	 55483 0.023709  90947  0
2391	00d.ma	412	395	379	150	186	388	794.511760032208	 31475	 59140 0.023498  90426  0
2392	00d.ma	412	395	390	159	285	391	816.452885529088	 31284	 58485 0.02409  89572  0
2393	00d.ma	412	395	380	168	357	373	870.849855148628	 33739	 56992 0.022721  90454  0
2394	00d.ma	412	395	377	162	256	366	787.825468531169	 29537	 61155 0.023447  90496  0
2395	00d.ma	412	395	242	384	371	149	793.612265095619	 59936	 30246 0.024156  90012  0
2396	00d.ma	412	395	382	170	366	368	870.749350085218	 33565	 57107 0.022579  90433  0
2397	00d.ma	412	395	270	386	371	147	806.381817717238	 59103	 30781 0.024285  89715  0
2398	00d.ma	412	395	239	371	380	170	792.541197283769	 61868	 29125 0.023261  90775  0
2399	00d.ma	412	395	376	172	360	368	872.749350085218	 33303	 57461 0.022433  90508  0
2400	00d.ma	412	395	366	152	277	381	811.352380465678	 30432	 59620 0.023978  89884  0
2401	00d.ma	412	395	187	388	391	162	801.126983721398	 59554	 31086 0.023554  90446  0
2402	00d.ma	412	395	394	169	199	383	798.570634535329	 30117	 60631 0.023249  90558  0
2403	00d.ma	412	395	379	171	212	381	797.742207410589	 29295	 61665 0.023281  90751  0
2404	00d.ma	412	395	375	156	383	374	872.690475582098	 34351	 56115 0.022975  90098  0
2405	00d.ma	412	395	375	161	206	385	795.884343034289	 30047	 60576 0.023502  90441  0
2406	00d.ma	412	395	392	166	233	388	798.085353161109	 30107	 60177 0.023699  90119  0
2407	00d.ma	412	395	389	172	228	382	797.256926036369	 29506	 61202 0.023405  90513  0
2408	00d.ma	412	395	382	149	259	393	800.997041406428	 31204	 58593 0.024497  89601  0
2409	00d.ma	412	395	157	369	375	158	797.180807590418	 60117	 30819 0.022398  90766  0
2410	00d.ma	412	395	154	370	369	151	799.009234715158	 59953	 30974 0.022376  90754  0
2411	00d.ma	412	395	368	382	393	168	879.849855148628	 56244	 34531 0.023151  90626  0
2412	00d.ma	412	395	182	385	386	164	804.269119345098	 59860	 30935 0.023159  90608  0
2413	00d.ma	412	395	342	388	386	171	880.151370338858	 56640	 34144 0.023483  90477  0
2414	00d.ma	412	395	372	380	379	154	870.477272146548	 55928	 34911 0.023226  90542  0
2415	00d.ma	412	395	261	383	368	152	804.724963467758	 59774	 30344 0.024143  89945  0
2416	00d.ma	412	395	376	147	257	391	800.997041406428	 30984	 58878 0.023818  89665  0
2417	00d.ma	412	395	375	171	303	388	846.151370338858	 31198	 58826 0.023135  89855  0
2418	00d.ma	412	395	376	148	171	387	800.724963467758	 32022	 58928 0.023001  90748  0
2419	00d.ma	412	395	293	387	376	170	834.322943214118	 59281	 30683 0.023328  89791  0
2420	00d.ma	412	395	367	150	173	378	800.724963467758	 30859	 60039 0.022522  90724  0
